,,,,"Phase in degrees, ",pt. no.,0,1,2,3,4,5,6,7,8,9,10,11,12,13,14,15,16,17,18,19,20,21,22,23,24,25,26,27,28,29,30,31,32,33,34,35,36,37,38,39,40,41,42,43,44,45,46,47,48,49,50,,,,,,,,,,,,,,,,,,,,,,,,,,,,,,,,,,,,,,,,,,,,,,,,,,,
,,,,,decade points,0,0.08,0.16,0.24,0.32,0.4,0.48,0.56,0.64,0.72,0.8,0.88,0.96,1.04,1.12,1.2,1.28,1.36,1.44,1.52,1.6,1.68,1.76,1.84,1.92,2,2.08,2.16,2.24,2.32,2.4,2.48,2.56,2.64,2.72,2.8,2.88,2.96,3.04,3.12,3.2,3.28,3.36,3.44,3.52,3.6,3.68,3.76,3.84,3.92,4,,,,,,,,,,,,,,,,,,,,,,,,,,,,,,,,,,,,,,,,,,,,,,,,,,,
,,,,,Frequency ,100,120.2264435,144.5439771,173.7800829,208.9296131,251.1886432,301.995172,363.0780548,436.5158322,524.8074602,630.9573445,758.577575,912.0108394,1096.478196,1318.256739,1584.893192,1905.460718,2290.867653,2754.228703,3311.311215,3981.071706,4786.300923,5754.399373,6918.309709,8317.637711,10000,12022.64435,14454.39771,17378.00829,20892.96131,25118.86432,30199.5172,36307.80548,43651.58322,52480.74602,63095.73445,75857.7575,91201.08394,109647.8196,131825.6739,158489.3192,190546.0718,229086.7653,275422.8703,331131.1215,398107.1706,478630.0923,575439.9373,691830.9709,831763.7711,1000000,,,,,,,,,,,,,,,,,,,,,,,,,,,,,,,,,,,,,,,,,,,,,,,,,,,
csv no.,Sr. No.,Sample_no.,Fruit,,Time(min),,,,,,,,,,,,,,,,,,,,,,,,,,,,,,,,,,,,,,,,,,,,,,,,,,,,,,,,,,,,,,,,,,,,,,,,,,,,,,,,,,,,,,,,,,,,,,,,,,,,,,
E498x002.csv,1,1,Mosambi,Impedance,0,73.8,65.9,59,53,47.8,43.3,39.5,36.3,33.7,31.6,29.9,28.6,27.5,26.7,26,25.5,25.1,24.8,24.6,24.4,24.3,24.1,24,24,23.9,23.9,23.8,23.8,23.8,23.7,23.7,23.7,23.7,23.7,23.7,23.7,23.6,23.6,23.6,23.6,23.6,23.6,23.6,23.6,23.6,23.6,23.6,23.6,23.6,23.7,23.7,,,,,,,,,,,,,,,,,,,,,,,,,,,,,,,,,,,,,,,,,,,,,,,,,,,
E498x002.csv,2,1,Mosambi,Phase,0,-58.8,-57.1,-55,-52.5,-49.8,-46.7,-43.4,-39.9,-36.3,-32.7,-29.1,-25.7,-22.6,-19.7,-17.1,-14.7,-12.7,-10.8,-9.28,-7.92,-6.75,-5.75,-4.9,-4.17,-3.54,-3.01,-2.56,-2.17,-1.85,-1.57,-1.33,-1.13,-0.96,-0.81,-0.68,-0.57,-0.48,-0.39,-0.32,-0.25,-0.19,-0.12,-0.06,0,0.06,0.13,0.21,0.29,0.39,0.5,0.63,,,,,,,,,,,,,,,,,,,,,,,,,,,,,,,,,,,,,,,,,,,,,,,,,,,
E498x003.csv,3,1,Mosambi,Impedance,2,77.7,70.2,63.8,58.2,53.4,49.3,45.9,43.1,40.8,38.9,37.4,36.1,35.2,34.4,33.8,33.4,33,32.7,32.4,32.3,32.1,32,31.9,31.8,31.7,31.7,31.6,31.6,31.6,31.5,31.5,31.5,31.5,31.5,31.4,31.4,31.4,31.4,31.4,31.4,31.4,31.4,31.4,31.4,31.4,31.4,31.4,31.4,31.4,31.4,31.5,,,,,,,,,,,,,,,,,,,,,,,,,,,,,,,,,,,,,,,,,,,,,,,,,,,
E498x003.csv,4,1,Mosambi,Phase,2,-53.4,-51.1,-48.5,-45.7,-42.7,-39.5,-36.2,-32.9,-29.5,-26.3,-23.3,-20.5,-17.9,-15.5,-13.4,-11.5,-9.93,-8.51,-7.29,-6.23,-5.33,-4.55,-3.88,-3.31,-2.82,-2.41,-2.05,-1.75,-1.5,-1.28,-1.09,-0.94,-0.8,-0.68,-0.59,-0.5,-0.43,-0.37,-0.31,-0.27,-0.22,-0.19,-0.15,-0.12,-0.09,-0.06,-0.03,0,0.04,0.07,0.11,,,,,,,,,,,,,,,,,,,,,,,,,,,,,,,,,,,,,,,,,,,,,,,,,,,
E498x004.csv,5,1,Mosambi,Impedance,4,79.2,71.5,64.8,59.1,54.2,49.9,46.4,43.5,41.1,39.1,37.6,36.3,35.3,34.6,34,33.5,33.1,32.8,32.6,32.4,32.2,32.1,32,31.9,31.9,31.8,31.8,31.7,31.7,31.7,31.6,31.6,31.6,31.6,31.6,31.6,31.6,31.6,31.5,31.5,31.5,31.5,31.5,31.5,31.5,31.5,31.5,31.5,31.6,31.6,31.6,,,,,,,,,,,,,,,,,,,,,,,,,,,,,,,,,,,,,,,,,,,,,,,,,,,
E498x004.csv,6,1,Mosambi,Phase,4,-53.8,-51.6,-49,-46.3,-43.3,-40.1,-36.8,-33.4,-30,-26.8,-23.7,-20.8,-18.1,-15.7,-13.6,-11.7,-10,-8.61,-7.36,-6.29,-5.36,-4.57,-3.9,-3.32,-2.83,-2.41,-2.05,-1.75,-1.49,-1.27,-1.08,-0.93,-0.79,-0.68,-0.58,-0.49,-0.42,-0.36,-0.3,-0.26,-0.22,-0.18,-0.14,-0.11,-0.08,-0.05,-0.02,0.01,0.05,0.09,0.13,,,,,,,,,,,,,,,,,,,,,,,,,,,,,,,,,,,,,,,,,,,,,,,,,,,
E498x005.csv,7,1,Mosambi,Impedance,6,79.9,72.1,65.3,59.5,54.5,50.2,46.6,43.7,41.2,39.3,37.7,36.4,35.4,34.6,34,33.5,33.2,32.9,32.6,32.4,32.3,32.2,32.1,32,31.9,31.9,31.8,31.8,31.8,31.7,31.7,31.7,31.7,31.7,31.7,31.7,31.6,31.6,31.6,31.6,31.6,31.6,31.6,31.6,31.6,31.6,31.6,31.6,31.6,31.7,31.7,,,,,,,,,,,,,,,,,,,,,,,,,,,,,,,,,,,,,,,,,,,,,,,,,,,
E498x005.csv,8,1,Mosambi,Phase,6,-54,-51.8,-49.2,-46.5,-43.5,-40.3,-37,-33.6,-30.2,-26.9,-23.8,-20.9,-18.2,-15.8,-13.7,-11.7,-10.1,-8.63,-7.38,-6.3,-5.37,-4.58,-3.9,-3.32,-2.83,-2.41,-2.05,-1.74,-1.48,-1.26,-1.08,-0.92,-0.79,-0.67,-0.57,-0.49,-0.42,-0.35,-0.3,-0.25,-0.21,-0.17,-0.14,-0.11,-0.08,-0.05,-0.01,0.02,0.05,0.09,0.14,,,,,,,,,,,,,,,,,,,,,,,,,,,,,,,,,,,,,,,,,,,,,,,,,,,
E498x006.csv,9,2,Mosambi,Impedance,0,73.51,66.23,59.96,54.52,49.86,45.89,42.55,39.78,37.5,35.64,34.15,32.95,31.99,31.22,30.61,30.13,29.74,29.43,29.18,28.99,28.82,28.7,28.59,28.5,28.43,28.37,28.33,28.29,28.25,28.23,28.2,28.18,28.17,28.15,28.14,28.13,28.12,28.11,28.1,28.09,28.09,28.08,28.08,28.08,28.08,28.08,28.09,28.1,28.11,28.14,28.17,,,,,,,,,,,,,,,,,,,,,,,,,,,,,,,,,,,,,,,,,,,,,,,,,,,
E498x006.csv,10,2,Mosambi,Phase,0,-54.38,-52.19,-49.74,-47.01,-44.06,-40.9,-37.6,-34.24,-30.89,-27.62,-24.52,-21.61,-18.94,-16.52,-14.34,-12.41,-10.71,-9.22,-7.92,-6.8,-5.82,-4.99,-4.26,-3.64,-3.11,-2.66,-2.27,-1.94,-1.65,-1.41,-1.2,-1.03,-0.88,-0.74,-0.63,-0.53,-0.45,-0.37,-0.3,-0.24,-0.17,-0.12,-0.06,0,0.07,0.14,0.21,0.3,0.4,0.51,0.64,,,,,,,,,,,,,,,,,,,,,,,,,,,,,,,,,,,,,,,,,,,,,,,,,,,
E498x008.csv,11,2,Mosambi,Impedance,2,83.29,75.95,69.76,64.47,59.99,56.21,53.07,50.48,48.38,46.68,45.32,44.24,43.38,42.69,42.15,41.71,41.37,41.09,40.86,40.68,40.53,40.41,40.31,40.23,40.16,40.1,40.05,40.01,39.98,39.95,39.93,39.91,39.89,39.87,39.86,39.84,39.83,39.82,39.82,39.81,39.81,39.8,39.8,39.8,39.8,39.8,39.81,39.82,39.84,39.87,39.92,,,,,,,,,,,,,,,,,,,,,,,,,,,,,,,,,,,,,,,,,,,,,,,,,,,
E498x008.csv,12,2,Mosambi,Phase,2,-48.86,-46.21,-43.39,-40.39,-37.27,-34.07,-30.85,-27.69,-24.64,-21.77,-19.1,-16.67,-14.48,-12.53,-10.81,-9.3,-7.99,-6.85,-5.87,-5.03,-4.3,-3.68,-3.14,-2.69,-2.3,-1.96,-1.68,-1.43,-1.23,-1.05,-0.9,-0.77,-0.66,-0.57,-0.49,-0.42,-0.36,-0.31,-0.26,-0.22,-0.19,-0.16,-0.13,-0.1,-0.08,-0.05,-0.02,0,0.04,0.07,0.11,,,,,,,,,,,,,,,,,,,,,,,,,,,,,,,,,,,,,,,,,,,,,,,,,,,
E498x009.csv,13,2,Mosambi,Impedance,4,84.72,77.24,70.93,65.52,60.94,57.08,53.87,51.23,49.09,47.36,45.98,44.88,44.01,43.32,42.77,42.34,41.99,41.72,41.49,41.31,41.17,41.05,40.95,40.87,40.8,40.74,40.69,40.65,40.62,40.59,40.57,40.55,40.53,40.51,40.5,40.49,40.48,40.47,40.46,40.46,40.45,40.44,40.44,40.44,40.44,40.44,40.45,40.46,40.49,40.52,40.57,,,,,,,,,,,,,,,,,,,,,,,,,,,,,,,,,,,,,,,,,,,,,,,,,,,
E498x009.csv,14,2,Mosambi,Phase,4,-48.94,-46.32,-43.51,-40.51,-37.39,-34.18,-30.95,-27.78,-24.71,-21.82,-19.13,-16.68,-14.48,-12.52,-10.78,-9.27,-7.96,-6.82,-5.84,-4.99,-4.27,-3.64,-3.11,-2.66,-2.27,-1.94,-1.65,-1.41,-1.21,-1.03,-0.88,-0.76,-0.65,-0.56,-0.48,-0.41,-0.35,-0.3,-0.26,-0.22,-0.19,-0.15,-0.13,-0.1,-0.08,-0.05,-0.03,0,0.03,0.06,0.1,,,,,,,,,,,,,,,,,,,,,,,,,,,,,,,,,,,,,,,,,,,,,,,,,,,
E498x010.csv,15,2,Mosambi,Impedance,6,85.39,77.85,71.48,66.01,61.39,57.49,54.25,51.59,49.43,47.68,46.29,45.19,44.32,43.63,43.08,42.64,42.3,42.02,41.8,41.62,41.47,41.35,41.25,41.17,41.11,41.05,41,40.96,40.93,40.9,40.88,40.86,40.84,40.82,40.81,40.8,40.79,40.78,40.77,40.77,40.76,40.76,40.75,40.75,40.75,40.75,40.76,40.78,40.8,40.83,40.88,,,,,,,,,,,,,,,,,,,,,,,,,,,,,,,,,,,,,,,,,,,,,,,,,,,
E498x010.csv,16,2,Mosambi,Phase,6,-49,-46.36,-43.55,-40.56,-37.44,-34.22,-30.98,-27.8,-24.73,-21.83,-19.13,-16.68,-14.47,-12.5,-10.77,-9.25,-7.94,-6.8,-5.82,-4.97,-4.25,-3.63,-3.1,-2.64,-2.25,-1.92,-1.64,-1.4,-1.2,-1.02,-0.88,-0.75,-0.64,-0.55,-0.47,-0.4,-0.35,-0.3,-0.25,-0.22,-0.18,-0.15,-0.13,-0.1,-0.08,-0.05,-0.03,0,0.03,0.06,0.09,,,,,,,,,,,,,,,,,,,,,,,,,,,,,,,,,,,,,,,,,,,,,,,,,,,
E498x011.csv,17,3,Mosambi,Impedance,0,72.89,65.63,59.31,53.81,49.11,45.1,41.75,38.98,36.73,34.92,33.48,32.34,31.45,30.75,30.21,29.78,29.44,29.18,28.97,28.8,28.67,28.56,28.47,28.39,28.33,28.28,28.24,28.21,28.18,28.15,28.13,28.11,28.1,28.08,28.07,28.06,28.05,28.04,28.03,28.03,28.02,28.02,28.01,28.01,28.01,28.01,28.02,28.03,28.04,28.07,28.1,,,,,,,,,,,,,,,,,,,,,,,,,,,,,,,,,,,,,,,,,,,,,,,,,,,
E498x011.csv,18,3,Mosambi,Phase,0,-55.04,-52.89,-50.44,-47.69,-44.68,-41.43,-38.02,-34.51,-31.02,-27.61,-24.37,-21.35,-18.59,-16.11,-13.9,-11.95,-10.26,-8.79,-7.52,-6.43,-5.49,-4.69,-4,-3.42,-2.91,-2.49,-2.12,-1.81,-1.55,-1.32,-1.13,-0.97,-0.82,-0.7,-0.6,-0.51,-0.43,-0.35,-0.29,-0.23,-0.17,-0.12,-0.06,-0.01,0.05,0.11,0.18,0.26,0.36,0.46,0.58,,,,,,,,,,,,,,,,,,,,,,,,,,,,,,,,,,,,,,,,,,,,,,,,,,,
E498x012.csv,19,3,Mosambi,Impedance,2,83.85,76.22,69.74,64.16,59.43,55.43,52.09,49.34,47.1,45.3,43.85,42.7,41.79,41.06,40.49,40.03,39.66,39.37,39.13,38.94,38.78,38.66,38.55,38.46,38.39,38.33,38.28,38.24,38.21,38.18,38.15,38.13,38.11,38.09,38.08,38.07,38.05,38.04,38.03,38.03,38.02,38.02,38.01,38.01,38.01,38.01,38.02,38.03,38.05,38.08,38.13,,,,,,,,,,,,,,,,,,,,,,,,,,,,,,,,,,,,,,,,,,,,,,,,,,,
E498x012.csv,20,3,Mosambi,Phase,2,-49.83,-47.37,-44.7,-41.82,-38.77,-35.59,-32.35,-29.13,-26.01,-23.03,-20.25,-17.7,-15.4,-13.34,-11.52,-9.92,-8.53,-7.32,-6.27,-5.37,-4.6,-3.93,-3.36,-2.87,-2.45,-2.09,-1.79,-1.53,-1.31,-1.12,-0.96,-0.82,-0.7,-0.6,-0.51,-0.44,-0.37,-0.32,-0.27,-0.23,-0.19,-0.15,-0.12,-0.08,-0.05,-0.02,0.01,0.05,0.09,0.13,0.19,,,,,,,,,,,,,,,,,,,,,,,,,,,,,,,,,,,,,,,,,,,,,,,,,,,
E498x013.csv,21,3,Mosambi,Impedance,4,84.61,76.83,70.21,64.51,59.68,55.59,52.18,49.38,47.09,45.25,43.78,42.61,41.68,40.95,40.37,39.9,39.54,39.24,39,38.81,38.66,38.53,38.42,38.34,38.27,38.21,38.16,38.12,38.08,38.05,38.03,38.01,37.99,37.97,37.96,37.95,37.93,37.92,37.92,37.91,37.9,37.9,37.89,37.89,37.89,37.9,37.9,37.92,37.94,37.97,38.01,,,,,,,,,,,,,,,,,,,,,,,,,,,,,,,,,,,,,,,,,,,,,,,,,,,
E498x013.csv,22,3,Mosambi,Phase,4,-50.22,-47.79,-45.13,-42.25,-39.2,-36,-32.75,-29.5,-26.34,-23.33,-20.52,-17.93,-15.59,-13.51,-11.65,-10.03,-8.62,-7.39,-6.33,-5.42,-4.63,-3.96,-3.38,-2.89,-2.46,-2.1,-1.79,-1.53,-1.31,-1.12,-0.96,-0.82,-0.7,-0.6,-0.51,-0.44,-0.37,-0.31,-0.26,-0.22,-0.18,-0.14,-0.11,-0.08,-0.04,-0.01,0.02,0.06,0.1,0.15,0.2,,,,,,,,,,,,,,,,,,,,,,,,,,,,,,,,,,,,,,,,,,,,,,,,,,,
E498x014.csv,23,3,Mosambi,Impedance,6,85.25,77.39,70.7,64.93,60.03,55.89,52.44,49.6,47.29,45.43,43.94,42.76,41.82,41.08,40.5,40.03,39.66,39.37,39.13,38.94,38.78,38.65,38.55,38.46,38.4,38.34,38.29,38.25,38.21,38.18,38.16,38.14,38.12,38.1,38.09,38.08,38.07,38.06,38.05,38.04,38.04,38.03,38.03,38.03,38.03,38.03,38.04,38.05,38.07,38.1,38.15,,,,,,,,,,,,,,,,,,,,,,,,,,,,,,,,,,,,,,,,,,,,,,,,,,,
E498x014.csv,24,3,Mosambi,Phase,6,-50.35,-47.93,-45.28,-42.4,-39.35,-36.15,-32.89,-29.63,-26.46,-23.43,-20.61,-18.01,-15.66,-13.56,-11.7,-10.06,-8.65,-7.41,-6.35,-5.43,-4.64,-3.96,-3.38,-2.89,-2.46,-2.1,-1.79,-1.53,-1.31,-1.12,-0.95,-0.81,-0.7,-0.59,-0.51,-0.43,-0.37,-0.31,-0.26,-0.22,-0.18,-0.14,-0.11,-0.07,-0.04,-0.01,0.03,0.06,0.1,0.15,0.2,,,,,,,,,,,,,,,,,,,,,,,,,,,,,,,,,,,,,,,,,,,,,,,,,,,
E498x015.csv,25,4,Mosambi,Impedance,0,69.14,62.04,55.92,50.62,46.08,42.23,39.01,36.36,34.19,32.43,31.03,29.91,29.03,28.33,27.78,27.35,27.01,26.74,26.52,26.35,26.21,26.09,26,25.93,25.87,25.81,25.77,25.74,25.7,25.68,25.66,25.64,25.62,25.61,25.59,25.58,25.57,25.56,25.55,25.55,25.54,25.54,25.53,25.53,25.53,25.53,25.54,25.55,25.56,25.58,25.61,,,,,,,,,,,,,,,,,,,,,,,,,,,,,,,,,,,,,,,,,,,,,,,,,,,
E498x015.csv,26,4,Mosambi,Phase,0,-55.41,-53.29,-50.88,-48.16,-45.18,-41.96,-38.57,-35.09,-31.62,-28.23,-25,-21.98,-19.21,-16.71,-14.46,-12.48,-10.74,-9.22,-7.9,-6.77,-5.79,-4.95,-4.23,-3.61,-3.08,-2.63,-2.25,-1.92,-1.64,-1.4,-1.2,-1.02,-0.87,-0.74,-0.63,-0.53,-0.44,-0.36,-0.29,-0.23,-0.17,-0.1,-0.04,0.02,0.09,0.16,0.25,0.34,0.45,0.57,0.72,,,,,,,,,,,,,,,,,,,,,,,,,,,,,,,,,,,,,,,,,,,,,,,,,,,
E498x016.csv,27,4,Mosambi,Impedance,2,80.83,73.64,67.57,62.39,58,54.32,51.25,48.74,46.7,45.05,43.73,42.68,41.84,41.18,40.65,40.23,39.89,39.62,39.4,39.22,39.08,38.96,38.86,38.77,38.7,38.64,38.59,38.55,38.51,38.48,38.45,38.43,38.41,38.39,38.36,38.34,38.33,38.31,38.3,38.29,38.28,38.27,38.26,38.25,38.25,38.25,38.25,38.25,38.27,38.29,38.34,,,,,,,,,,,,,,,,,,,,,,,,,,,,,,,,,,,,,,,,,,,,,,,,,,,
E498x016.csv,28,4,Mosambi,Phase,2,-48.95,-46.31,-43.5,-40.51,-37.39,-34.18,-30.95,-27.78,-24.73,-21.85,-19.18,-16.74,-14.54,-12.58,-10.86,-9.34,-8.03,-6.89,-5.91,-5.06,-4.34,-3.71,-3.18,-2.72,-2.33,-2,-1.71,-1.47,-1.26,-1.09,-0.94,-0.81,-0.7,-0.61,-0.53,-0.46,-0.4,-0.35,-0.31,-0.27,-0.24,-0.21,-0.18,-0.15,-0.13,-0.1,-0.07,-0.04,-0.01,0.03,0.07,,,,,,,,,,,,,,,,,,,,,,,,,,,,,,,,,,,,,,,,,,,,,,,,,,,
E498x017.csv,29,4,Mosambi,Impedance,4,82.69,75.23,68.92,63.52,58.95,55.11,51.91,49.29,47.16,45.45,44.09,43,42.14,41.46,40.92,40.49,40.15,39.88,39.66,39.48,39.34,39.22,39.12,39.04,38.97,38.91,38.87,38.83,38.79,38.76,38.74,38.71,38.69,38.68,38.66,38.65,38.63,38.62,38.61,38.6,38.59,38.58,38.58,38.57,38.57,38.57,38.57,38.58,38.59,38.62,38.66,,,,,,,,,,,,,,,,,,,,,,,,,,,,,,,,,,,,,,,,,,,,,,,,,,,
E498x017.csv,30,4,Mosambi,Phase,4,-49.47,-46.89,-44.12,-41.14,-38.02,-34.8,-31.54,-28.32,-25.22,-22.28,-19.55,-17.05,-14.81,-12.8,-11.04,-9.49,-8.15,-6.98,-5.98,-5.12,-4.38,-3.74,-3.2,-2.74,-2.34,-2,-1.72,-1.47,-1.26,-1.08,-0.93,-0.81,-0.7,-0.6,-0.52,-0.46,-0.4,-0.35,-0.3,-0.27,-0.23,-0.2,-0.18,-0.15,-0.12,-0.1,-0.07,-0.04,-0.01,0.03,0.07,,,,,,,,,,,,,,,,,,,,,,,,,,,,,,,,,,,,,,,,,,,,,,,,,,,
E498x018.csv,31,4,Mosambi,Impedance,6,86.46,78.65,72.04,66.37,61.58,57.54,54.19,51.44,49.22,47.44,46.01,44.89,44,43.3,42.75,42.31,41.97,41.69,41.47,41.29,41.15,41.03,40.93,40.85,40.79,40.73,40.68,40.64,40.61,40.58,40.56,40.53,40.51,40.5,40.48,40.47,40.45,40.44,40.43,40.42,40.41,40.4,40.4,40.39,40.39,40.39,40.39,40.4,40.41,40.44,40.48,,,,,,,,,,,,,,,,,,,,,,,,,,,,,,,,,,,,,,,,,,,,,,,,,,,
E498x018.csv,32,4,Mosambi,Phase,6,-49.55,-47,-44.24,-41.26,-38.14,-34.9,-31.62,-28.39,-25.26,-22.3,-19.54,-17.03,-14.76,-12.75,-10.97,-9.42,-8.08,-6.91,-5.91,-5.05,-4.31,-3.68,-3.15,-2.69,-2.29,-1.96,-1.68,-1.44,-1.23,-1.06,-0.91,-0.78,-0.68,-0.58,-0.51,-0.44,-0.39,-0.34,-0.3,-0.26,-0.23,-0.2,-0.18,-0.15,-0.13,-0.11,-0.09,-0.06,-0.03,0,0.03,,,,,,,,,,,,,,,,,,,,,,,,,,,,,,,,,,,,,,,,,,,,,,,,,,,
E498x019.csv,33,5,Mosambi,Impedance,0,77.12,69.37,62.77,57.07,52.2,48.08,44.64,41.8,39.5,37.65,36.18,35.02,34.1,33.38,32.81,32.36,32.01,31.72,31.5,31.31,31.17,31.05,30.95,30.86,30.8,30.74,30.69,30.65,30.61,30.58,30.56,30.53,30.51,30.5,30.48,30.47,30.46,30.45,30.44,30.43,30.42,30.41,30.41,30.41,30.41,30.41,30.41,30.42,30.44,30.46,30.5,,,,,,,,,,,,,,,,,,,,,,,,,,,,,,,,,,,,,,,,,,,,,,,,,,,
E498x019.csv,34,5,Mosambi,Phase,0,-54.93,-52.62,-50.05,-47.19,-44.09,-40.76,-37.3,-33.78,-30.29,-26.92,-23.73,-20.78,-18.09,-15.68,-13.53,-11.65,-10.01,-8.59,-7.36,-6.3,-5.39,-4.61,-3.94,-3.37,-2.88,-2.46,-2.1,-1.8,-1.54,-1.31,-1.12,-0.96,-0.82,-0.7,-0.6,-0.5,-0.42,-0.35,-0.28,-0.22,-0.16,-0.11,-0.05,0.01,0.07,0.14,0.21,0.3,0.39,0.5,0.64,,,,,,,,,,,,,,,,,,,,,,,,,,,,,,,,,,,,,,,,,,,,,,,,,,,
E498x020.csv,35,5,Mosambi,Impedance,2,83.13,75.82,69.74,64.58,60.24,56.61,53.6,51.13,49.14,47.54,46.26,45.25,44.45,43.82,43.32,42.92,42.61,42.36,42.15,41.98,41.85,41.74,41.64,41.57,41.5,41.44,41.4,41.36,41.32,41.29,41.26,41.24,41.22,41.2,41.18,41.16,41.15,41.13,41.12,41.11,41.09,41.08,41.07,41.06,41.05,41.05,41.04,41.05,41.06,41.08,41.13,,,,,,,,,,,,,,,,,,,,,,,,,,,,,,,,,,,,,,,,,,,,,,,,,,,
E498x020.csv,36,5,Mosambi,Phase,2,-48.48,-45.66,-42.71,-39.62,-36.42,-33.17,-29.92,-26.76,-23.73,-20.9,-18.28,-15.9,-13.77,-11.88,-10.22,-8.77,-7.52,-6.44,-5.51,-4.71,-4.03,-3.45,-2.95,-2.52,-2.16,-1.85,-1.59,-1.36,-1.17,-1.01,-0.87,-0.76,-0.66,-0.57,-0.5,-0.44,-0.38,-0.34,-0.3,-0.26,-0.23,-0.2,-0.17,-0.15,-0.12,-0.08,-0.05,-0.01,0.04,0.09,0.15,,,,,,,,,,,,,,,,,,,,,,,,,,,,,,,,,,,,,,,,,,,,,,,,,,,
E498x021.csv,37,5,Mosambi,Impedance,4,84.94,77.35,71.01,65.61,61.06,57.25,54.1,51.53,49.45,47.79,46.46,45.42,44.6,43.95,43.44,43.03,42.71,42.46,42.25,42.09,41.95,41.84,41.75,41.67,41.61,41.55,41.51,41.47,41.43,41.4,41.38,41.35,41.33,41.31,41.3,41.28,41.27,41.25,41.24,41.23,41.21,41.2,41.19,41.18,41.17,41.17,41.17,41.17,41.18,41.21,41.25,,,,,,,,,,,,,,,,,,,,,,,,,,,,,,,,,,,,,,,,,,,,,,,,,,,
E498x021.csv,38,5,Mosambi,Phase,4,-49.2,-46.44,-43.52,-40.43,-37.22,-33.92,-30.62,-27.39,-24.3,-21.39,-18.7,-16.25,-14.07,-12.13,-10.42,-8.94,-7.65,-6.55,-5.59,-4.78,-4.08,-3.49,-2.98,-2.54,-2.18,-1.86,-1.59,-1.37,-1.17,-1.01,-0.87,-0.75,-0.65,-0.57,-0.49,-0.43,-0.38,-0.33,-0.29,-0.26,-0.22,-0.2,-0.17,-0.14,-0.11,-0.08,-0.04,0,0.04,0.1,0.16,,,,,,,,,,,,,,,,,,,,,,,,,,,,,,,,,,,,,,,,,,,,,,,,,,,
E498x022.csv,39,5,Mosambi,Impedance,6,85.99,78.24,71.73,66.19,61.52,57.61,54.38,51.75,49.62,47.92,46.57,45.51,44.67,44.01,43.5,43.09,42.77,42.51,42.3,42.14,42,41.89,41.8,41.72,41.66,41.61,41.56,41.52,41.49,41.46,41.43,41.41,41.39,41.37,41.36,41.34,41.33,41.31,41.3,41.29,41.28,41.27,41.26,41.25,41.24,41.23,41.23,41.24,41.25,41.28,41.32,,,,,,,,,,,,,,,,,,,,,,,,,,,,,,,,,,,,,,,,,,,,,,,,,,,
E498x022.csv,40,5,Mosambi,Phase,6,-49.6,-46.88,-43.97,-40.88,-37.65,-34.34,-31.01,-27.74,-24.61,-21.65,-18.93,-16.45,-14.23,-12.26,-10.53,-9.03,-7.73,-6.61,-5.64,-4.82,-4.11,-3.51,-3,-2.56,-2.18,-1.87,-1.6,-1.37,-1.17,-1.01,-0.87,-0.75,-0.65,-0.56,-0.49,-0.43,-0.37,-0.33,-0.29,-0.25,-0.22,-0.19,-0.16,-0.13,-0.1,-0.07,-0.04,0,0.05,0.1,0.16,,,,,,,,,,,,,,,,,,,,,,,,,,,,,,,,,,,,,,,,,,,,,,,,,,,
E498x023.csv,41,6,Mosambi,Impedance,0,70.25,62.89,56.53,51.03,46.36,42.41,39.13,36.43,34.25,32.51,31.13,30.05,29.2,28.54,28.02,27.62,27.3,27.07,26.76,26.64,26.51,26.4,26.32,26.25,26.2,26.16,26.12,26.09,26.07,26.05,26.03,26.02,26.01,26,25.99,25.98,25.97,25.97,25.96,25.96,25.96,25.96,25.96,25.96,25.96,25.96,25.97,25.98,26,26.02,26.05,,,,,,,,,,,,,,,,,,,,,,,,,,,,,,,,,,,,,,,,,,,,,,,,,,,
E498x023.csv,42,6,Mosambi,Phase,0,-56.19,-54.06,-51.6,-48.82,-45.74,-42.41,-38.9,-35.29,-31.7,-28.2,-24.87,-21.78,-18.95,-16.41,-14.16,-12.17,-10.45,-8.96,-7.67,-6.53,-5.58,-4.76,-4.06,-3.46,-2.95,-2.52,-2.15,-1.83,-1.56,-1.33,-1.13,-0.97,-0.82,-0.7,-0.59,-0.49,-0.41,-0.33,-0.26,-0.19,-0.13,-0.06,0,0.07,0.14,0.22,0.32,0.42,0.54,0.68,0.85,,,,,,,,,,,,,,,,,,,,,,,,,,,,,,,,,,,,,,,,,,,,,,,,,,,
E498x024.csv,43,6,Mosambi,Impedance,2,74.52,67.68,61.89,56.95,52.78,49.28,46.39,44.02,42.11,40.58,39.36,38.39,37.63,37.03,36.56,36.18,35.88,35.65,35.45,35.3,35.17,35.06,34.98,34.91,34.85,34.8,34.75,34.72,34.69,34.66,34.64,34.62,34.6,34.59,34.58,34.56,34.55,34.55,34.54,34.53,34.53,34.52,34.52,34.52,34.52,34.52,34.53,34.54,34.56,34.59,34.63,,,,,,,,,,,,,,,,,,,,,,,,,,,,,,,,,,,,,,,,,,,,,,,,,,,
E498x024.csv,44,6,Mosambi,Phase,2,-49.92,-47.3,-44.47,-41.44,-38.27,-34.98,-31.67,-28.41,-25.26,-22.29,-19.53,-17.01,-14.75,-12.74,-10.97,-9.43,-8.09,-6.93,-5.94,-5.08,-4.34,-3.71,-3.18,-2.71,-2.32,-1.98,-1.7,-1.45,-1.24,-1.06,-0.91,-0.78,-0.67,-0.57,-0.48,-0.41,-0.35,-0.29,-0.24,-0.19,-0.15,-0.11,-0.07,-0.03,0.02,0.06,0.11,0.17,0.24,0.31,0.4,,,,,,,,,,,,,,,,,,,,,,,,,,,,,,,,,,,,,,,,,,,,,,,,,,,
E498x025.csv,45,6,Mosambi,Impedance,4,75.97,68.91,62.95,57.84,53.54,49.92,46.93,44.48,42.51,40.93,39.68,38.69,37.92,37.31,36.82,36.45,36.15,35.91,35.71,35.56,35.43,35.33,35.24,35.17,35.11,35.06,35.02,34.99,34.96,34.93,34.91,34.89,34.87,34.86,34.85,34.84,34.83,34.82,34.81,34.81,34.8,34.8,34.79,34.79,34.79,34.79,34.8,34.81,34.83,34.86,34.9,,,,,,,,,,,,,,,,,,,,,,,,,,,,,,,,,,,,,,,,,,,,,,,,,,,
E498x025.csv,46,6,Mosambi,Phase,4,-50.34,-47.74,-44.94,-41.92,-38.75,-35.45,-32.11,-28.81,-25.62,-22.59,-19.79,-17.23,-14.93,-12.88,-11.08,-9.51,-8.16,-6.98,-5.97,-5.1,-4.36,-3.72,-3.18,-2.71,-2.32,-1.98,-1.69,-1.44,-1.23,-1.05,-0.9,-0.77,-0.66,-0.56,-0.48,-0.4,-0.34,-0.28,-0.23,-0.19,-0.15,-0.1,-0.06,-0.02,0.02,0.07,0.12,0.17,0.24,0.31,0.4,,,,,,,,,,,,,,,,,,,,,,,,,,,,,,,,,,,,,,,,,,,,,,,,,,,
E498x026.csv,47,6,Mosambi,Impedance,6,76.77,69.61,63.55,58.36,53.98,50.3,47.26,44.78,42.77,41.17,39.9,38.9,38.12,37.5,37.02,36.63,36.33,36.09,35.9,35.74,35.62,35.52,35.43,35.36,35.3,35.25,35.21,35.18,35.15,35.12,35.1,35.08,35.07,35.05,35.04,35.03,35.02,35.01,35,35,34.99,34.99,34.99,34.99,34.99,34.99,35,35.01,35.03,35.06,35.1,,,,,,,,,,,,,,,,,,,,,,,,,,,,,,,,,,,,,,,,,,,,,,,,,,,
E498x026.csv,48,6,Mosambi,Phase,6,-50.51,-47.94,-45.15,-42.13,-38.95,-35.65,-32.3,-28.98,-25.77,-22.73,-19.9,-17.32,-15,-12.94,-11.13,-9.55,-8.18,-7,-5.98,-5.11,-4.36,-3.72,-3.18,-2.71,-2.31,-1.97,-1.68,-1.44,-1.23,-1.05,-0.89,-0.76,-0.65,-0.55,-0.47,-0.4,-0.34,-0.28,-0.23,-0.18,-0.14,-0.1,-0.06,-0.02,0.02,0.07,0.12,0.17,0.23,0.31,0.39,,,,,,,,,,,,,,,,,,,,,,,,,,,,,,,,,,,,,,,,,,,,,,,,,,,
E498x027.csv,49,7,Mosambi,Impedance,0,68.59,61.57,55.54,50.33,45.9,42.14,39.02,36.45,34.36,32.69,31.36,30.3,29.47,28.81,28.3,27.9,27.58,27.32,27.12,26.97,26.84,26.74,26.65,26.59,26.53,26.49,26.46,26.43,26.4,26.38,26.37,26.35,26.34,26.33,26.33,26.32,26.32,26.31,26.31,26.31,26.31,26.3,26.31,26.31,26.31,26.32,26.32,26.34,26.35,26.38,26.42,,,,,,,,,,,,,,,,,,,,,,,,,,,,,,,,,,,,,,,,,,,,,,,,,,,
E498x027.csv,50,7,Mosambi,Phase,0,-55.69,-53.45,-50.91,-48.08,-44.98,-41.65,-38.17,-34.62,-31.11,-27.7,-24.47,-21.47,-18.73,-16.26,-14.06,-12.12,-10.43,-8.95,-7.68,-6.57,-5.62,-4.81,-4.11,-3.51,-3,-2.56,-2.18,-1.87,-1.59,-1.36,-1.16,-0.99,-0.84,-0.72,-0.61,-0.51,-0.43,-0.35,-0.28,-0.22,-0.16,-0.1,-0.04,0.02,0.09,0.16,0.24,0.33,0.44,0.56,0.7,,,,,,,,,,,,,,,,,,,,,,,,,,,,,,,,,,,,,,,,,,,,,,,,,,,
E498x028.csv,51,7,Mosambi,Impedance,2,75.93,69.12,63.4,58.51,54.39,50.92,48.05,45.68,43.76,42.2,40.95,39.94,39.13,38.48,37.96,37.54,37.2,36.93,36.7,36.52,36.37,36.24,36.14,36.06,35.99,35.93,35.88,35.84,35.81,35.78,35.75,35.73,35.71,35.69,35.68,35.67,35.66,35.65,35.64,35.63,35.62,35.62,35.61,35.61,35.61,35.61,35.61,35.62,35.64,35.66,35.71,,,,,,,,,,,,,,,,,,,,,,,,,,,,,,,,,,,,,,,,,,,,,,,,,,,
E498x028.csv,52,7,Mosambi,Phase,2,-49.18,-46.51,-43.67,-40.65,-37.51,-34.29,-31.06,-27.9,-24.86,-22,-19.35,-16.93,-14.75,-12.81,-11.08,-9.57,-8.25,-7.1,-6.1,-5.24,-4.49,-3.85,-3.3,-2.82,-2.42,-2.07,-1.77,-1.52,-1.3,-1.11,-0.96,-0.82,-0.7,-0.6,-0.52,-0.44,-0.38,-0.32,-0.27,-0.23,-0.19,-0.15,-0.12,-0.08,-0.05,-0.01,0.03,0.07,0.12,0.18,0.25,,,,,,,,,,,,,,,,,,,,,,,,,,,,,,,,,,,,,,,,,,,,,,,,,,,
E498x029.csv,53,7,Mosambi,Impedance,4,77.43,70.41,64.48,59.42,55.15,51.56,48.58,46.15,44.16,42.56,41.27,40.24,39.42,38.76,38.23,37.8,37.46,37.18,36.95,36.77,36.62,36.5,36.4,36.31,36.24,36.18,36.14,36.1,36.06,36.03,36.01,35.99,35.97,35.95,35.94,35.93,35.91,35.91,35.9,35.89,35.88,35.88,35.87,35.87,35.87,35.87,35.87,35.88,35.9,35.93,35.97,,,,,,,,,,,,,,,,,,,,,,,,,,,,,,,,,,,,,,,,,,,,,,,,,,,
E498x029.csv,54,7,Mosambi,Phase,4,-49.67,-47.03,-44.2,-41.18,-38.02,-34.77,-31.51,-28.3,-25.21,-22.31,-19.61,-17.15,-14.93,-12.96,-11.21,-9.67,-8.33,-7.16,-6.15,-5.27,-4.52,-3.87,-3.31,-2.83,-2.42,-2.07,-1.77,-1.52,-1.3,-1.11,-0.95,-0.82,-0.7,-0.6,-0.51,-0.44,-0.38,-0.32,-0.27,-0.23,-0.19,-0.15,-0.12,-0.08,-0.05,-0.01,0.03,0.07,0.12,0.18,0.25,,,,,,,,,,,,,,,,,,,,,,,,,,,,,,,,,,,,,,,,,,,,,,,,,,,
E498x030.csv,55,7,Mosambi,Impedance,6,78.54,71.37,65.3,60.11,55.74,52.07,49.03,46.54,44.51,42.88,41.57,40.52,39.68,39.01,38.48,38.05,37.7,37.42,37.19,37.01,36.86,36.74,36.64,36.55,36.48,36.43,36.38,36.34,36.3,36.27,36.25,36.23,36.21,36.19,36.18,36.17,36.16,36.15,36.14,36.13,36.12,36.12,36.11,36.11,36.11,36.11,36.11,36.12,36.14,36.17,36.21,,,,,,,,,,,,,,,,,,,,,,,,,,,,,,,,,,,,,,,,,,,,,,,,,,,
E498x030.csv,56,7,Mosambi,Phase,6,-49.94,-47.33,-44.5,-41.48,-38.31,-35.04,-31.76,-28.52,-25.41,-22.48,-19.75,-17.27,-15.03,-13.04,-11.27,-9.72,-8.37,-7.19,-6.17,-5.29,-4.53,-3.88,-3.32,-2.84,-2.43,-2.07,-1.77,-1.52,-1.3,-1.11,-0.95,-0.81,-0.7,-0.6,-0.51,-0.44,-0.37,-0.32,-0.27,-0.23,-0.19,-0.15,-0.12,-0.08,-0.05,-0.01,0.03,0.07,0.12,0.18,0.25,,,,,,,,,,,,,,,,,,,,,,,,,,,,,,,,,,,,,,,,,,,,,,,,,,,
E498x031.csv,57,8,Mosambi,Impedance,0,66.58,59.56,53.49,48.22,43.73,39.95,36.8,34.2,32.1,30.4,29.06,27.99,27.14,26.48,25.96,25.55,25.23,24.98,24.78,24.61,24.48,24.38,24.29,24.22,24.17,24.12,24.08,24.05,24.02,24,23.98,23.96,23.94,23.93,23.92,23.91,23.9,23.9,23.89,23.89,23.88,23.88,23.88,23.88,23.88,23.88,23.88,23.89,23.91,23.93,23.96,,,,,,,,,,,,,,,,,,,,,,,,,,,,,,,,,,,,,,,,,,,,,,,,,,,
E498x031.csv,58,8,Mosambi,Phase,0,-56.88,-54.74,-52.31,-49.56,-46.49,-43.17,-39.68,-36.1,-32.51,-29.01,-25.66,-22.54,-19.67,-17.09,-14.78,-12.74,-10.96,-9.41,-8.06,-6.9,-5.9,-5.04,-4.31,-3.68,-3.14,-2.68,-2.28,-1.95,-1.66,-1.41,-1.2,-1.02,-0.87,-0.73,-0.61,-0.51,-0.42,-0.33,-0.25,-0.18,-0.11,-0.03,0.04,0.12,0.21,0.3,0.41,0.53,0.68,0.85,1.05,,,,,,,,,,,,,,,,,,,,,,,,,,,,,,,,,,,,,,,,,,,,,,,,,,,
E498x0--.csv,59,8,Mosambi,Impedance,2,,,,,,,,,,,,,,,,,,,,,,,,,,,,,,,,,,,,,,,,,,,,,,,,,,,,,,,,,,,,,,,,,,,,,,,,,,,,,,,,,,,,,,,,,,,,,,,,,,,,,,
E498x0--.csv,60,8,Mosambi,Phase,2,,,,,,,,,,,,,,,,,,,,,,,,,,,,,,,,,,,,,,,,,,,,,,,,,,,,,,,,,,,,,,,,,,,,,,,,,,,,,,,,,,,,,,,,,,,,,,,,,,,,,,
E498x032.csv,61,8,Mosambi,Impedance,4,77.62,70.39,64.28,59.05,54.64,50.95,47.89,45.4,43.38,41.77,40.48,39.47,38.66,38.03,37.54,37.15,36.84,36.59,36.39,36.23,36.11,36,35.92,35.85,35.79,35.74,35.7,35.66,35.63,35.61,35.58,35.57,35.55,35.53,35.52,35.51,35.5,35.49,35.48,35.47,35.47,35.46,35.46,35.45,35.45,35.45,35.45,35.46,35.48,35.51,35.55,78.59614487,71.22152992,64.96580757,59.62346038,55.13224346,51.3656689,48.24813395,45.70096107,43.64559099,42.00118865,40.69461245,39.66408956,38.85284364,38.21591684,37.7157902,37.32171811,37.01160081,36.76531815,36.56913575,36.41151894,36.28383611,36.18124828,36.09672039,36.02648824,35.96932128,35.92100364,35.88017248,35.84556523,35.81709941,35.79189374,35.77043808,35.75213802,35.73569188,35.72091428,35.70821729,35.69709851,35.68702018,35.67772721,35.66955027,35.66231214,35.65545831,35.64948818,35.6440927,35.6403277,35.63804873,35.63853215,35.64194166,35.65116299,35.6670593,35.69308148,35.73431595
E498x032.csv,62,8,Mosambi,Phase,4,-50.44,-47.83,-45.01,-41.97,-38.78,-35.47,-32.12,-28.83,-25.64,-22.63,-19.83,-17.28,-14.98,-12.93,-11.13,-9.55,-8.19,-7,-5.99,-5.11,-4.36,-3.73,-3.18,-2.71,-2.31,-1.97,-1.69,-1.44,-1.23,-1.05,-0.9,-0.77,-0.66,-0.57,-0.48,-0.41,-0.35,-0.3,-0.25,-0.21,-0.16,-0.13,-0.09,-0.05,-0.01,0.04,0.09,0.14,0.21,0.28,0.37,-50.79292937,-48.22092953,-45.40472711,-42.3579563,-39.15296206,-35.83286125,-32.46259539,-29.12699002,-25.90507103,-22.85377098,-20.01894519,-17.43226378,-15.10336907,-13.03288667,-11.20649922,-9.612295682,-8.232113707,-7.03674787,-6.010014036,-5.128463405,-4.373833712,-3.729447086,-3.178866669,-2.709886862,-2.310516758,-1.970370216,-1.680768591,-1.434395176,-1.224627737,-1.046856167,-0.8945136872,-0.7653547764,-0.6544960568,-0.5595990517,-0.4781465597,-0.4077124211,-0.3465658428,-0.2927911095,-0.2450989391,-0.2018145738,-0.1614698474,-0.1234116809,-0.08552821104,-0.04688427832,-0.006503853776,0.03780839655,0.08645585158,0.1419560766,0.2050705664,0.2790229799,0.3658092379
E498x033.csv,63,8,Mosambi,Impedance,6,79.18,71.72,65.38,59.97,55.41,51.58,48.43,45.85,43.77,42.11,40.79,39.76,38.94,38.3,37.8,37.41,37.1,36.85,36.66,36.5,36.38,36.27,36.19,36.12,36.06,36.02,35.98,35.94,35.91,35.89,35.87,35.85,35.83,35.82,35.81,35.79,35.78,35.77,35.77,35.76,35.75,35.75,35.74,35.74,35.73,35.73,35.74,35.75,35.76,35.79,35.83,,,,,,,,,,,,,,,,,,,,,,,,,,,,,,,,,,,,,,,,,,,,,,,,,,,
E498x033.csv,64,8,Mosambi,Phase,6,-51.05,-48.48,-45.66,-42.61,-39.4,-36.05,-32.66,-29.3,-26.05,-22.98,-20.12,-17.51,-15.17,-13.08,-11.24,-9.64,-8.25,-7.05,-6.02,-5.13,-4.37,-3.73,-3.18,-2.71,-2.31,-1.96,-1.67,-1.43,-1.22,-1.04,-0.89,-0.76,-0.65,-0.55,-0.47,-0.4,-0.34,-0.29,-0.24,-0.2,-0.16,-0.12,-0.08,-0.05,-0.01,0.04,0.08,0.14,0.2,0.27,0.36,,,,,,,,,,,,,,,,,,,,,,,,,,,,,,,,,,,,,,,,,,,,,,,,,,,
E498x034.csv,65,9,Mosambi,Impedance,0,75.43,67.81,61.28,55.62,50.78,46.66,43.21,40.37,38.05,36.18,34.7,33.52,32.6,31.87,31.3,30.85,30.5,30.21,29.99,29.8,29.65,29.53,29.43,29.35,29.28,29.23,29.18,29.14,29.1,29.07,29.05,29.03,29.01,28.99,28.98,28.97,28.95,28.94,28.94,28.93,28.92,28.92,28.91,28.91,28.91,28.91,28.92,28.93,28.95,28.97,29.01,,,,,,,,,,,,,,,,,,,,,,,,,,,,,,,,,,,,,,,,,,,,,,,,,,,
E498x034.csv,66,9,Mosambi,Phase,0,-54.68,-52.53,-50.11,-47.39,-44.41,-41.19,-37.81,-34.34,-30.88,-27.51,-24.3,-21.31,-18.58,-16.13,-13.94,-12.02,-10.34,-8.88,-7.62,-6.53,-5.59,-4.79,-4.1,-3.51,-3,-2.57,-2.2,-1.88,-1.61,-1.38,-1.18,-1.01,-0.86,-0.74,-0.63,-0.53,-0.45,-0.37,-0.3,-0.24,-0.18,-0.12,-0.06,0,0.06,0.13,0.2,0.29,0.38,0.49,0.62,,,,,,,,,,,,,,,,,,,,,,,,,,,,,,,,,,,,,,,,,,,,,,,,,,,
E498x035.csv,67,9,Mosambi,Impedance,2,80.33,72.97,66.79,61.52,57.07,53.33,50.24,47.7,45.65,44.01,42.7,41.66,40.84,40.19,39.68,39.27,38.95,38.69,38.49,38.32,38.18,38.07,37.98,37.9,37.84,37.78,37.74,37.7,37.67,37.64,37.62,37.6,37.58,37.56,37.55,37.54,37.53,37.52,37.51,37.5,37.5,37.49,37.48,37.48,37.48,37.48,37.49,37.5,37.52,37.54,37.59,,,,,,,,,,,,,,,,,,,,,,,,,,,,,,,,,,,,,,,,,,,,,,,,,,,
E498x035.csv,68,9,Mosambi,Phase,2,-50.27,-47.59,-44.73,-41.67,-38.48,-35.17,-31.84,-28.56,-25.39,-22.4,-19.63,-17.11,-14.84,-12.82,-11.04,-9.48,-8.14,-6.97,-5.96,-5.1,-4.36,-3.72,-3.18,-2.72,-2.32,-1.98,-1.69,-1.45,-1.24,-1.06,-0.91,-0.78,-0.67,-0.58,-0.49,-0.42,-0.36,-0.31,-0.26,-0.22,-0.18,-0.14,-0.11,-0.07,-0.04,0,0.04,0.09,0.14,0.2,0.27,,,,,,,,,,,,,,,,,,,,,,,,,,,,,,,,,,,,,,,,,,,,,,,,,,,
E498x036.csv,69,9,Mosambi,Impedance,4,82.14,74.54,68.12,62.63,57.99,54.1,50.88,48.24,46.11,44.41,43.05,41.98,41.14,40.47,39.95,39.53,39.2,38.94,38.73,38.56,38.42,38.31,38.22,38.14,38.08,38.02,37.98,37.94,37.91,37.88,37.86,37.84,37.82,37.8,37.79,37.78,37.77,37.76,37.75,37.74,37.73,37.73,37.72,37.72,37.72,37.72,37.72,37.73,37.75,37.78,37.82,,,,,,,,,,,,,,,,,,,,,,,,,,,,,,,,,,,,,,,,,,,,,,,,,,,
E498x036.csv,70,9,Mosambi,Phase,4,-50.69,-48.08,-45.26,-42.22,-39.02,-35.7,-32.34,-29.02,-25.81,-22.77,-19.95,-17.38,-15.06,-13.01,-11.19,-9.61,-8.24,-7.05,-6.03,-5.15,-4.4,-3.75,-3.2,-2.73,-2.33,-1.99,-1.7,-1.45,-1.24,-1.06,-0.91,-0.78,-0.67,-0.57,-0.49,-0.42,-0.36,-0.31,-0.26,-0.22,-0.18,-0.14,-0.11,-0.07,-0.04,0,0.04,0.09,0.14,0.2,0.27,,,,,,,,,,,,,,,,,,,,,,,,,,,,,,,,,,,,,,,,,,,,,,,,,,,
E498x037.csv,71,9,Mosambi,Impedance,6,83.11,75.39,68.84,63.23,58.5,54.53,51.24,48.55,46.38,44.64,43.26,42.17,41.31,40.64,40.11,39.69,39.36,39.1,38.88,38.71,38.57,38.46,38.37,38.29,38.23,38.18,38.13,38.09,38.06,38.04,38.01,37.99,37.97,37.96,37.94,37.93,37.92,37.91,37.9,37.89,37.89,37.88,37.87,37.87,37.87,37.87,37.87,37.89,37.9,37.93,37.98,,,,,,,,,,,,,,,,,,,,,,,,,,,,,,,,,,,,,,,,,,,,,,,,,,,
E498x037.csv,72,9,Mosambi,Phase,6,-50.9,-48.32,-45.51,-42.48,-39.28,-35.96,-32.59,-29.24,-26.01,-22.95,-20.11,-17.51,-15.17,-13.1,-11.27,-9.67,-8.29,-7.09,-6.06,-5.18,-4.42,-3.77,-3.22,-2.74,-2.34,-2,-1.7,-1.45,-1.24,-1.06,-0.91,-0.78,-0.67,-0.57,-0.49,-0.42,-0.36,-0.3,-0.26,-0.21,-0.18,-0.14,-0.1,-0.07,-0.03,0,0.05,0.09,0.14,0.2,0.27,,,,,,,,,,,,,,,,,,,,,,,,,,,,,,,,,,,,,,,,,,,,,,,,,,,
E498x038.csv,73,10,Mosambi,Impedance,0,75.93,68.11,61.41,55.63,50.73,46.63,43.18,40.35,38.07,36.24,34.79,33.65,32.76,32.07,31.53,31.11,30.78,30.53,30.33,30.17,30.04,29.94,29.86,29.79,29.74,29.7,29.66,29.63,29.61,29.58,29.57,29.55,29.54,29.53,29.52,29.51,29.5,29.49,29.49,29.49,29.48,29.48,29.48,29.48,29.48,29.49,29.49,29.51,29.52,29.55,29.59,,,,,,,,,,,,,,,,,,,,,,,,,,,,,,,,,,,,,,,,,,,,,,,,,,,
E498x038.csv,74,10,Mosambi,Phase,0,-55.94,-53.63,-51.03,-48.11,-44.93,-41.57,-38.03,-34.42,-30.84,-27.38,-24.1,-21.06,-18.3,-15.82,-13.62,-11.68,-10.01,-8.55,-7.3,-6.23,-5.31,-4.52,-3.85,-3.28,-2.79,-2.38,-2.03,-1.73,-1.48,-1.26,-1.08,-0.92,-0.78,-0.67,-0.57,-0.48,-0.4,-0.34,-0.27,-0.22,-0.16,-0.11,-0.05,0,0.06,0.12,0.19,0.27,0.36,0.46,0.58,,,,,,,,,,,,,,,,,,,,,,,,,,,,,,,,,,,,,,,,,,,,,,,,,,,
E498x039.csv,75,10,Mosambi,Impedance,2,77.14,69.92,63.88,58.74,54.42,50.81,47.83,45.41,43.46,41.9,40.66,39.69,38.92,38.33,37.86,37.49,37.2,36.97,36.79,36.65,36.53,36.43,36.35,36.29,36.24,36.19,36.15,36.12,36.1,36.07,36.05,36.03,36.02,36,35.99,35.98,35.97,35.97,35.96,35.95,35.95,35.94,35.94,35.94,35.94,35.94,35.95,35.96,35.98,36.01,36.05,,,,,,,,,,,,,,,,,,,,,,,,,,,,,,,,,,,,,,,,,,,,,,,,,,,
E498x039.csv,76,10,Mosambi,Phase,2,-51.14,-48.37,-45.4,-42.24,-38.93,-35.52,-32.09,-28.72,-25.48,-22.43,-19.6,-17.04,-14.73,-12.69,-10.89,-9.33,-7.98,-6.81,-5.81,-4.95,-4.22,-3.59,-3.06,-2.61,-2.22,-1.9,-1.62,-1.38,-1.18,-1.01,-0.86,-0.74,-0.63,-0.54,-0.46,-0.39,-0.33,-0.28,-0.23,-0.19,-0.15,-0.12,-0.08,-0.05,-0.01,0.03,0.07,0.11,0.17,0.23,0.3,,,,,,,,,,,,,,,,,,,,,,,,,,,,,,,,,,,,,,,,,,,,,,,,,,,
E498x040.csv,77,10,Mosambi,Impedance,4,78.6,71.17,64.91,59.59,55.11,51.37,48.3,45.79,43.78,42.18,40.91,39.91,39.13,38.53,38.05,37.68,37.39,37.16,36.98,36.83,36.71,36.62,36.54,36.48,36.42,36.38,36.34,36.31,36.29,36.26,36.24,36.23,36.21,36.2,36.19,36.18,36.17,36.16,36.15,36.15,36.14,36.14,36.14,36.13,36.13,36.14,36.14,36.16,36.18,36.21,36.25,,,,,,,,,,,,,,,,,,,,,,,,,,,,,,,,,,,,,,,,,,,,,,,,,,,
E498x040.csv,78,10,Mosambi,Phase,4,-51.69,-48.96,-46.01,-42.84,-39.5,-36.06,-32.58,-29.16,-25.87,-22.76,-19.89,-17.27,-14.93,-12.85,-11.02,-9.43,-8.06,-6.87,-5.86,-4.99,-4.25,-3.61,-3.08,-2.62,-2.23,-1.9,-1.62,-1.38,-1.17,-1,-0.85,-0.73,-0.62,-0.53,-0.45,-0.39,-0.33,-0.28,-0.23,-0.19,-0.15,-0.11,-0.08,-0.04,-0.01,0.03,0.07,0.11,0.17,0.23,0.29,,,,,,,,,,,,,,,,,,,,,,,,,,,,,,,,,,,,,,,,,,,,,,,,,,,
E498x041.csv,79,10,Mosambi,Impedance,6,79.53,71.96,65.58,60.14,55.58,51.76,48.62,46.07,44.02,42.39,41.1,40.1,39.31,38.69,38.21,37.84,37.55,37.31,37.13,36.99,36.87,36.77,36.7,36.63,36.58,36.54,36.5,36.47,36.44,36.42,36.4,36.38,36.37,36.35,36.34,36.33,36.32,36.32,36.31,36.3,36.3,36.29,36.29,36.29,36.29,36.29,36.3,36.31,36.33,36.35,36.4,,,,,,,,,,,,,,,,,,,,,,,,,,,,,,,,,,,,,,,,,,,,,,,,,,,
E498x041.csv,80,10,Mosambi,Phase,6,-51.95,-49.24,-46.3,-43.13,-39.79,-36.33,-32.84,-29.39,-26.07,-22.94,-20.03,-17.39,-15.03,-12.93,-11.09,-9.48,-8.1,-6.9,-5.88,-5.01,-4.26,-3.62,-3.08,-2.62,-2.23,-1.9,-1.61,-1.38,-1.17,-1,-0.85,-0.73,-0.62,-0.53,-0.45,-0.38,-0.32,-0.27,-0.23,-0.19,-0.15,-0.11,-0.08,-0.04,-0.01,0.03,0.07,0.12,0.17,0.23,0.29,,,,,,,,,,,,,,,,,,,,,,,,,,,,,,,,,,,,,,,,,,,,,,,,,,,
,,,,,,,,,,,,,,,,,,,,,,,,,,,,,,,,,,,,,,,,,,,,,,,,,,,,,,,,,,,,,,,,,,,,,,,,,,,,,,,,,,,,,,,,,,,,,,,,,,,,,,,,,,,
E498x002.csv,81,11,Mosambi,Impedance,0,70.62,63.06,56.41,50.61,45.63,41.37,37.79,34.8,32.35,30.36,28.75,27.47,26.46,25.66,25.03,24.53,24.14,23.83,23.59,23.4,23.24,23.12,23.01,22.93,22.86,22.81,22.76,22.72,22.69,22.66,22.64,22.62,22.6,22.59,22.58,22.57,22.56,22.55,22.54,22.54,22.53,22.53,22.53,22.53,22.53,22.53,22.53,22.54,22.55,22.57,22.6,,,,,,,,,,,,,,,,,,,,,,,,,,,,,,,,,,,,,,,,,,,,,,,,,,,
E498x002.csv,82,11,Mosambi,Phase,0,-57.65,-55.89,-53.81,-51.39,-48.68,-45.67,-42.43,-39.01,-35.51,-32,-28.57,-25.31,-22.26,-19.45,-16.91,-14.64,-12.64,-10.88,-9.35,-8.02,-6.87,-5.88,-5.03,-4.31,-3.68,-3.15,-2.69,-2.3,-1.96,-1.68,-1.44,-1.23,-1.05,-0.9,-0.77,-0.66,-0.56,-0.47,-0.4,-0.33,-0.27,-0.21,-0.16,-0.11,-0.06,-0.01,0.05,0.11,0.17,0.24,0.32,,,,,,,,,,,,,,,,,,,,,,,,,,,,,,,,,,,,,,,,,,,,,,,,,,,
E498x003.csv,83,11,Mosambi,Impedance,2,70.44,63.47,57.5,52.37,48.02,44.33,41.26,38.73,36.68,35.02,33.7,32.65,31.82,31.17,30.66,30.26,29.94,29.69,29.49,29.33,29.2,29.1,29.02,28.95,28.89,28.84,28.8,28.76,28.74,28.71,28.69,28.67,28.66,28.64,28.63,28.62,28.61,28.6,28.59,28.59,28.58,28.58,28.57,28.57,28.57,28.57,28.57,28.58,28.59,28.61,28.64,,,,,,,,,,,,,,,,,,,,,,,,,,,,,,,,,,,,,,,,,,,,,,,,,,,
E498x003.csv,84,11,Mosambi,Phase,2,-54.07,-51.65,-48.95,-46,-42.85,-39.53,-36.1,-32.65,-29.25,-25.98,-22.89,-20.04,-17.44,-15.11,-13.03,-11.21,-9.62,-8.24,-7.05,-6.03,-5.15,-4.4,-3.76,-3.21,-2.74,-2.34,-2,-1.71,-1.46,-1.25,-1.07,-0.92,-0.79,-0.68,-0.59,-0.5,-0.44,-0.38,-0.33,-0.28,-0.24,-0.21,-0.18,-0.15,-0.12,-0.1,-0.07,-0.04,-0.01,0.02,0.06,,,,,,,,,,,,,,,,,,,,,,,,,,,,,,,,,,,,,,,,,,,,,,,,,,,
E498x004.csv,85,11,Mosambi,Impedance,4,71.97,64.82,58.7,53.43,48.96,45.18,42.03,39.43,37.32,35.62,34.26,33.19,32.34,31.68,31.16,30.75,30.43,30.18,29.98,29.82,29.69,29.58,29.5,29.43,29.37,29.32,29.28,29.25,29.22,29.19,29.17,29.15,29.14,29.12,29.11,29.1,29.09,29.08,29.08,29.07,29.06,29.06,29.06,29.05,29.05,29.05,29.05,29.06,29.07,29.09,29.12,,,,,,,,,,,,,,,,,,,,,,,,,,,,,,,,,,,,,,,,,,,,,,,,,,,
E498x004.csv,86,11,Mosambi,Phase,4,-54.25,-51.84,-49.16,-46.22,-43.08,-39.75,-36.31,-32.85,-29.43,-26.13,-23.03,-20.15,-17.53,-15.18,-13.08,-11.24,-9.65,-8.26,-7.06,-6.03,-5.15,-4.39,-3.75,-3.2,-2.73,-2.33,-1.99,-1.7,-1.45,-1.24,-1.06,-0.91,-0.78,-0.67,-0.58,-0.5,-0.43,-0.38,-0.33,-0.29,-0.25,-0.22,-0.19,-0.17,-0.15,-0.12,-0.1,-0.08,-0.06,-0.04,-0.01,,,,,,,,,,,,,,,,,,,,,,,,,,,,,,,,,,,,,,,,,,,,,,,,,,,
E498x005.csv,87,11,Mosambi,Impedance,6,72.83,65.6,59.4,54.06,49.53,45.69,42.5,39.87,37.73,36.01,34.64,33.55,32.7,32.03,31.51,31.1,30.77,30.52,30.32,30.16,30.03,29.92,29.84,29.77,29.71,29.66,29.62,29.59,29.56,29.53,29.51,29.49,29.48,29.47,29.45,29.44,29.43,29.43,29.42,29.41,29.41,29.4,29.4,29.39,29.39,29.39,29.39,29.4,29.41,29.43,29.47,,,,,,,,,,,,,,,,,,,,,,,,,,,,,,,,,,,,,,,,,,,,,,,,,,,
E498x005.csv,88,11,Mosambi,Phase,6,-54.29,-51.87,-49.2,-46.27,-43.12,-39.79,-36.36,-32.89,-29.46,-26.16,-23.04,-20.16,-17.53,-15.17,-13.08,-11.23,-9.63,-8.24,-7.05,-6.02,-5.13,-4.38,-3.73,-3.19,-2.72,-2.32,-1.98,-1.69,-1.44,-1.23,-1.05,-0.9,-0.77,-0.66,-0.57,-0.49,-0.42,-0.36,-0.31,-0.27,-0.23,-0.19,-0.16,-0.13,-0.11,-0.08,-0.05,-0.02,0.02,0.06,0.11,,,,,,,,,,,,,,,,,,,,,,,,,,,,,,,,,,,,,,,,,,,,,,,,,,,
E498x006.csv,89,12,Mosambi,Impedance,0,78.79,70.61,63.41,57.1,51.66,46.99,43.04,39.75,37.03,34.83,33.06,31.66,30.56,29.69,29.02,28.5,28.09,27.78,27.54,27.35,27.21,27.1,27.01,26.94,26.88,26.84,26.8,26.77,26.75,26.73,26.72,26.71,26.71,26.7,26.7,26.7,26.7,26.7,26.7,26.71,26.71,26.72,26.73,26.74,26.75,26.76,26.78,26.8,26.82,26.86,26.9,,,,,,,,,,,,,,,,,,,,,,,,,,,,,,,,,,,,,,,,,,,,,,,,,,,
E498x006.csv,90,12,Mosambi,Phase,0,-58.57,-56.68,-54.48,-51.97,-49.16,-46.06,-42.72,-39.22,-35.62,-32.03,-28.52,-25.19,-22.08,-19.23,-16.65,-14.35,-12.34,-10.58,-9.06,-7.74,-6.61,-5.64,-4.81,-4.1,-3.49,-2.98,-2.54,-2.17,-1.85,-1.58,-1.35,-1.15,-0.98,-0.84,-0.71,-0.61,-0.51,-0.43,-0.36,-0.29,-0.23,-0.18,-0.12,-0.07,-0.02,0.04,0.1,0.16,0.24,0.32,0.42,,,,,,,,,,,,,,,,,,,,,,,,,,,,,,,,,,,,,,,,,,,,,,,,,,,
E498x007.csv,91,12,Mosambi,Impedance,2,77.5,69.95,63.55,58.05,53.38,49.42,46.12,43.4,41.17,39.38,37.95,36.81,35.91,35.2,34.65,34.21,33.87,33.6,33.38,33.21,33.07,32.96,32.87,32.79,32.73,32.67,32.63,32.59,32.56,32.53,32.51,32.49,32.47,32.45,32.44,32.43,32.41,32.41,32.4,32.39,32.38,32.38,32.38,32.38,32.38,32.38,32.38,32.4,32.41,32.44,32.48,,,,,,,,,,,,,,,,,,,,,,,,,,,,,,,,,,,,,,,,,,,,,,,,,,,
E498x007.csv,92,12,Mosambi,Phase,2,-53.22,-50.74,-48.04,-45.1,-41.97,-38.68,-35.31,-31.92,-28.58,-25.37,-22.35,-19.56,-17.02,-14.73,-12.7,-10.91,-9.36,-8.01,-6.85,-5.86,-5,-4.27,-3.64,-3.11,-2.66,-2.27,-1.94,-1.66,-1.42,-1.22,-1.04,-0.9,-0.77,-0.66,-0.57,-0.49,-0.42,-0.37,-0.32,-0.28,-0.24,-0.21,-0.18,-0.16,-0.13,-0.12,-0.1,-0.08,-0.07,-0.05,-0.04,,,,,,,,,,,,,,,,,,,,,,,,,,,,,,,,,,,,,,,,,,,,,,,,,,,
E498x008.csv,93,12,Mosambi,Impedance,4,78.23,70.57,64.01,58.37,53.58,49.52,46.14,43.35,41.08,39.25,37.79,36.63,35.73,35.01,34.45,34.01,33.67,33.4,33.19,33.02,32.88,32.77,32.67,32.6,32.54,32.49,32.44,32.41,32.37,32.35,32.32,32.3,32.29,32.27,32.26,32.25,32.24,32.23,32.22,32.21,32.21,32.2,32.2,32.2,32.2,32.2,32.21,32.22,32.23,32.26,32.3,,,,,,,,,,,,,,,,,,,,,,,,,,,,,,,,,,,,,,,,,,,,,,,,,,,
E498x008.csv,94,12,Mosambi,Phase,4,-53.71,-51.29,-48.62,-45.68,-42.55,-39.25,-35.84,-32.4,-29.01,-25.75,-22.68,-19.84,-17.25,-14.92,-12.86,-11.04,-9.47,-8.1,-6.92,-5.91,-5.04,-4.3,-3.66,-3.13,-2.67,-2.28,-1.94,-1.66,-1.42,-1.21,-1.04,-0.89,-0.76,-0.65,-0.56,-0.48,-0.41,-0.36,-0.31,-0.26,-0.22,-0.19,-0.16,-0.14,-0.11,-0.09,-0.07,-0.05,-0.03,0,0.02,,,,,,,,,,,,,,,,,,,,,,,,,,,,,,,,,,,,,,,,,,,,,,,,,,,
E498x009.csv,95,12,Mosambi,Impedance,6,78.59,70.83,64.2,58.49,53.64,49.54,46.12,43.31,41.02,39.18,37.72,36.56,35.65,34.94,34.38,33.95,33.61,33.34,33.12,32.96,32.82,32.71,32.62,32.55,32.49,32.44,32.39,32.36,32.33,32.3,32.28,32.26,32.24,32.23,32.22,32.2,32.19,32.19,32.18,32.17,32.17,32.16,32.16,32.16,32.16,32.16,32.17,32.18,32.2,32.22,32.26,,,,,,,,,,,,,,,,,,,,,,,,,,,,,,,,,,,,,,,,,,,,,,,,,,,
E498x009.csv,96,12,Mosambi,Phase,6,-53.96,-51.56,-48.89,-45.95,-42.81,-39.48,-36.05,-32.59,-29.18,-25.89,-22.79,-19.92,-17.31,-14.97,-12.89,-11.07,-9.48,-8.11,-6.92,-5.91,-5.04,-4.29,-3.66,-3.12,-2.66,-2.27,-1.93,-1.65,-1.41,-1.2,-1.03,-0.88,-0.75,-0.64,-0.55,-0.47,-0.4,-0.35,-0.3,-0.25,-0.21,-0.18,-0.15,-0.12,-0.09,-0.06,-0.04,-0.01,0.02,0.05,0.08,,,,,,,,,,,,,,,,,,,,,,,,,,,,,,,,,,,,,,,,,,,,,,,,,,,
E498x010.csv,97,13,Mosambi,Impedance,0,78.16,70.15,63.24,57.25,52.14,47.8,44.18,41.19,38.76,36.81,35.27,34.05,33.09,32.35,31.77,31.31,30.96,30.68,30.46,30.29,30.15,30.04,29.94,29.87,29.8,29.75,29.71,29.67,29.64,29.61,29.59,29.57,29.55,29.53,29.52,29.5,29.49,29.48,29.47,29.47,29.46,29.45,29.45,29.45,29.45,29.45,29.45,29.46,29.48,29.5,29.54,,,,,,,,,,,,,,,,,,,,,,,,,,,,,,,,,,,,,,,,,,,,,,,,,,,
E498x010.csv,98,13,Mosambi,Phase,0,-55.86,-53.72,-51.26,-48.49,-45.45,-42.15,-38.69,-35.13,-31.57,-28.1,-24.8,-21.72,-18.9,-16.36,-14.1,-12.12,-10.39,-8.89,-7.6,-6.49,-5.54,-4.72,-4.03,-3.44,-2.93,-2.5,-2.14,-1.83,-1.56,-1.34,-1.14,-0.98,-0.84,-0.72,-0.61,-0.52,-0.44,-0.37,-0.3,-0.24,-0.19,-0.13,-0.08,-0.03,0.03,0.09,0.15,0.23,0.31,0.41,0.52,,,,,,,,,,,,,,,,,,,,,,,,,,,,,,,,,,,,,,,,,,,,,,,,,,,
E498x011.csv,99,13,Mosambi,Impedance,2,80.16,72.78,66.6,61.33,56.88,53.14,50.05,47.51,45.44,43.78,42.46,41.42,40.59,39.94,39.42,39.01,38.69,38.43,38.22,38.05,37.91,37.8,37.71,37.63,37.56,37.51,37.46,37.42,37.38,37.35,37.33,37.3,37.28,37.26,37.25,37.23,37.22,37.2,37.19,37.18,37.17,37.17,37.16,37.15,37.15,37.15,37.15,37.16,37.18,37.21,37.25,,,,,,,,,,,,,,,,,,,,,,,,,,,,,,,,,,,,,,,,,,,,,,,,,,,
E498x011.csv,100,13,Mosambi,Phase,2,-50.43,-47.73,-44.85,-41.79,-38.59,-35.29,-31.97,-28.7,-25.53,-22.53,-19.76,-17.22,-14.94,-12.91,-11.11,-9.55,-8.19,-7.02,-6,-5.14,-4.39,-3.76,-3.21,-2.75,-2.35,-2.01,-1.72,-1.48,-1.27,-1.09,-0.94,-0.81,-0.7,-0.61,-0.53,-0.46,-0.4,-0.34,-0.3,-0.25,-0.22,-0.18,-0.15,-0.12,-0.09,-0.06,-0.02,0.01,0.05,0.1,0.15,,,,,,,,,,,,,,,,,,,,,,,,,,,,,,,,,,,,,,,,,,,,,,,,,,,
E498x012.csv,101,13,Mosambi,Impedance,4,81.93,74.28,67.84,62.34,57.71,53.8,50.57,47.93,45.78,44.07,42.7,41.62,40.78,40.11,39.58,39.17,38.84,38.58,38.37,38.21,38.07,37.96,37.86,37.79,37.72,37.67,37.62,37.58,37.55,37.52,37.5,37.47,37.45,37.44,37.42,37.41,37.39,37.38,37.37,37.36,37.35,37.35,37.34,37.34,37.33,37.33,37.34,37.35,37.36,37.39,37.44,,,,,,,,,,,,,,,,,,,,,,,,,,,,,,,,,,,,,,,,,,,,,,,,,,,
E498x012.csv,102,13,Mosambi,Phase,4,-51.09,-48.45,-45.59,-42.53,-39.32,-35.99,-32.62,-29.29,-26.06,-22.99,-20.15,-17.55,-15.21,-13.13,-11.29,-9.69,-8.3,-7.1,-6.07,-5.19,-4.43,-3.78,-3.23,-2.76,-2.36,-2.02,-1.73,-1.48,-1.27,-1.09,-0.93,-0.8,-0.69,-0.6,-0.52,-0.45,-0.39,-0.33,-0.29,-0.24,-0.21,-0.17,-0.14,-0.11,-0.08,-0.05,-0.01,0.02,0.06,0.11,0.16,,,,,,,,,,,,,,,,,,,,,,,,,,,,,,,,,,,,,,,,,,,,,,,,,,,
E498x013.csv,103,13,Mosambi,Impedance,6,82.96,75.17,68.58,62.94,58.19,54.2,50.89,48.18,45.99,44.24,42.85,41.75,40.89,40.21,39.68,39.27,38.94,38.68,38.47,38.3,38.17,38.06,37.96,37.89,37.83,37.77,37.73,37.69,37.65,37.63,37.6,37.58,37.56,37.54,37.53,37.51,37.5,37.49,37.48,37.47,37.46,37.46,37.45,37.45,37.44,37.44,37.45,37.46,37.48,37.5,37.55,,,,,,,,,,,,,,,,,,,,,,,,,,,,,,,,,,,,,,,,,,,,,,,,,,,
E498x013.csv,104,13,Mosambi,Phase,6,-51.44,-48.83,-45.99,-42.93,-39.71,-36.37,-32.97,-29.6,-26.34,-23.24,-20.36,-17.73,-15.36,-13.25,-11.39,-9.77,-8.37,-7.15,-6.11,-5.22,-4.45,-3.8,-3.24,-2.77,-2.36,-2.02,-1.73,-1.48,-1.27,-1.09,-0.93,-0.8,-0.69,-0.59,-0.51,-0.44,-0.38,-0.33,-0.28,-0.24,-0.2,-0.17,-0.14,-0.11,-0.07,-0.04,-0.01,0.02,0.06,0.11,0.16,,,,,,,,,,,,,,,,,,,,,,,,,,,,,,,,,,,,,,,,,,,,,,,,,,,
E498x014.csv,105,14,Mosambi,Impedance,0,76.12,68.35,61.66,55.88,50.95,46.78,43.3,40.45,38.12,36.27,34.79,33.63,32.72,32.01,31.46,31.02,30.68,30.41,30.2,30.03,29.89,29.78,29.69,29.61,29.55,29.5,29.45,29.41,29.38,29.35,29.32,29.3,29.28,29.27,29.25,29.24,29.22,29.21,29.2,29.19,29.18,29.18,29.17,29.17,29.17,29.17,29.17,29.18,29.19,29.22,29.25,,,,,,,,,,,,,,,,,,,,,,,,,,,,,,,,,,,,,,,,,,,,,,,,,,,
E498x014.csv,106,14,Mosambi,Phase,0,-55.66,-53.4,-50.85,-48.01,-44.9,-41.57,-38.07,-34.51,-30.96,-27.51,-24.25,-21.22,-18.45,-15.97,-13.76,-11.82,-10.14,-8.68,-7.43,-6.35,-5.42,-4.63,-3.95,-3.38,-2.88,-2.46,-2.11,-1.8,-1.54,-1.32,-1.13,-0.97,-0.83,-0.71,-0.61,-0.52,-0.44,-0.37,-0.3,-0.25,-0.19,-0.15,-0.1,-0.05,0,0.06,0.12,0.19,0.26,0.35,0.44,,,,,,,,,,,,,,,,,,,,,,,,,,,,,,,,,,,,,,,,,,,,,,,,,,,
E498x015.csv,107,14,Mosambi,Impedance,2,79.57,72.42,66.48,61.45,57.24,53.71,50.79,48.4,46.46,44.89,43.64,42.64,41.85,41.21,40.71,40.3,39.97,39.71,39.5,39.32,39.17,39.05,38.95,38.87,38.8,38.74,38.68,38.64,38.6,38.56,38.53,38.5,38.48,38.45,38.43,38.4,38.38,38.36,38.34,38.32,38.3,38.28,38.26,38.25,38.23,38.23,38.23,38.23,38.25,38.27,38.31,,,,,,,,,,,,,,,,,,,,,,,,,,,,,,,,,,,,,,,,,,,,,,,,,,,
E498x015.csv,108,14,Mosambi,Phase,2,-49.12,-46.28,-43.31,-40.18,-36.97,-33.7,-30.45,-27.27,-24.23,-21.37,-18.74,-16.35,-14.2,-12.29,-10.6,-9.13,-7.85,-6.74,-5.79,-4.97,-4.26,-3.66,-3.14,-2.7,-2.32,-2,-1.72,-1.49,-1.29,-1.12,-0.98,-0.86,-0.75,-0.67,-0.59,-0.53,-0.47,-0.43,-0.38,-0.34,-0.3,-0.26,-0.22,-0.18,-0.14,-0.09,-0.04,0.01,0.06,0.13,0.2,,,,,,,,,,,,,,,,,,,,,,,,,,,,,,,,,,,,,,,,,,,,,,,,,,,
E498x016.csv,109,14,Mosambi,Impedance,4,81.76,74.31,68.05,62.73,58.26,54.5,51.4,48.85,46.79,45.13,43.81,42.76,41.93,41.27,40.75,40.33,40,39.73,39.51,39.34,39.19,39.07,38.97,38.89,38.82,38.76,38.71,38.66,38.63,38.59,38.56,38.54,38.51,38.49,38.47,38.45,38.42,38.4,38.38,38.36,38.34,38.32,38.31,38.29,38.28,38.28,38.27,38.28,38.29,38.32,38.36,,,,,,,,,,,,,,,,,,,,,,,,,,,,,,,,,,,,,,,,,,,,,,,,,,,
E498x016.csv,110,14,Mosambi,Phase,4,-50.04,-47.32,-44.4,-41.31,-38.09,-34.79,-31.47,-28.21,-25.08,-22.13,-19.4,-16.91,-14.67,-12.69,-10.93,-9.4,-8.07,-6.93,-5.94,-5.09,-4.36,-3.73,-3.2,-2.74,-2.35,-2.02,-1.74,-1.5,-1.29,-1.12,-0.97,-0.85,-0.75,-0.66,-0.58,-0.52,-0.46,-0.42,-0.37,-0.33,-0.29,-0.25,-0.21,-0.18,-0.13,-0.09,-0.04,0.01,0.06,0.12,0.19,,,,,,,,,,,,,,,,,,,,,,,,,,,,,,,,,,,,,,,,,,,,,,,,,,,
E498x017.csv,111,14,Mosambi,Impedance,6,82.91,75.3,68.87,63.39,58.77,54.9,51.69,49.07,46.95,45.24,43.88,42.81,41.96,41.29,40.75,40.33,40,39.73,39.51,39.33,39.19,39.07,38.97,38.89,38.82,38.76,38.71,38.67,38.63,38.6,38.57,38.54,38.52,38.5,38.48,38.46,38.44,38.41,38.4,38.38,38.36,38.34,38.32,38.31,38.3,38.29,38.29,38.3,38.31,38.34,38.38,,,,,,,,,,,,,,,,,,,,,,,,,,,,,,,,,,,,,,,,,,,,,,,,,,,
E498x017.csv,112,14,Mosambi,Phase,6,-50.49,-47.82,-44.94,-41.85,-38.64,-35.32,-31.98,-28.69,-25.51,-22.51,-19.73,-17.19,-14.91,-12.89,-11.1,-9.54,-8.19,-7.02,-6.01,-5.14,-4.4,-3.77,-3.22,-2.76,-2.36,-2.03,-1.74,-1.5,-1.29,-1.12,-0.97,-0.84,-0.74,-0.65,-0.57,-0.51,-0.45,-0.41,-0.36,-0.32,-0.28,-0.25,-0.21,-0.17,-0.13,-0.09,-0.04,0.01,0.06,0.13,0.2,,,,,,,,,,,,,,,,,,,,,,,,,,,,,,,,,,,,,,,,,,,,,,,,,,,
E498x018.csv,113,15,Mosambi,Impedance,0,65.74,58.7,52.64,47.41,42.98,39.24,36.13,33.59,31.53,29.88,28.58,27.56,26.77,26.15,25.67,25.3,25.01,24.79,24.61,24.47,24.36,24.27,24.2,24.14,24.09,24.05,24.02,23.99,23.97,23.95,23.93,23.91,23.9,23.89,23.88,23.87,23.86,23.85,23.85,23.84,23.84,23.83,23.83,23.83,23.83,23.82,23.7,23.88,24.18,24.48,24.74,66.50302881,59.36845614,53.24499364,47.9658435,43.49151869,39.71232187,36.57419243,34.00127038,31.92493317,30.26510287,28.95389011,27.9270896,27.12797136,26.50746302,26.02657196,25.65374694,25.36525622,25.13878586,24.96204515,24.82198821,24.71084238,24.62158391,24.54981612,24.49114385,24.44285988,24.40267347,24.36941778,24.34137409,24.3171373,24.29637657,24.27886123,24.26256255,24.2488259,24.23691482,24.2267634,24.21748745,24.2091781,24.20179195,24.19537002,24.1900872,24.18539894,24.18134061,24.17834738,24.17656178,24.17658629,24.17842006,24.18245302,24.19096953,24.20432471,24.22480499,24.2558473
E498x018.csv,114,15,Mosambi,Phase,0,-58.02,-55.74,-53.16,-50.25,-47.07,-43.62,-40,-36.28,-32.57,-28.95,-25.52,-22.32,-19.4,-16.77,-14.44,-12.38,-10.6,-9.06,-7.73,-6.59,-5.61,-4.78,-4.07,-3.46,-2.95,-2.51,-2.14,-1.83,-1.56,-1.33,-1.13,-0.97,-0.82,-0.7,-0.59,-0.5,-0.42,-0.34,-0.27,-0.21,-0.15,-0.09,-0.03,0.03,0.1,0.17,0.26,0.34,0.43,0.54,0.66,-57.87418528,-55.63333209,-53.05062816,-50.14365492,-46.95755196,-43.51095351,-39.88537677,-36.16781271,-32.46000479,-28.84685578,-25.41400643,-22.22212026,-19.30779307,-16.68919645,-14.35900814,-12.31458949,-10.54117981,-9.001030987,-7.678686699,-6.542870694,-5.571738245,-4.743472426,-4.037805795,-3.437237324,-2.925933246,-2.492412471,-2.123188358,-1.80993608,-1.543265318,-1.316154219,-1.122466528,-0.9586181308,-0.8164370013,-0.6940574112,-0.5884260974,-0.4954384083,-0.4136890659,-0.3406144969,-0.2741836924,-0.2116263994,-0.1527436291,-0.09486768297,-0.03629478189,0.02411518389,0.08844210915,0.1591082385,0.2374366801,0.3267042511,0.4291785351,0.5481913845,0.6884412356
E498x019.csv,115,15,Mosambi,Impedance,2,74.99,67.88,61.86,56.73,52.42,48.8,45.83,43.4,41.44,39.87,38.62,37.64,36.87,36.26,35.78,35.4,35.1,34.86,34.67,34.51,34.38,34.28,34.2,34.12,34.07,34.02,33.97,33.94,33.9,33.88,33.85,33.83,33.81,33.8,33.79,33.77,33.76,33.75,33.74,33.73,33.73,33.72,33.72,33.71,33.71,33.71,33.72,33.73,33.74,33.77,33.81,,,,,,,,,,,,,,,,,,,,,,,,,,,,,,,,,,,,,,,,,,,,,,,,,,,
E498x019.csv,116,15,Mosambi,Phase,2,-51.92,-49.21,-46.31,-43.17,-39.88,-36.46,-33.02,-29.62,-26.33,-23.22,-20.34,-17.71,-15.35,-13.25,-11.4,-9.78,-8.39,-7.18,-6.14,-5.25,-4.48,-3.83,-3.27,-2.79,-2.39,-2.04,-1.75,-1.49,-1.28,-1.1,-0.94,-0.81,-0.69,-0.6,-0.51,-0.44,-0.38,-0.32,-0.27,-0.23,-0.19,-0.16,-0.12,-0.09,-0.06,-0.02,0.01,0.05,0.1,0.14,0.2,,,,,,,,,,,,,,,,,,,,,,,,,,,,,,,,,,,,,,,,,,,,,,,,,,,
E498x020.csv,117,15,Mosambi,Impedance,4,76.05,68.73,62.55,57.26,52.82,49.1,46.03,43.53,41.52,39.91,38.63,37.63,36.85,36.23,35.74,35.36,35.06,34.82,34.63,34.48,34.35,34.25,34.17,34.1,34.04,33.99,33.95,33.92,33.89,33.86,33.84,33.82,33.8,33.79,33.77,33.76,33.75,33.74,33.73,33.72,33.72,33.71,33.71,33.71,33.7,33.7,33.71,33.72,33.73,33.76,33.79,,,,,,,,,,,,,,,,,,,,,,,,,,,,,,,,,,,,,,,,,,,,,,,,,,,
E498x020.csv,118,15,Mosambi,Phase,4,-52.46,-49.79,-46.9,-43.77,-40.48,-37.04,-33.56,-30.11,-26.77,-23.6,-20.67,-17.99,-15.58,-13.44,-11.55,-9.9,-8.48,-7.25,-6.19,-5.29,-4.51,-3.85,-3.28,-2.8,-2.39,-2.04,-1.75,-1.49,-1.28,-1.09,-0.94,-0.8,-0.69,-0.59,-0.51,-0.43,-0.37,-0.32,-0.27,-0.22,-0.19,-0.15,-0.12,-0.08,-0.05,-0.02,0.02,0.06,0.1,0.15,0.21,,,,,,,,,,,,,,,,,,,,,,,,,,,,,,,,,,,,,,,,,,,,,,,,,,,
E498x021.csv,119,15,Mosambi,Impedance,6,76.58,69.16,62.87,57.51,52.99,49.21,46.09,43.55,41.51,39.87,38.59,37.57,36.78,36.16,35.67,35.29,34.99,34.75,34.56,34.41,34.29,34.19,34.1,34.03,33.98,33.93,33.89,33.85,33.83,33.8,33.78,33.76,33.74,33.73,33.72,33.7,33.69,33.68,33.68,33.67,33.66,33.66,33.65,33.65,33.65,33.65,33.66,33.67,33.68,33.71,33.75,,,,,,,,,,,,,,,,,,,,,,,,,,,,,,,,,,,,,,,,,,,,,,,,,,,
E498x021.csv,120,15,Mosambi,Phase,6,-52.74,-50.12,-47.24,-44.12,-40.82,-37.37,-33.87,-30.4,-27.03,-23.83,-20.86,-18.15,-15.71,-13.55,-11.64,-9.98,-8.54,-7.3,-6.23,-5.32,-4.53,-3.87,-3.3,-2.81,-2.4,-2.05,-1.75,-1.49,-1.27,-1.09,-0.93,-0.8,-0.68,-0.59,-0.5,-0.43,-0.37,-0.31,-0.26,-0.22,-0.18,-0.15,-0.11,-0.08,-0.05,-0.01,0.02,0.06,0.11,0.16,0.22,,,,,,,,,,,,,,,,,,,,,,,,,,,,,,,,,,,,,,,,,,,,,,,,,,,
E498x022.csv,121,16,Mosambi,Impedance,0,73.04,65.41,58.85,53.17,48.35,44.27,40.87,38.07,35.8,33.98,32.54,31.4,30.5,29.8,29.24,28.81,28.46,28.19,27.97,27.8,27.66,27.55,27.45,27.38,27.31,27.26,27.22,27.18,27.15,27.13,27.1,27.08,27.07,27.05,27.04,27.03,27.02,27.01,27,26.99,26.99,26.98,26.98,26.97,26.97,26.98,26.98,26.99,27,27.03,27.06,,,,,,,,,,,,,,,,,,,,,,,,,,,,,,,,,,,,,,,,,,,,,,,,,,,
E498x022.csv,122,16,Mosambi,Phase,0,-56.91,-54.67,-52.12,-49.26,-46.13,-42.75,-39.21,-35.58,-31.97,-28.46,-25.13,-22.03,-19.2,-16.66,-14.39,-12.39,-10.65,-9.13,-7.82,-6.7,-5.72,-4.89,-4.18,-3.57,-3.05,-2.6,-2.22,-1.9,-1.62,-1.38,-1.18,-1.01,-0.86,-0.73,-0.62,-0.52,-0.43,-0.35,-0.28,-0.21,-0.15,-0.09,-0.02,0.04,0.11,0.19,0.28,0.38,0.49,0.62,0.78,,,,,,,,,,,,,,,,,,,,,,,,,,,,,,,,,,,,,,,,,,,,,,,,,,,
E498x023.csv,123,16,Mosambi,Impedance,2,78.69,71.42,65.29,60.09,55.71,52.04,49,46.52,44.5,42.88,41.58,40.54,39.72,39.07,38.55,38.13,37.8,37.53,37.32,37.14,37,36.89,36.79,36.71,36.64,36.59,36.54,36.5,36.47,36.44,36.42,36.4,36.38,36.36,36.35,36.34,36.33,36.32,36.31,36.3,36.3,36.29,36.29,36.29,36.29,36.29,36.29,36.31,36.32,36.35,36.4,,,,,,,,,,,,,,,,,,,,,,,,,,,,,,,,,,,,,,,,,,,,,,,,,,,
E498x023.csv,124,16,Mosambi,Phase,2,-50.72,-47.99,-45.06,-41.94,-38.69,-35.35,-32,-28.72,-25.55,-22.56,-19.8,-17.28,-15.02,-13,-11.21,-9.64,-8.29,-7.11,-6.09,-5.21,-4.46,-3.81,-3.26,-2.78,-2.38,-2.03,-1.74,-1.48,-1.27,-1.08,-0.93,-0.79,-0.68,-0.58,-0.49,-0.42,-0.35,-0.3,-0.25,-0.2,-0.16,-0.12,-0.08,-0.04,0,0.04,0.08,0.13,0.19,0.25,0.33,,,,,,,,,,,,,,,,,,,,,,,,,,,,,,,,,,,,,,,,,,,,,,,,,,,
E498x024.csv,125,16,Mosambi,Impedance,4,79.61,72.2,65.93,60.59,56.09,52.32,49.21,46.66,44.6,42.94,41.62,40.56,39.73,39.07,38.54,38.13,37.8,37.53,37.31,37.14,37,36.88,36.79,36.71,36.65,36.59,36.55,36.51,36.48,36.45,36.42,36.4,36.38,36.37,36.36,36.34,36.33,36.32,36.32,36.31,36.31,36.3,36.3,36.3,36.3,36.3,36.3,36.32,36.34,36.36,36.41,,,,,,,,,,,,,,,,,,,,,,,,,,,,,,,,,,,,,,,,,,,,,,,,,,,
E498x024.csv,126,16,Mosambi,Phase,4,-51.19,-48.48,-45.56,-42.44,-39.18,-35.81,-32.43,-29.11,-25.9,-22.86,-20.06,-17.5,-15.19,-13.14,-11.32,-9.74,-8.36,-7.17,-6.14,-5.25,-4.48,-3.83,-3.27,-2.79,-2.38,-2.03,-1.74,-1.48,-1.27,-1.08,-0.92,-0.79,-0.67,-0.57,-0.49,-0.41,-0.35,-0.29,-0.24,-0.2,-0.15,-0.11,-0.08,-0.04,0,0.04,0.09,0.14,0.19,0.26,0.33,,,,,,,,,,,,,,,,,,,,,,,,,,,,,,,,,,,,,,,,,,,,,,,,,,,
E498x025.csv,127,16,Mosambi,Impedance,6,80.15,72.63,66.27,60.84,56.27,52.44,49.29,46.7,44.61,42.93,41.6,40.54,39.7,39.03,38.51,38.09,37.76,37.49,37.28,37.1,36.96,36.85,36.75,36.68,36.61,36.56,36.51,36.48,36.44,36.42,36.39,36.37,36.36,36.34,36.33,36.32,36.31,36.3,36.29,36.28,36.28,36.27,36.27,36.27,36.27,36.27,36.28,36.29,36.31,36.34,36.38,,,,,,,,,,,,,,,,,,,,,,,,,,,,,,,,,,,,,,,,,,,,,,,,,,,
E498x025.csv,128,16,Mosambi,Phase,6,-51.52,-48.83,-45.91,-42.79,-39.51,-36.13,-32.72,-29.36,-26.12,-23.05,-20.22,-17.63,-15.3,-13.23,-11.4,-9.79,-8.41,-7.2,-6.16,-5.27,-4.5,-3.84,-3.28,-2.8,-2.39,-2.04,-1.74,-1.48,-1.26,-1.08,-0.92,-0.79,-0.67,-0.57,-0.48,-0.41,-0.35,-0.29,-0.24,-0.19,-0.15,-0.11,-0.07,-0.03,0,0.05,0.09,0.14,0.2,0.26,0.34,,,,,,,,,,,,,,,,,,,,,,,,,,,,,,,,,,,,,,,,,,,,,,,,,,,
E498x026.csv,129,17,Mosambi,Impedance,0,68.42,61.32,55.21,49.93,45.44,41.64,38.47,35.87,33.75,32.04,30.69,29.61,28.77,28.11,27.6,27.19,26.88,26.63,26.43,26.28,26.15,26.05,25.97,25.91,25.85,25.81,25.77,25.74,25.71,25.69,25.67,25.65,25.63,25.62,25.61,25.6,25.59,25.58,25.57,25.56,25.56,25.55,25.55,25.54,25.54,25.54,25.55,25.55,25.57,25.59,25.62,,,,,,,,,,,,,,,,,,,,,,,,,,,,,,,,,,,,,,,,,,,,,,,,,,,
E498x026.csv,130,17,Mosambi,Phase,0,-56.2,-53.96,-51.43,-48.57,-45.47,-42.13,-38.64,-35.08,-31.53,-28.07,-24.78,-21.72,-18.92,-16.4,-14.15,-12.16,-10.44,-8.93,-7.63,-6.52,-5.56,-4.74,-4.04,-3.44,-2.93,-2.5,-2.13,-1.82,-1.55,-1.33,-1.14,-0.97,-0.83,-0.71,-0.61,-0.52,-0.44,-0.38,-0.32,-0.26,-0.21,-0.16,-0.12,-0.08,-0.03,0.01,0.06,0.12,0.18,0.24,0.32,,,,,,,,,,,,,,,,,,,,,,,,,,,,,,,,,,,,,,,,,,,,,,,,,,,
E498x027.csv,131,17,Mosambi,Impedance,2,77.14,70.1,64.13,59.03,54.75,51.15,48.18,45.75,43.78,42.2,40.94,39.94,39.15,38.53,38.04,37.65,37.34,37.09,36.89,36.73,36.6,36.49,36.41,36.33,36.27,36.22,36.18,36.14,36.11,36.08,36.05,36.03,36.02,36,35.98,35.97,35.96,35.95,35.94,35.93,35.92,35.92,35.91,35.91,35.91,35.9,35.91,35.92,35.93,35.96,36,,,,,,,,,,,,,,,,,,,,,,,,,,,,,,,,,,,,,,,,,,,,,,,,,,,
E498x027.csv,132,17,Mosambi,Phase,2,-50.48,-47.76,-44.83,-41.71,-38.46,-35.12,-31.77,-28.48,-25.31,-22.32,-19.56,-17.04,-14.78,-12.77,-10.99,-9.44,-8.1,-6.93,-5.93,-5.07,-4.34,-3.71,-3.17,-2.71,-2.32,-1.99,-1.7,-1.46,-1.25,-1.08,-0.93,-0.81,-0.7,-0.61,-0.53,-0.47,-0.41,-0.37,-0.33,-0.3,-0.28,-0.26,-0.24,-0.24,-0.23,-0.23,-0.23,-0.24,-0.25,-0.27,-0.28,,,,,,,,,,,,,,,,,,,,,,,,,,,,,,,,,,,,,,,,,,,,,,,,,,,
E498x028.csv,133,17,Mosambi,Impedance,4,79.32,72,65.8,60.5,56.04,52.3,49.21,46.69,44.65,43.01,41.71,40.68,39.87,39.24,38.73,38.33,38.02,37.77,37.57,37.41,37.28,37.17,37.08,37.01,36.95,36.9,36.86,36.82,36.79,36.76,36.74,36.72,36.7,36.69,36.67,36.66,36.65,36.64,36.63,36.62,36.62,36.61,36.6,36.6,36.6,36.6,36.6,36.61,36.63,36.65,36.7,,,,,,,,,,,,,,,,,,,,,,,,,,,,,,,,,,,,,,,,,,,,,,,,,,,
E498x028.csv,134,17,Mosambi,Phase,4,-50.83,-48.12,-45.21,-42.1,-38.85,-35.49,-32.12,-28.79,-25.59,-22.56,-19.76,-17.21,-14.91,-12.87,-11.07,-9.5,-8.14,-6.97,-5.95,-5.09,-4.34,-3.71,-3.17,-2.7,-2.31,-1.98,-1.69,-1.45,-1.24,-1.07,-0.92,-0.79,-0.69,-0.6,-0.52,-0.46,-0.4,-0.36,-0.32,-0.3,-0.28,-0.27,-0.27,-0.27,-0.27,-0.27,-0.29,-0.3,-0.32,-0.36,-0.4,,,,,,,,,,,,,,,,,,,,,,,,,,,,,,,,,,,,,,,,,,,,,,,,,,,
E498x029.csv,135,17,Mosambi,Impedance,6,80.72,73.22,66.87,61.44,56.87,53.04,49.88,47.3,45.21,43.54,42.21,41.16,40.34,39.69,39.18,38.78,38.46,38.21,38.01,37.84,37.71,37.61,37.52,37.44,37.38,37.33,37.29,37.25,37.22,37.2,37.17,37.15,37.13,37.12,37.11,37.09,37.08,37.07,37.06,37.06,37.05,37.04,37.04,37.03,37.03,37.03,37.04,37.05,37.06,37.09,37.13,,,,,,,,,,,,,,,,,,,,,,,,,,,,,,,,,,,,,,,,,,,,,,,,,,,
E498x029.csv,136,17,Mosambi,Phase,6,-51.03,-48.35,-45.46,-42.35,-39.09,-35.72,-32.33,-28.99,-25.76,-22.71,-19.89,-17.31,-15,-12.94,-11.13,-9.54,-8.18,-6.99,-5.97,-5.1,-4.35,-3.72,-3.17,-2.71,-2.31,-1.98,-1.69,-1.45,-1.24,-1.07,-0.92,-0.8,-0.69,-0.6,-0.53,-0.47,-0.42,-0.38,-0.35,-0.32,-0.31,-0.3,-0.29,-0.3,-0.31,-0.32,-0.35,-0.38,-0.42,-0.47,-0.54,,,,,,,,,,,,,,,,,,,,,,,,,,,,,,,,,,,,,,,,,,,,,,,,,,,
E498x030.csv,137,18,Mosambi,Impedance,0,81.02,72.93,65.99,60.01,54.95,50.66,47.11,44.19,41.82,39.92,38.42,37.23,36.3,35.57,35,34.55,34.2,33.93,33.71,33.54,33.4,33.28,33.19,33.12,33.06,33.01,32.96,32.93,32.9,32.87,32.85,32.83,32.81,32.79,32.78,32.77,32.75,32.74,32.74,32.73,32.72,32.72,32.71,32.71,32.71,32.71,32.72,32.73,32.75,32.78,32.82,83.16458814,74.85171481,67.73303655,61.60919717,56.4226652,52.04429501,48.40713589,45.42218644,43.00764107,41.06951836,39.53015197,38.31532598,37.36009237,36.6104957,36.02293094,35.56193065,35.20032405,34.91435834,34.68733338,34.50555411,34.35889402,34.24147239,34.14506792,34.06502405,33.99988455,33.94466209,33.8983894,33.85838459,33.82538558,33.79585126,33.77065329,33.74935292,33.72940549,33.71191488,33.69674155,33.68346022,33.67122135,33.66057337,33.65119164,33.64321231,33.63595311,33.62987131,33.6252226,33.62231731,33.62153222,33.62355913,33.62864148,33.63989919,33.65718536,33.6847054,33.72668361
E498x030.csv,138,18,Mosambi,Phase,0,-55.12,-52.7,-49.99,-47,-43.78,-40.37,-36.84,-33.28,-29.78,-26.4,-23.23,-20.3,-17.63,-15.24,-13.12,-11.26,-9.65,-8.25,-7.05,-6.01,-5.12,-4.37,-3.72,-3.17,-2.7,-2.31,-1.97,-1.68,-1.44,-1.23,-1.05,-0.9,-0.77,-0.66,-0.57,-0.49,-0.41,-0.35,-0.3,-0.25,-0.2,-0.16,-0.12,-0.08,-0.04,0,0.05,0.09,0.15,0.21,0.28,-54.88854925,-52.46810743,-49.75975076,-46.77215553,-43.55859469,-40.15289957,-36.63176495,-33.08148623,-29.59687601,-26.24357786,-23.09000685,-20.18012099,-17.53923268,-15.17201301,-13.06985652,-11.22496989,-9.62422631,-8.234081832,-7.037411187,-6.008935736,-5.127278127,-4.373330971,-3.730354971,-3.181715052,-2.714889583,-2.317197742,-1.979052959,-1.691842676,-1.447100039,-1.238520694,-1.060725336,-0.9115596048,-0.7818829579,-0.6706909786,-0.5758760174,-0.4932061979,-0.4216372772,-0.3590586354,-0.3041208776,-0.25427356,-0.2092765603,-0.1677081336,-0.1278910427,-0.0895178245,-0.05133680142,-0.01152773545,0.02982027546,0.07533249339,0.1244046175,0.1806348927,0.2449459434
E498x031.csv,139,18,Mosambi,Impedance,2,91.5,83.71,77.17,71.6,66.9,62.92,59.61,56.88,54.64,52.82,51.36,50.19,49.25,48.5,47.91,47.44,47.07,46.76,46.52,46.32,46.16,46.03,45.92,45.83,45.76,45.69,45.64,45.59,45.55,45.52,45.49,45.46,45.44,45.42,45.4,45.39,45.37,45.36,45.35,45.34,45.33,45.32,45.32,45.31,45.31,45.32,45.32,45.34,45.36,45.4,45.45,,,,,,,,,,,,,,,,,,,,,,,,,,,,,,,,,,,,,,,,,,,,,,,,,,,
E498x031.csv,140,18,Mosambi,Phase,2,-47.36,-44.62,-41.76,-38.77,-35.71,-32.59,-29.5,-26.47,-23.57,-20.83,-18.29,-15.97,-13.88,-12.01,-10.36,-8.91,-7.65,-6.56,-5.62,-4.81,-4.11,-3.52,-3.01,-2.58,-2.21,-1.89,-1.62,-1.39,-1.19,-1.03,-0.89,-0.77,-0.66,-0.58,-0.5,-0.44,-0.39,-0.34,-0.31,-0.28,-0.25,-0.23,-0.22,-0.21,-0.21,-0.21,-0.21,-0.22,-0.23,-0.26,-0.28,,,,,,,,,,,,,,,,,,,,,,,,,,,,,,,,,,,,,,,,,,,,,,,,,,,
E498x032.csv,141,18,Mosambi,Impedance,4,93.19,85.14,78.35,72.55,67.65,63.52,60.08,57.25,54.94,53.06,51.56,50.36,49.41,48.65,48.05,47.57,47.19,46.89,46.65,46.45,46.29,46.16,46.05,45.96,45.89,45.83,45.77,45.73,45.69,45.66,45.63,45.6,45.58,45.56,45.55,45.53,45.52,45.5,45.49,45.49,45.48,45.47,45.47,45.47,45.47,45.47,45.48,45.49,45.51,45.55,45.61,,,,,,,,,,,,,,,,,,,,,,,,,,,,,,,,,,,,,,,,,,,,,,,,,,,
E498x032.csv,142,18,Mosambi,Phase,4,-48.03,-45.34,-42.49,-39.49,-36.4,-33.24,-30.08,-26.99,-24.03,-21.23,-18.63,-16.25,-14.11,-12.21,-10.52,-9.04,-7.76,-6.64,-5.68,-4.86,-4.15,-3.55,-3.03,-2.59,-2.21,-1.89,-1.62,-1.39,-1.19,-1.02,-0.88,-0.76,-0.66,-0.57,-0.5,-0.43,-0.38,-0.34,-0.3,-0.27,-0.25,-0.23,-0.21,-0.21,-0.2,-0.2,-0.21,-0.22,-0.23,-0.25,-0.28,,,,,,,,,,,,,,,,,,,,,,,,,,,,,,,,,,,,,,,,,,,,,,,,,,,
E498x033.csv,143,18,Mosambi,Impedance,6,94.17,85.97,79.03,73.1,68.09,63.87,60.37,57.48,55.13,53.23,51.71,50.5,49.54,48.77,48.17,47.69,47.31,47.01,46.77,46.57,46.41,46.28,46.18,46.09,46.01,45.95,45.9,45.86,45.82,45.79,45.76,45.73,45.71,45.7,45.68,45.66,45.65,45.64,45.63,45.62,45.61,45.61,45.6,45.6,45.6,45.6,45.61,45.63,45.65,45.69,45.74,,,,,,,,,,,,,,,,,,,,,,,,,,,,,,,,,,,,,,,,,,,,,,,,,,,
E498x033.csv,144,18,Mosambi,Phase,6,-48.41,-45.74,-42.89,-39.88,-36.76,-33.57,-30.38,-27.26,-24.25,-21.42,-18.79,-16.39,-14.22,-12.29,-10.58,-9.09,-7.8,-6.67,-5.71,-4.88,-4.17,-3.56,-3.04,-2.59,-2.21,-1.89,-1.62,-1.39,-1.19,-1.02,-0.88,-0.76,-0.65,-0.57,-0.49,-0.43,-0.38,-0.33,-0.3,-0.27,-0.24,-0.23,-0.21,-0.2,-0.2,-0.2,-0.2,-0.21,-0.23,-0.25,-0.28,,,,,,,,,,,,,,,,,,,,,,,,,,,,,,,,,,,,,,,,,,,,,,,,,,,
E498x034.csv,145,19,Mosambi,Impedance,0,82.86,74.76,67.91,62.03,57.1,52.91,49.4,46.55,44.18,42.28,40.78,39.6,38.65,37.92,37.34,36.89,36.53,36.25,36.03,35.84,35.72,35.61,35.5,35.41,35.33,35.27,35.23,35.19,35.15,35.11,35.09,35.07,35.04,35.02,35,34.99,34.98,34.98,34.96,34.95,34.94,34.93,34.93,34.93,34.92,34.92,34.92,34.93,34.96,34.98,35.02,81.51759691,73.78006589,67.14034659,61.42167604,56.56796638,52.46344737,49.06059349,46.24149874,43.95060414,42.10753457,40.63876735,39.47618105,38.55931513,37.83868133,37.27111091,36.82430082,36.47327108,36.19451342,35.9730227,35.79615606,35.65514887,35.46728189,35.31188623,35.23447875,35.17269456,35.12029733,35.07624455,35.03863155,35.00803328,34.98051181,34.95675169,34.93675687,34.91823598,34.90237024,34.88824384,34.87598735,34.86462082,34.85509158,34.84703068,34.84027956,34.83416657,34.82874138,34.82517543,34.82293611,34.82275116,34.82549426,34.83178405,34.84406527,34.86260764,34.89138217,34.93528228
E498x034.csv,146,19,Mosambi,Phase,0,-51.87,-49.51,-46.9,-44.02,-40.95,-37.75,-34.42,-31.07,-27.79,-24.63,-21.67,-18.94,-16.46,-14.24,-12.27,-10.54,-9.04,-7.73,-6.61,-5.65,-4.82,-4.11,-3.51,-2.99,-2.55,-2.18,-1.86,-1.59,-1.36,-1.17,-1,-0.87,-0.75,-0.64,-0.56,-0.48,-0.42,-0.36,-0.32,-0.28,-0.24,-0.21,-0.18,-0.16,-0.14,-0.12,-0.1,-0.09,-0.07,-0.05,-0.04,-51.91972775,-49.52621905,-46.87682254,-43.978302,-40.88947545,-37.63697178,-34.30443848,-30.95973892,-27.68090069,-24.53616375,-21.5873485,-18.86886989,-16.4020951,-14.19238169,-12.22946391,-10.50787181,-9.01315382,-7.712339723,-6.592781635,-5.629526556,-4.804335152,-4.107568331,-3.510221082,-2.994676027,-2.556458723,-2.182973025,-1.86506858,-1.596399938,-1.36667494,-1.172546209,-1.007003445,-0.8674521725,-0.7474506508,-0.6451753372,-0.5584202239,-0.483954961,-0.4198862868,-0.3651707669,-0.3185276345,-0.2773594216,-0.2420999382,-0.2116694178,-0.1841827906,-0.159980856,-0.138308193,-0.1187855015,-0.1005565449,-0.08367376923,-0.06774790022,-0.05179270144,-0.03558633287
E498x035.csv,147,19,Mosambi,Impedance,2,100.22,92.16,85.38,79.59,74.7,70.56,67.12,64.27,61.95,60.06,58.55,57.34,56.38,55.61,54.99,54.51,54.12,53.8,53.55,53.35,53.18,53.05,52.94,52.84,52.77,52.7,52.65,52.6,52.56,52.53,52.5,52.47,52.45,52.43,52.42,52.4,52.39,52.38,52.37,52.36,52.35,52.34,52.34,52.34,52.34,52.34,52.35,52.37,52.39,52.44,52.5,,,,,,,,,,,,,,,,,,,,,,,,,,,,,,,,,,,,,,,,,,,,,,,,,,,
E498x035.csv,148,19,Mosambi,Phase,2,-45.66,-42.97,-40.16,-37.23,-34.23,-31.18,-28.16,-25.22,-22.4,-19.76,-17.32,-15.1,-13.1,-11.32,-9.75,-8.38,-7.19,-6.15,-5.27,-4.5,-3.84,-3.28,-2.8,-2.39,-2.05,-1.75,-1.5,-1.28,-1.1,-0.94,-0.81,-0.7,-0.61,-0.53,-0.46,-0.4,-0.36,-0.32,-0.29,-0.26,-0.25,-0.23,-0.22,-0.22,-0.22,-0.23,-0.24,-0.26,-0.29,-0.32,-0.36,,,,,,,,,,,,,,,,,,,,,,,,,,,,,,,,,,,,,,,,,,,,,,,,,,,
E498x036.csv,149,19,Mosambi,Impedance,4,103.34,95,87.93,81.87,76.74,72.4,68.79,65.8,63.36,61.39,59.8,58.54,57.53,56.73,56.09,55.58,55.18,54.86,54.6,54.39,54.22,54.08,53.97,53.87,53.8,53.73,53.68,53.63,53.59,53.56,53.53,53.5,53.48,53.46,53.45,53.43,53.42,53.41,53.4,53.39,53.38,53.38,53.37,53.37,53.37,53.38,53.39,53.4,53.43,53.47,53.54,,,,,,,,,,,,,,,,,,,,,,,,,,,,,,,,,,,,,,,,,,,,,,,,,,,
E498x036.csv,150,19,Mosambi,Phase,4,-45.94,-43.31,-40.53,-37.62,-34.63,-31.57,-28.54,-25.58,-22.73,-20.05,-17.58,-15.32,-13.29,-11.49,-9.89,-8.49,-7.29,-6.23,-5.33,-4.55,-3.89,-3.32,-2.83,-2.42,-2.06,-1.76,-1.5,-1.29,-1.1,-0.95,-0.81,-0.7,-0.61,-0.53,-0.46,-0.4,-0.36,-0.32,-0.29,-0.26,-0.24,-0.23,-0.22,-0.22,-0.22,-0.23,-0.24,-0.26,-0.29,-0.32,-0.36,,,,,,,,,,,,,,,,,,,,,,,,,,,,,,,,,,,,,,,,,,,,,,,,,,,
E498x037.csv,151,19,Mosambi,Impedance,6,105.39,96.82,89.54,83.29,78,73.52,69.79,66.72,64.2,62.17,60.54,59.24,58.2,57.38,56.73,56.21,55.8,55.47,55.2,54.99,54.82,54.68,54.56,54.47,54.39,54.32,54.27,54.22,54.18,54.15,54.12,54.1,54.07,54.05,54.04,54.02,54.01,54,53.99,53.98,53.97,53.97,53.96,53.96,53.96,53.97,53.98,53.99,54.02,54.07,54.13,,,,,,,,,,,,,,,,,,,,,,,,,,,,,,,,,,,,,,,,,,,,,,,,,,,
E498x037.csv,152,19,Mosambi,Phase,6,-46.15,-43.55,-40.79,-37.89,-34.89,-31.84,-28.79,-25.81,-22.94,-20.24,-17.74,-15.47,-13.42,-11.59,-9.98,-8.57,-7.35,-6.29,-5.38,-4.59,-3.92,-3.34,-2.85,-2.43,-2.07,-1.77,-1.51,-1.29,-1.11,-0.95,-0.81,-0.7,-0.61,-0.53,-0.46,-0.4,-0.35,-0.31,-0.28,-0.26,-0.24,-0.23,-0.22,-0.22,-0.22,-0.23,-0.24,-0.26,-0.29,-0.32,-0.36,,,,,,,,,,,,,,,,,,,,,,,,,,,,,,,,,,,,,,,,,,,,,,,,,,,
E498x038.csv,153,20,Mosambi,Impedance,0,72.12,64.66,58.27,52.76,48.08,44.11,40.8,38.08,35.86,34.08,32.67,31.54,30.66,29.97,29.42,29,28.66,28.39,28.18,28,27.86,27.75,27.66,27.58,27.52,27.46,27.42,27.38,27.35,27.32,27.29,27.27,27.25,27.23,27.22,27.21,27.2,27.18,27.18,27.17,27.16,27.16,27.15,27.15,27.15,27.15,27.15,27.16,27.19,27.21,27.24,,,,,,,,,,,,,,,,,,,,,,,,,,,,,,,,,,,,,,,,,,,,,,,,,,,
E498x038.csv,154,20,Mosambi,Phase,0,-56.25,-53.96,-51.38,-48.5,-45.38,-42.02,-38.52,-34.94,-31.39,-27.93,-24.66,-21.61,-18.83,-16.33,-14.1,-12.14,-10.43,-8.95,-7.66,-6.56,-5.61,-4.79,-4.1,-3.5,-2.99,-2.56,-2.19,-1.87,-1.6,-1.37,-1.17,-1,-0.86,-0.73,-0.62,-0.53,-0.45,-0.37,-0.31,-0.25,-0.19,-0.14,-0.08,-0.03,0.03,0.08,0.15,0.22,0.3,0.4,0.51,,,,,,,,,,,,,,,,,,,,,,,,,,,,,,,,,,,,,,,,,,,,,,,,,,,
E498x039.csv,155,20,Mosambi,Impedance,2,72.13,65.32,59.6,54.73,50.63,47.19,44.36,42.04,40.17,38.67,37.48,36.54,35.8,35.22,34.77,34.41,34.13,33.9,33.72,33.58,33.46,33.37,33.29,33.22,33.17,33.12,33.08,33.05,33.02,33,32.98,32.96,32.94,32.93,32.92,32.9,32.9,32.89,32.88,32.87,32.87,32.86,32.86,32.86,32.86,32.86,32.87,32.88,32.89,32.92,32.96,,,,,,,,,,,,,,,,,,,,,,,,,,,,,,,,,,,,,,,,,,,,,,,,,,,
E498x039.csv,156,20,Mosambi,Phase,2,-51.8,-49.05,-46.1,-42.95,-39.65,-36.24,-32.8,-29.41,-26.14,-23.04,-20.17,-17.55,-15.2,-13.11,-11.27,-9.66,-8.28,-7.07,-6.04,-5.16,-4.4,-3.76,-3.2,-2.73,-2.33,-1.99,-1.7,-1.46,-1.25,-1.07,-0.91,-0.78,-0.67,-0.57,-0.49,-0.42,-0.36,-0.3,-0.26,-0.21,-0.18,-0.14,-0.11,-0.07,-0.04,0,0.04,0.08,0.12,0.18,0.24,,,,,,,,,,,,,,,,,,,,,,,,,,,,,,,,,,,,,,,,,,,,,,,,,,,
E498x040.csv,157,20,Mosambi,Impedance,4,73.97,66.91,60.96,55.87,51.6,48,45.04,42.62,40.67,39.11,37.87,36.9,36.14,35.54,35.07,34.7,34.42,34.19,34.01,33.86,33.74,33.65,33.57,33.5,33.45,33.4,33.37,33.33,33.31,33.28,33.26,33.24,33.23,33.21,33.2,33.19,33.18,33.17,33.16,33.16,33.15,33.15,33.15,33.14,33.14,33.15,33.15,33.16,33.18,33.2,33.24,,,,,,,,,,,,,,,,,,,,,,,,,,,,,,,,,,,,,,,,,,,,,,,,,,,
E498x040.csv,158,20,Mosambi,Phase,4,-52.35,-49.65,-46.73,-43.59,-40.29,-36.85,-33.38,-29.95,-26.62,-23.47,-20.55,-17.88,-15.47,-13.34,-11.46,-9.82,-8.4,-7.17,-6.12,-5.22,-4.45,-3.8,-3.24,-2.76,-2.35,-2.01,-1.71,-1.46,-1.25,-1.07,-0.91,-0.78,-0.67,-0.57,-0.49,-0.42,-0.36,-0.3,-0.25,-0.21,-0.17,-0.14,-0.1,-0.07,-0.04,0,0.03,0.07,0.12,0.17,0.23,,,,,,,,,,,,,,,,,,,,,,,,,,,,,,,,,,,,,,,,,,,,,,,,,,,
E498x041.csv,159,20,Mosambi,Impedance,6,75.27,68.04,61.92,56.7,52.3,48.61,45.56,43.07,41.07,39.47,38.2,37.21,36.43,35.82,35.34,34.97,34.68,34.45,34.27,34.12,34,33.91,33.83,33.76,33.71,33.66,33.62,33.59,33.56,33.54,33.52,33.5,33.49,33.47,33.46,33.45,33.44,33.43,33.43,33.42,33.42,33.41,33.41,33.41,33.41,33.41,33.41,33.43,33.44,33.47,33.51,,,,,,,,,,,,,,,,,,,,,,,,,,,,,,,,,,,,,,,,,,,,,,,,,,,
E498x041.csv,160,20,Mosambi,Phase,6,-52.64,-49.97,-47.07,-43.94,-40.63,-37.19,-33.7,-30.23,-26.88,-23.7,-20.74,-18.04,-15.61,-13.46,-11.55,-9.9,-8.46,-7.23,-6.16,-5.26,-4.48,-3.82,-3.25,-2.77,-2.36,-2.01,-1.72,-1.46,-1.25,-1.07,-0.91,-0.78,-0.67,-0.57,-0.49,-0.42,-0.35,-0.3,-0.25,-0.21,-0.17,-0.14,-0.1,-0.07,-0.04,-0.01,0.03,0.07,0.11,0.16,0.22,,,,,,,,,,,,,,,,,,,,,,,,,,,,,,,,,,,,,,,,,,,,,,,,,,,
,,,,,,,,,,,,,,,,,,,,,,,,,,,,,,,,,,,,,,,,,,,,,,,,,,,,,,,,,,,,,,,,,,,,,,,,,,,,,,,,,,,,,,,,,,,,,,,,,,,,,,,,,,,
E498x043.csv,161,21,Apple,Impedance,0,67.43,60.58,54.6,49.4,44.95,41.15,37.96,35.32,33.14,31.4,29.99,28.88,28,27.31,26.76,26.34,26,25.74,25.53,25.36,25.22,25.11,25.02,24.95,24.89,24.84,24.8,24.76,24.73,24.7,24.68,24.66,24.64,24.62,24.61,24.6,24.58,24.57,24.56,24.56,24.55,24.54,24.53,24.53,24.53,24.53,24.53,24.53,24.54,24.56,24.59,,,,,,,,,,,,,,,,,,,,,,,,,,,,,,,,,,,,,,,,,,,,,,,,,,,
E498x043.csv,162,21,Apple,Phase,0,-55.26,-53.22,-50.89,-48.25,-45.35,-42.21,-38.89,-35.46,-32.03,-28.63,-25.38,-22.32,-19.51,-16.96,-14.67,-12.64,-10.87,-9.32,-7.99,-6.83,-5.84,-4.99,-4.26,-3.64,-3.11,-2.65,-2.27,-1.94,-1.65,-1.41,-1.21,-1.03,-0.88,-0.75,-0.64,-0.54,-0.46,-0.38,-0.31,-0.24,-0.18,-0.12,-0.06,0,0.06,0.14,0.22,0.3,0.41,0.53,0.66,,,,,,,,,,,,,,,,,,,,,,,,,,,,,,,,,,,,,,,,,,,,,,,,,,,
E498x044.csv,163,21,Apple,Impedance,2,74,66.97,60.97,55.81,51.42,47.71,44.63,42.09,40.03,38.37,37.05,36,35.17,34.53,34.02,33.62,33.3,33.05,32.86,32.7,32.57,32.47,32.38,32.31,32.26,32.21,32.17,32.13,32.11,32.08,32.06,32.04,32.02,32.01,32,31.99,31.98,31.97,31.96,31.95,31.95,31.94,31.94,31.93,31.93,31.94,31.94,31.95,31.97,32,32.03,,,,,,,,,,,,,,,,,,,,,,,,,,,,,,,,,,,,,,,,,,,,,,,,,,,
E498x044.csv,164,21,Apple,Phase,2,-51.67,-49.25,-46.59,-43.69,-40.6,-37.35,-34.02,-30.69,-27.42,-24.29,-21.36,-18.65,-16.2,-14.01,-12.06,-10.36,-8.88,-7.59,-6.49,-5.54,-4.73,-4.03,-3.44,-2.93,-2.5,-2.13,-1.82,-1.55,-1.33,-1.13,-0.97,-0.83,-0.71,-0.61,-0.52,-0.44,-0.37,-0.32,-0.26,-0.22,-0.17,-0.13,-0.09,-0.05,-0.01,0.03,0.08,0.13,0.19,0.25,0.33,,,,,,,,,,,,,,,,,,,,,,,,,,,,,,,,,,,,,,,,,,,,,,,,,,,
E498x045.csv,165,21,Apple,Impedance,4,74.87,67.7,61.58,56.31,51.84,48.06,44.91,42.33,40.23,38.54,37.2,36.14,35.3,34.65,34.14,33.74,33.43,33.18,32.98,32.82,32.7,32.6,32.51,32.44,32.39,32.34,32.3,32.27,32.24,32.22,32.2,32.18,32.16,32.15,32.14,32.13,32.12,32.11,32.1,32.09,32.09,32.09,32.08,32.08,32.08,32.08,32.08,32.1,32.11,32.14,32.18,,,,,,,,,,,,,,,,,,,,,,,,,,,,,,,,,,,,,,,,,,,,,,,,,,,
E498x045.csv,166,21,Apple,Phase,4,-51.87,-49.48,-46.83,-43.94,-40.85,-37.59,-34.25,-30.9,-27.61,-24.45,-21.49,-18.76,-16.29,-14.07,-12.11,-10.39,-8.9,-7.61,-6.5,-5.54,-4.73,-4.03,-3.43,-2.92,-2.49,-2.12,-1.81,-1.54,-1.32,-1.13,-0.96,-0.82,-0.7,-0.6,-0.51,-0.44,-0.37,-0.31,-0.26,-0.22,-0.17,-0.14,-0.1,-0.07,-0.03,0.01,0.05,0.09,0.14,0.2,0.26,,,,,,,,,,,,,,,,,,,,,,,,,,,,,,,,,,,,,,,,,,,,,,,,,,,
E498x046.csv,167,21,Apple,Impedance,6,75.74,68.47,62.24,56.88,52.33,48.48,45.29,42.67,40.54,38.83,37.47,36.4,35.56,34.9,34.39,33.99,33.67,33.43,33.23,33.07,32.95,32.85,32.77,32.7,32.64,32.6,32.56,32.53,32.5,32.48,32.46,32.44,32.42,32.41,32.4,32.39,32.38,32.37,32.36,32.36,32.35,32.35,32.34,32.34,32.34,32.35,32.35,32.36,32.38,32.41,32.45,,,,,,,,,,,,,,,,,,,,,,,,,,,,,,,,,,,,,,,,,,,,,,,,,,,
E498x046.csv,168,21,Apple,Phase,6,-52.14,-49.75,-47.09,-44.18,-41.08,-37.8,-34.44,-31.06,-27.74,-24.56,-21.58,-18.83,-16.34,-14.11,-12.13,-10.4,-8.91,-7.61,-6.49,-5.54,-4.72,-4.02,-3.42,-2.91,-2.48,-2.11,-1.8,-1.53,-1.31,-1.12,-0.95,-0.81,-0.7,-0.59,-0.51,-0.43,-0.37,-0.31,-0.26,-0.21,-0.17,-0.13,-0.09,-0.06,-0.02,0.02,0.06,0.11,0.16,0.22,0.28,,,,,,,,,,,,,,,,,,,,,,,,,,,,,,,,,,,,,,,,,,,,,,,,,,,
E498x047.csv,169,22,Apple,Impedance,0,71.32,64.2,58.08,52.79,48.29,44.47,41.28,38.66,36.53,34.81,33.44,32.37,31.52,30.85,30.33,29.92,29.6,29.35,29.14,28.98,28.84,28.74,28.65,28.57,28.51,28.46,28.41,28.38,28.35,28.32,28.29,28.27,28.25,28.24,28.22,28.21,28.2,28.19,28.18,28.17,28.16,28.15,28.08,28.04,28.04,28.04,28.05,28.05,28.07,28.09,28.13,,,,,,,,,,,,,,,,,,,,,,,,,,,,,,,,,,,,,,,,,,,,,,,,,,,
E498x047.csv,170,22,Apple,Phase,0,-54.09,-51.84,-49.32,-46.52,-43.48,-40.21,-36.82,-33.36,-29.92,-26.59,-23.45,-20.53,-17.87,-15.48,-13.35,-11.48,-9.86,-8.45,-7.24,-6.19,-5.3,-4.53,-3.87,-3.31,-2.83,-2.42,-2.07,-1.77,-1.52,-1.3,-1.12,-0.96,-0.82,-0.71,-0.6,-0.51,-0.44,-0.37,-0.3,-0.25,-0.19,-0.14,-0.08,-0.03,0.03,0.09,0.15,0.23,0.32,0.42,0.53,,,,,,,,,,,,,,,,,,,,,,,,,,,,,,,,,,,,,,,,,,,,,,,,,,,
E498x048.csv,171,22,Apple,Impedance,2,81.08,73.65,67.39,62.03,57.51,53.7,50.52,47.93,45.83,44.14,42.79,41.72,40.87,40.19,39.65,39.22,38.88,38.6,38.37,38.18,38.03,37.9,37.79,37.71,37.63,37.57,37.52,37.47,37.44,37.4,37.38,37.35,37.33,37.31,37.3,37.28,37.27,37.26,37.25,37.24,37.23,37.23,37.22,37.22,37.22,37.22,37.23,37.24,37.26,37.29,37.33,,,,,,,,,,,,,,,,,,,,,,,,,,,,,,,,,,,,,,,,,,,,,,,,,,,
E498x048.csv,172,22,Apple,Phase,2,-50.18,-47.58,-44.79,-41.79,-38.64,-35.37,-32.07,-28.8,-25.65,-22.66,-19.89,-17.37,-15.1,-13.07,-11.29,-9.72,-8.37,-7.19,-6.17,-5.3,-4.54,-3.89,-3.33,-2.86,-2.45,-2.09,-1.79,-1.54,-1.32,-1.13,-0.97,-0.84,-0.72,-0.62,-0.53,-0.46,-0.39,-0.34,-0.29,-0.24,-0.2,-0.17,-0.13,-0.1,-0.07,-0.04,0,0.03,0.07,0.11,0.16,,,,,,,,,,,,,,,,,,,,,,,,,,,,,,,,,,,,,,,,,,,,,,,,,,,
E498x049.csv,173,22,Apple,Impedance,4,82,74.45,68.05,62.57,57.95,54.06,50.84,48.21,46.07,44.36,43,41.93,41.07,40.4,39.84,39.41,39.06,38.78,38.56,38.37,38.22,38.1,37.99,37.91,37.83,37.77,37.72,37.68,37.64,37.61,37.58,37.56,37.54,37.52,37.5,37.49,37.48,37.47,37.46,37.45,37.44,37.44,37.43,37.43,37.45,37.46,37.47,37.48,37.5,37.53,37.58,,,,,,,,,,,,,,,,,,,,,,,,,,,,,,,,,,,,,,,,,,,,,,,,,,,
E498x049.csv,174,22,Apple,Phase,4,-50.5,-47.92,-45.12,-42.11,-38.93,-35.64,-32.3,-29,-25.81,-22.79,-19.99,-17.43,-15.14,-13.1,-11.3,-9.72,-8.36,-7.18,-6.16,-5.28,-4.52,-3.87,-3.31,-2.84,-2.43,-2.08,-1.78,-1.52,-1.3,-1.12,-0.96,-0.82,-0.71,-0.61,-0.52,-0.44,-0.38,-0.32,-0.28,-0.23,-0.19,-0.15,-0.12,-0.09,-0.06,-0.03,0.01,0.05,0.08,0.13,0.18,,,,,,,,,,,,,,,,,,,,,,,,,,,,,,,,,,,,,,,,,,,,,,,,,,,
E498x050.csv,175,22,Apple,Impedance,6,82.71,75.06,68.56,63.01,58.33,54.4,51.14,48.48,46.33,44.61,43.25,42.17,41.31,40.64,40.1,39.67,39.33,39.06,38.83,38.65,38.5,38.38,38.27,38.19,38.12,38.06,38.01,37.97,37.93,37.9,37.88,37.85,37.83,37.82,37.8,37.79,37.78,37.77,37.76,37.75,37.74,37.74,37.73,37.73,37.73,37.73,37.74,37.75,37.77,37.8,37.85,,,,,,,,,,,,,,,,,,,,,,,,,,,,,,,,,,,,,,,,,,,,,,,,,,,
E498x050.csv,176,22,Apple,Phase,6,-50.63,-48.05,-45.25,-42.22,-39.04,-35.73,-32.37,-29.04,-25.83,-22.8,-19.98,-17.42,-15.12,-13.07,-11.27,-9.69,-8.33,-7.15,-6.13,-5.25,-4.49,-3.85,-3.29,-2.81,-2.41,-2.06,-1.76,-1.51,-1.29,-1.11,-0.95,-0.81,-0.7,-0.6,-0.51,-0.44,-0.38,-0.32,-0.27,-0.23,-0.19,-0.16,-0.12,-0.09,-0.06,-0.03,0.01,0.04,0.08,0.12,0.17,,,,,,,,,,,,,,,,,,,,,,,,,,,,,,,,,,,,,,,,,,,,,,,,,,,
E498x051.csv,177,23,Apple,Impedance,0,68.24,61.16,55.09,49.84,45.37,41.57,38.4,35.78,33.64,31.92,30.55,29.46,28.6,27.92,27.39,26.97,26.64,26.38,26.16,25.99,25.85,25.74,25.65,25.57,25.51,25.46,25.41,25.37,25.34,25.31,25.28,25.26,25.24,25.22,25.2,25.19,25.18,25.17,25.16,25.15,25.14,25.13,25.12,25.12,25.11,25.11,25.11,25.12,25.13,25.15,25.18,,,,,,,,,,,,,,,,,,,,,,,,,,,,,,,,,,,,,,,,,,,,,,,,,,,
E498x051.csv,178,23,Apple,Phase,0,-55.95,-53.78,-51.3,-48.52,-45.49,-42.22,-38.78,-35.25,-31.72,-28.28,-25.01,-21.96,-19.16,-16.64,-14.38,-12.4,-10.66,-9.15,-7.84,-6.71,-5.74,-4.91,-4.2,-3.58,-3.06,-2.62,-2.24,-1.91,-1.63,-1.4,-1.2,-1.02,-0.87,-0.75,-0.64,-0.54,-0.45,-0.38,-0.31,-0.25,-0.19,-0.13,-0.07,-0.01,0.05,0.11,0.19,0.27,0.36,0.47,0.59,,,,,,,,,,,,,,,,,,,,,,,,,,,,,,,,,,,,,,,,,,,,,,,,,,,
E498x052.csv,179,23,Apple,Impedance,2,79.47,72.15,65.94,60.63,56.15,52.38,49.26,46.7,44.63,42.98,41.66,40.62,39.8,39.16,38.65,38.25,37.94,37.68,37.48,37.32,37.19,37.09,37,36.92,36.86,36.81,36.77,36.73,36.7,36.68,36.65,36.64,36.62,36.6,36.59,36.58,36.57,36.56,36.55,36.54,36.53,36.53,36.52,36.51,36.49,36.48,36.52,36.52,36.54,36.57,36.61,,,,,,,,,,,,,,,,,,,,,,,,,,,,,,,,,,,,,,,,,,,,,,,,,,,
E498x052.csv,180,23,Apple,Phase,2,-50.67,-48.05,-45.22,-42.17,-38.98,-35.66,-32.31,-29,-25.79,-22.75,-19.93,-17.35,-15.04,-12.98,-11.16,-9.57,-8.2,-7.01,-5.99,-5.12,-4.36,-3.72,-3.18,-2.71,-2.31,-1.97,-1.68,-1.44,-1.23,-1.05,-0.9,-0.77,-0.66,-0.57,-0.49,-0.42,-0.36,-0.31,-0.27,-0.23,-0.19,-0.16,-0.13,-0.09,-0.06,-0.03,0,0.04,0.07,0.11,0.16,,,,,,,,,,,,,,,,,,,,,,,,,,,,,,,,,,,,,,,,,,,,,,,,,,,
E498x053.csv,181,23,Apple,Impedance,4,80.37,72.89,66.56,61.13,56.56,52.71,49.52,46.92,44.81,43.13,41.79,40.74,39.92,39.27,38.76,38.36,38.05,37.8,37.6,37.44,37.31,37.21,37.13,37.05,37,36.95,36.91,36.87,36.84,36.82,36.8,36.78,36.76,36.75,36.73,36.72,36.71,36.7,36.69,36.69,36.68,36.68,36.67,36.67,36.67,36.68,36.68,36.69,36.71,36.74,36.79,,,,,,,,,,,,,,,,,,,,,,,,,,,,,,,,,,,,,,,,,,,,,,,,,,,
E498x053.csv,182,23,Apple,Phase,4,-50.98,-48.38,-45.56,-42.51,-39.31,-35.98,-32.6,-29.25,-26.01,-22.93,-20.08,-17.47,-15.13,-13.05,-11.21,-9.61,-8.22,-7.03,-6,-5.12,-4.36,-3.72,-3.17,-2.7,-2.3,-1.96,-1.67,-1.43,-1.22,-1.04,-0.89,-0.76,-0.65,-0.56,-0.48,-0.41,-0.35,-0.3,-0.25,-0.21,-0.18,-0.15,-0.11,-0.08,-0.06,-0.03,0,0.04,0.07,0.11,0.16,,,,,,,,,,,,,,,,,,,,,,,,,,,,,,,,,,,,,,,,,,,,,,,,,,,
E498x054.csv,183,23,Apple,Impedance,6,80.97,73.43,67.03,61.54,56.91,53.02,49.8,47.17,45.05,43.35,42.01,40.95,40.12,39.47,38.97,38.57,38.25,38.01,37.81,37.65,37.52,37.42,37.33,37.26,37.21,37.16,37.12,37.08,37.06,37.03,37.01,36.99,36.97,36.96,36.95,36.94,36.93,36.92,36.91,36.9,36.9,36.89,36.89,36.89,36.89,36.89,36.9,36.91,36.93,36.96,37,,,,,,,,,,,,,,,,,,,,,,,,,,,,,,,,,,,,,,,,,,,,,,,,,,,
E498x054.csv,184,23,Apple,Phase,6,-51.1,-48.49,-45.67,-42.62,-39.41,-36.06,-32.68,-29.32,-26.06,-22.97,-20.11,-17.49,-15.14,-13.05,-11.21,-9.6,-8.21,-7.01,-5.98,-5.1,-4.35,-3.7,-3.15,-2.69,-2.29,-1.95,-1.66,-1.42,-1.21,-1.03,-0.88,-0.76,-0.65,-0.55,-0.47,-0.41,-0.35,-0.3,-0.25,-0.21,-0.18,-0.14,-0.11,-0.09,-0.06,-0.03,0,0.03,0.07,0.1,0.15,,,,,,,,,,,,,,,,,,,,,,,,,,,,,,,,,,,,,,,,,,,,,,,,,,,
E498x055.csv,185,24,Apple,Impedance,0,75.87,68.27,61.73,56.08,51.27,47.18,43.77,40.96,38.66,36.82,35.34,34.18,33.27,32.55,31.99,31.55,31.2,30.93,30.71,30.54,30.4,30.29,30.2,30.12,30.06,30.01,29.97,29.94,29.92,29.9,29.88,29.88,29.87,29.85,29.84,29.83,29.84,29.83,29.82,29.81,29.8,29.79,29.79,29.79,29.78,29.79,29.79,29.8,29.81,29.84,29.88,,,,,,,,,,,,,,,,,,,,,,,,,,,,,,,,,,,,,,,,,,,,,,,,,,,
E498x055.csv,186,24,Apple,Phase,0,-54.6,-52.36,-49.84,-47.04,-44,-40.73,-37.33,-33.85,-30.4,-27.04,-23.86,-20.9,-18.2,-15.77,-13.6,-11.69,-10.03,-8.59,-7.35,-6.28,-5.36,-4.58,-3.91,-3.34,-2.85,-2.43,-2.08,-1.77,-1.52,-1.3,-1.11,-0.95,-0.81,-0.7,-0.59,-0.5,-0.42,-0.35,-0.29,-0.23,-0.18,-0.12,-0.07,-0.01,0.05,0.12,0.19,0.27,0.36,0.47,0.6,,,,,,,,,,,,,,,,,,,,,,,,,,,,,,,,,,,,,,,,,,,,,,,,,,,
E498x056.csv,187,24,Apple,Impedance,2,81.76,74.27,67.99,62.61,58.07,54.24,51.05,48.42,46.29,44.57,43.21,42.12,41.27,40.59,40.06,39.64,39.32,39.06,38.85,38.69,38.55,38.44,38.35,38.28,38.22,38.17,38.12,38.08,38.05,38.03,38,37.98,37.96,37.94,37.93,37.92,37.9,37.89,37.88,37.88,37.87,37.86,37.86,37.85,37.85,37.86,37.86,37.87,37.89,37.92,37.97,,,,,,,,,,,,,,,,,,,,,,,,,,,,,,,,,,,,,,,,,,,,,,,,,,,
E498x056.csv,188,24,Apple,Phase,2,-50.15,-47.54,-44.75,-41.76,-38.63,-35.39,-32.11,-28.85,-25.69,-22.69,-19.9,-17.34,-15.03,-12.98,-11.16,-9.57,-8.2,-7.01,-5.98,-5.1,-4.35,-3.71,-3.16,-2.7,-2.3,-1.96,-1.68,-1.43,-1.23,-1.05,-0.9,-0.77,-0.66,-0.57,-0.49,-0.42,-0.36,-0.3,-0.26,-0.21,-0.17,-0.14,-0.1,-0.07,-0.03,0,0.04,0.08,0.13,0.18,0.25,,,,,,,,,,,,,,,,,,,,,,,,,,,,,,,,,,,,,,,,,,,,,,,,,,,
E498x057.csv,189,24,Apple,Impedance,4,82.68,75.06,68.62,63.11,58.45,54.52,51.25,48.57,46.39,44.65,43.26,42.16,41.3,40.62,40.1,39.68,39.36,39.1,38.89,38.73,38.6,38.49,38.4,38.33,38.27,38.22,38.18,38.14,38.11,38.09,38.06,38.04,38.03,38.01,38,37.98,37.97,37.96,37.95,37.95,37.94,37.93,37.93,37.93,37.93,37.93,37.94,37.95,37.97,38,38.04,,,,,,,,,,,,,,,,,,,,,,,,,,,,,,,,,,,,,,,,,,,,,,,,,,,
E498x057.csv,190,24,Apple,Phase,4,-50.6,-48.01,-45.23,-42.23,-39.09,-35.82,-32.5,-29.19,-25.99,-22.95,-20.11,-17.52,-15.17,-13.09,-11.25,-9.64,-8.24,-7.04,-6.01,-5.12,-4.36,-3.72,-3.17,-2.7,-2.3,-1.96,-1.67,-1.43,-1.22,-1.04,-0.89,-0.77,-0.66,-0.56,-0.48,-0.41,-0.35,-0.3,-0.25,-0.21,-0.17,-0.13,-0.1,-0.06,-0.03,0.01,0.05,0.09,0.14,0.19,0.25,,,,,,,,,,,,,,,,,,,,,,,,,,,,,,,,,,,,,,,,,,,,,,,,,,,
E498x058.csv,191,24,Apple,Impedance,6,79.56,72.14,65.51,60.13,55.58,51.7,48.47,45.27,43.32,41.4,39.73,38.63,37.72,37.07,36.66,36.47,36.3,35.88,35.87,36,35.81,35.67,35.57,35.49,35.44,35.96,35.91,35.87,35.85,35.82,35.77,35.69,35.62,35.57,35.64,35.59,35.42,35.3,35.14,34.96,34.69,34.22,33.6,32.87,31.95,31.26,30.41,31.01,32,22.6,22.94,,,,,,,,,,,,,,,,,,,,,,,,,,,,,,,,,,,,,,,,,,,,,,,,,,,
E498x058.csv,192,24,Apple,Phase,6,-50.91,-48.34,-45.7,-42.69,-39.53,-36.25,-32.93,-29.72,-26.48,-23.46,-20.66,-18.06,-15.73,-13.65,-11.8,-10.16,-8.75,-7.62,-6.56,-5.61,-4.91,-4.34,-3.86,-3.5,-3.21,-2.39,-2.16,-2,-1.85,-1.8,-1.82,-2.05,-2.33,-2.68,-2.53,-2.99,-4.13,-5.09,-6.33,-7.7,-9.46,-12,-14.92,-17.99,-21.36,-23.92,-26.74,-24.07,-23.1,-43.12,-17.9,,,,,,,,,,,,,,,,,,,,,,,,,,,,,,,,,,,,,,,,,,,,,,,,,,,
E498x059.csv,193,25,Apple,Impedance,0,68.51,61.71,55.88,50.86,46.61,43.04,40.07,37.64,35.67,34.09,32.84,31.85,31.08,30.47,29.99,29.62,29.32,29.06,28.86,28.71,28.59,28.5,28.42,28.35,28.3,28.25,28.21,28.18,28.15,28.13,28.1,28.08,28.06,28.05,28.04,28.02,28.01,28,27.99,27.98,27.98,27.97,27.97,27.97,27.96,27.96,27.97,27.97,27.99,28.01,28.04,,,,,,,,,,,,,,,,,,,,,,,,,,,,,,,,,,,,,,,,,,,,,,,,,,,
E498x059.csv,194,25,Apple,Phase,0,-53.49,-51.12,-48.47,-45.53,-42.37,-39.02,-35.58,-32.1,-28.69,-25.42,-22.36,-19.53,-16.96,-14.67,-12.63,-10.85,-9.3,-7.97,-6.81,-5.82,-4.97,-4.24,-3.62,-3.09,-2.64,-2.26,-1.93,-1.65,-1.42,-1.21,-1.04,-0.9,-0.77,-0.66,-0.57,-0.49,-0.42,-0.36,-0.3,-0.25,-0.2,-0.15,-0.11,-0.07,-0.02,0.03,0.08,0.14,0.2,0.28,0.36,,,,,,,,,,,,,,,,,,,,,,,,,,,,,,,,,,,,,,,,,,,,,,,,,,,
E498x060.csv,195,25,Apple,Impedance,2,81.74,74.57,68.55,63.43,59.12,55.51,52.52,50.07,48.1,46.51,45.26,44.27,43.49,42.89,42.41,42.04,41.75,41.52,41.34,41.2,41.08,40.99,40.91,40.85,40.8,40.75,40.72,40.68,40.66,40.63,40.61,40.6,40.58,40.56,40.55,40.54,40.53,40.52,40.51,40.5,40.49,40.49,40.48,40.48,40.48,40.48,40.49,40.5,40.52,40.56,40.6,,,,,,,,,,,,,,,,,,,,,,,,,,,,,,,,,,,,,,,,,,,,,,,,,,,
E498x060.csv,196,25,Apple,Phase,2,-48.79,-45.99,-43.03,-39.91,-36.69,-33.4,-30.12,-26.91,-23.84,-20.95,-18.29,-15.87,-13.71,-11.79,-10.1,-8.64,-7.37,-6.28,-5.35,-4.55,-3.87,-3.29,-2.8,-2.38,-2.03,-1.73,-1.47,-1.26,-1.08,-0.92,-0.79,-0.68,-0.59,-0.51,-0.44,-0.38,-0.33,-0.29,-0.26,-0.22,-0.2,-0.17,-0.15,-0.14,-0.12,-0.11,-0.09,-0.08,-0.07,-0.06,-0.05,,,,,,,,,,,,,,,,,,,,,,,,,,,,,,,,,,,,,,,,,,,,,,,,,,,
E498x061.csv,197,25,Apple,Impedance,4,82.33,75.06,68.92,63.7,59.31,55.63,52.59,50.1,48.1,46.5,45.23,44.23,43.44,42.83,42.36,41.98,41.69,41.46,41.28,41.14,41.02,40.93,40.85,40.79,40.74,40.69,40.66,40.63,40.6,40.58,40.56,40.54,40.52,40.51,40.5,40.48,40.47,40.46,40.46,40.45,40.44,40.44,40.43,40.43,40.43,40.43,40.44,40.45,40.47,40.5,40.55,,,,,,,,,,,,,,,,,,,,,,,,,,,,,,,,,,,,,,,,,,,,,,,,,,,
E498x061.csv,198,25,Apple,Phase,4,-49.11,-46.33,-43.37,-40.24,-37.01,-33.7,-30.39,-27.15,-24.05,-21.13,-18.44,-16,-13.81,-11.87,-10.17,-8.69,-7.42,-6.32,-5.38,-4.57,-3.89,-3.31,-2.81,-2.39,-2.03,-1.73,-1.48,-1.26,-1.08,-0.92,-0.79,-0.68,-0.59,-0.5,-0.44,-0.38,-0.33,-0.29,-0.25,-0.22,-0.19,-0.17,-0.15,-0.13,-0.11,-0.1,-0.09,-0.07,-0.06,-0.05,-0.03,,,,,,,,,,,,,,,,,,,,,,,,,,,,,,,,,,,,,,,,,,,,,,,,,,,
E498x062.csv,199,25,Apple,Impedance,6,82.7,75.39,69.2,63.93,59.5,55.79,52.73,50.23,48.21,46.6,45.33,44.32,43.54,42.94,42.47,42.09,41.8,41.57,41.39,41.24,41.13,41.04,40.96,40.9,40.86,40.82,40.78,40.75,40.72,40.7,40.68,40.66,40.64,40.63,40.61,40.6,40.59,40.58,40.57,40.57,40.56,40.56,40.55,40.55,40.55,40.55,40.55,40.56,40.58,40.62,40.66,,,,,,,,,,,,,,,,,,,,,,,,,,,,,,,,,,,,,,,,,,,,,,,,,,,
E498x062.csv,200,25,Apple,Phase,6,-49.23,-46.46,-43.5,-40.36,-37.11,-33.78,-30.45,-27.2,-24.09,-21.15,-18.46,-16.01,-13.82,-11.87,-10.17,-8.69,-7.41,-6.31,-5.37,-4.57,-3.88,-3.3,-2.8,-2.38,-2.03,-1.73,-1.47,-1.25,-1.07,-0.92,-0.78,-0.67,-0.58,-0.5,-0.43,-0.37,-0.33,-0.28,-0.25,-0.22,-0.19,-0.17,-0.15,-0.13,-0.12,-0.1,-0.09,-0.08,-0.07,-0.06,-0.04,,,,,,,,,,,,,,,,,,,,,,,,,,,,,,,,,,,,,,,,,,,,,,,,,,,
E498x063.csv,201,26,Apple,Impedance,0,71.23,63.99,57.77,52.42,47.9,44.1,40.97,38.41,36.36,34.71,33.41,32.39,31.59,30.96,30.47,30.09,29.79,29.55,29.37,29.21,29.09,28.99,28.91,28.84,28.79,28.74,28.7,28.67,28.64,28.61,28.59,28.57,28.55,28.53,28.52,28.5,28.48,28.46,28.45,28.44,28.43,28.42,28.42,28.41,28.41,28.41,28.41,28.42,28.43,28.45,28.48,,,,,,,,,,,,,,,,,,,,,,,,,,,,,,,,,,,,,,,,,,,,,,,,,,,
E498x063.csv,202,26,Apple,Phase,0,-54.35,-52.02,-49.37,-46.41,-43.21,-39.79,-36.27,-32.72,-29.22,-25.87,-22.72,-19.83,-17.21,-14.87,-12.8,-10.98,-9.41,-8.04,-6.87,-5.87,-5,-4.27,-3.64,-3.11,-2.65,-2.27,-1.94,-1.66,-1.42,-1.22,-1.04,-0.9,-0.77,-0.66,-0.57,-0.48,-0.41,-0.35,-0.29,-0.23,-0.18,-0.13,-0.08,-0.03,0.02,0.08,0.14,0.21,0.29,0.38,0.49,,,,,,,,,,,,,,,,,,,,,,,,,,,,,,,,,,,,,,,,,,,,,,,,,,,
E498x064.csv,203,26,Apple,Impedance,2,85.28,78.26,72.28,67.21,62.96,59.41,56.5,54.12,52.21,50.67,49.46,48.49,47.73,47.13,46.65,46.28,45.98,45.74,45.55,45.39,45.26,45.16,45.07,45,44.95,44.9,44.86,44.82,44.79,44.77,44.74,44.72,44.71,44.69,44.68,44.67,44.66,44.65,44.64,44.63,44.63,44.62,44.62,44.62,44.62,44.62,44.63,44.65,44.67,44.71,44.77,,,,,,,,,,,,,,,,,,,,,,,,,,,,,,,,,,,,,,,,,,,,,,,,,,,
E498x064.csv,204,26,Apple,Phase,2,-45.88,-43.15,-40.24,-37.18,-34.04,-30.86,-27.73,-24.7,-21.82,-19.15,-16.7,-14.49,-12.53,-10.79,-9.26,-7.94,-6.79,-5.81,-4.96,-4.23,-3.61,-3.08,-2.63,-2.24,-1.91,-1.63,-1.4,-1.2,-1.02,-0.88,-0.76,-0.65,-0.56,-0.49,-0.42,-0.37,-0.32,-0.28,-0.25,-0.22,-0.19,-0.17,-0.15,-0.14,-0.13,-0.12,-0.11,-0.1,-0.1,-0.1,-0.09,,,,,,,,,,,,,,,,,,,,,,,,,,,,,,,,,,,,,,,,,,,,,,,,,,,
E498x065.csv,205,26,Apple,Impedance,4,87.12,79.9,73.78,68.58,64.24,60.61,57.63,55.21,53.26,51.7,50.47,49.49,48.72,48.12,47.64,47.26,46.96,46.72,46.53,46.38,46.25,46.15,46.07,46,45.94,45.89,45.86,45.82,45.79,45.77,45.74,45.73,45.71,45.69,45.68,45.67,45.66,45.65,45.64,45.64,45.63,45.63,45.62,45.62,45.63,45.63,45.64,45.65,45.68,45.72,45.77,,,,,,,,,,,,,,,,,,,,,,,,,,,,,,,,,,,,,,,,,,,,,,,,,,,
E498x065.csv,206,26,Apple,Phase,4,-45.96,-43.21,-40.29,-37.22,-34.07,-30.88,-27.73,-24.68,-21.8,-19.11,-16.65,-14.44,-12.47,-10.73,-9.2,-7.88,-6.74,-5.75,-4.91,-4.18,-3.56,-3.04,-2.59,-2.21,-1.88,-1.6,-1.37,-1.17,-1,-0.86,-0.74,-0.63,-0.55,-0.47,-0.41,-0.35,-0.31,-0.27,-0.24,-0.21,-0.18,-0.16,-0.15,-0.13,-0.12,-0.11,-0.1,-0.1,-0.1,-0.09,-0.09,,,,,,,,,,,,,,,,,,,,,,,,,,,,,,,,,,,,,,,,,,,,,,,,,,,
E498x066.csv,207,26,Apple,Impedance,6,87.94,80.64,74.45,69.2,64.81,61.15,58.15,55.71,53.75,52.18,50.94,49.97,49.2,48.59,48.11,47.74,47.44,47.2,47.01,46.86,46.73,46.63,46.55,46.48,46.42,46.37,46.33,46.3,46.27,46.25,46.22,46.21,46.19,46.17,46.16,46.15,46.14,46.13,46.12,46.12,46.11,46.11,46.1,46.1,46.1,46.11,46.12,46.13,46.16,46.2,46.25,,,,,,,,,,,,,,,,,,,,,,,,,,,,,,,,,,,,,,,,,,,,,,,,,,,
E498x066.csv,208,26,Apple,Phase,6,-45.92,-43.19,-40.27,-37.19,-34.04,-30.84,-27.68,-24.63,-21.74,-19.05,-16.59,-14.38,-12.41,-10.67,-9.15,-7.83,-6.69,-5.71,-4.87,-4.15,-3.54,-3.01,-2.56,-2.18,-1.86,-1.59,-1.35,-1.16,-0.99,-0.85,-0.73,-0.62,-0.54,-0.46,-0.4,-0.35,-0.3,-0.26,-0.23,-0.2,-0.18,-0.16,-0.14,-0.13,-0.12,-0.11,-0.1,-0.1,-0.09,-0.09,-0.09,,,,,,,,,,,,,,,,,,,,,,,,,,,,,,,,,,,,,,,,,,,,,,,,,,,
E498x067.csv,209,27,Apple,Impedance,0,79.41,71.33,64.35,58.29,53.1,48.69,45,41.96,39.47,37.47,35.86,34.59,33.59,32.79,32.17,31.67,31.28,30.97,30.72,30.51,30.35,30.22,30.11,30.02,29.95,29.89,29.83,29.79,29.76,29.73,29.7,29.68,29.66,29.64,29.63,29.62,29.6,29.59,29.59,29.58,29.57,29.57,29.56,29.56,29.56,29.56,29.57,29.58,29.59,29.62,29.65,,,,,,,,,,,,,,,,,,,,,,,,,,,,,,,,,,,,,,,,,,,,,,,,,,,
E498x067.csv,210,27,Apple,Phase,0,-55.67,-53.55,-51.13,-48.4,-45.41,-42.16,-38.76,-35.26,-31.75,-28.34,-25.08,-22.05,-19.26,-16.75,-14.5,-12.51,-10.78,-9.26,-7.95,-6.81,-5.83,-4.99,-4.27,-3.65,-3.12,-2.67,-2.28,-1.95,-1.67,-1.43,-1.23,-1.05,-0.9,-0.77,-0.66,-0.56,-0.48,-0.4,-0.34,-0.28,-0.22,-0.17,-0.12,-0.07,-0.02,0.03,0.09,0.15,0.22,0.3,0.39,,,,,,,,,,,,,,,,,,,,,,,,,,,,,,,,,,,,,,,,,,,,,,,,,,,
E498x068.csv,211,27,Apple,Impedance,2,95.38,87.23,80.37,74.52,69.59,65.46,62.04,59.24,56.97,55.14,53.69,52.54,51.63,50.91,50.34,49.89,49.53,49.24,49.02,48.83,48.68,48.56,48.46,48.37,48.3,48.25,48.2,48.16,48.12,48.09,48.06,48.04,48.02,48,47.99,47.97,47.96,47.95,47.94,47.93,47.93,47.92,47.92,47.92,47.92,47.92,47.93,47.95,47.97,48.01,48.07,,,,,,,,,,,,,,,,,,,,,,,,,,,,,,,,,,,,,,,,,,,,,,,,,,,
E498x068.csv,212,27,Apple,Phase,2,-47.96,-45.19,-42.28,-39.21,-36.04,-32.81,-29.6,-26.46,-23.46,-20.64,-18.05,-15.69,-13.58,-11.71,-10.06,-8.63,-7.39,-6.32,-5.4,-4.61,-3.93,-3.35,-2.86,-2.44,-2.08,-1.78,-1.52,-1.3,-1.11,-0.95,-0.82,-0.7,-0.61,-0.52,-0.45,-0.39,-0.34,-0.3,-0.26,-0.23,-0.2,-0.18,-0.16,-0.14,-0.12,-0.11,-0.1,-0.09,-0.08,-0.07,-0.07,,,,,,,,,,,,,,,,,,,,,,,,,,,,,,,,,,,,,,,,,,,,,,,,,,,
E498x069.csv,213,27,Apple,Impedance,4,96.78,88.49,81.5,75.54,70.53,66.32,62.85,60,57.7,55.86,54.39,53.23,52.32,51.6,51.03,50.58,50.23,49.95,49.72,49.54,49.39,49.27,49.17,49.09,49.02,48.97,48.92,48.88,48.85,48.82,48.79,48.77,48.75,48.73,48.72,48.7,48.69,48.68,48.67,48.66,48.66,48.65,48.65,48.65,48.65,48.65,48.66,48.68,48.7,48.74,48.8,,,,,,,,,,,,,,,,,,,,,,,,,,,,,,,,,,,,,,,,,,,,,,,,,,,
E498x069.csv,214,27,Apple,Phase,4,-48.03,-45.27,-42.35,-39.27,-36.09,-32.85,-29.62,-26.46,-23.44,-20.61,-18,-15.64,-13.52,-11.65,-10,-8.57,-7.33,-6.26,-5.34,-4.56,-3.89,-3.31,-2.82,-2.41,-2.05,-1.75,-1.49,-1.28,-1.09,-0.94,-0.8,-0.69,-0.59,-0.51,-0.44,-0.38,-0.33,-0.29,-0.25,-0.22,-0.2,-0.18,-0.16,-0.14,-0.13,-0.12,-0.11,-0.11,-0.11,-0.1,-0.1,,,,,,,,,,,,,,,,,,,,,,,,,,,,,,,,,,,,,,,,,,,,,,,,,,,
E498x070.csv,215,27,Apple,Impedance,6,97.38,89.05,82,76,70.95,66.71,63.21,60.35,58.04,56.19,54.72,53.56,52.65,51.93,51.36,50.91,50.56,50.28,50.05,49.87,49.72,49.6,49.51,49.42,49.36,49.3,49.25,49.21,49.18,49.15,49.12,49.1,49.08,49.06,49.05,49.04,49.03,49.01,49.01,49,48.99,48.99,48.98,48.98,48.98,48.99,49,49.01,49.04,49.08,49.14,,,,,,,,,,,,,,,,,,,,,,,,,,,,,,,,,,,,,,,,,,,,,,,,,,,
E498x070.csv,216,27,Apple,Phase,6,-48.03,-45.28,-42.36,-39.27,-36.09,-32.84,-29.6,-26.44,-23.41,-20.58,-17.97,-15.6,-13.49,-11.62,-9.97,-8.54,-7.3,-6.23,-5.32,-4.54,-3.87,-3.29,-2.81,-2.39,-2.04,-1.74,-1.48,-1.27,-1.08,-0.93,-0.79,-0.68,-0.59,-0.5,-0.44,-0.38,-0.33,-0.29,-0.25,-0.22,-0.19,-0.17,-0.16,-0.14,-0.13,-0.12,-0.11,-0.11,-0.1,-0.1,-0.1,,,,,,,,,,,,,,,,,,,,,,,,,,,,,,,,,,,,,,,,,,,,,,,,,,,
E498x071.csv,217,28,Apple,Impedance,0,88.68,80.64,73.77,67.86,62.86,58.62,55.1,52.2,49.83,47.89,46.35,45.13,44.15,43.37,42.74,42.24,41.84,41.51,41.23,41.01,40.83,40.69,40.57,40.46,40.38,40.3,40.24,40.19,40.14,40.1,40.06,40.03,40,39.98,39.96,39.94,39.92,39.9,39.89,39.87,39.86,39.85,39.84,39.83,39.83,39.83,39.83,39.84,39.86,39.89,39.93,,,,,,,,,,,,,,,,,,,,,,,,,,,,,,,,,,,,,,,,,,,,,,,,,,,
E498x071.csv,218,28,Apple,Phase,0,-49.93,-47.46,-44.78,-41.88,-38.83,-35.64,-32.41,-29.2,-26.08,-23.11,-20.35,-17.81,-15.52,-13.47,-11.64,-10.05,-8.66,-7.45,-6.4,-5.5,-4.72,-4.05,-3.48,-2.99,-2.57,-2.21,-1.9,-1.64,-1.41,-1.22,-1.06,-0.92,-0.8,-0.7,-0.61,-0.53,-0.47,-0.41,-0.36,-0.32,-0.28,-0.25,-0.22,-0.2,-0.17,-0.15,-0.13,-0.11,-0.09,-0.08,-0.06,,,,,,,,,,,,,,,,,,,,,,,,,,,,,,,,,,,,,,,,,,,,,,,,,,,
E498x072.csv,219,28,Apple,Impedance,2,94.42,87.05,80.89,75.66,71.27,67.59,64.53,62.02,59.97,58.3,56.96,55.88,55.01,54.3,53.73,53.27,52.9,52.59,52.34,52.14,51.97,51.83,51.71,51.61,51.53,51.46,51.4,51.35,51.31,51.27,51.24,51.21,51.18,51.16,51.14,51.13,51.11,51.1,51.08,51.07,51.06,51.05,51.05,51.04,51.04,51.04,51.05,51.07,51.09,51.13,51.19,,,,,,,,,,,,,,,,,,,,,,,,,,,,,,,,,,,,,,,,,,,,,,,,,,,
E498x072.csv,220,28,Apple,Phase,2,-44.01,-41.21,-38.32,-35.34,-32.33,-29.32,-26.37,-23.53,-20.86,-18.37,-16.09,-14.03,-12.2,-10.56,-9.12,-7.86,-6.77,-5.82,-5,-4.29,-3.68,-3.16,-2.71,-2.32,-1.99,-1.71,-1.47,-1.26,-1.09,-0.94,-0.81,-0.7,-0.61,-0.53,-0.47,-0.41,-0.36,-0.32,-0.29,-0.26,-0.24,-0.22,-0.21,-0.2,-0.19,-0.19,-0.19,-0.2,-0.21,-0.23,-0.25,,,,,,,,,,,,,,,,,,,,,,,,,,,,,,,,,,,,,,,,,,,,,,,,,,,
E498x073.csv,221,28,Apple,Impedance,4,95.24,87.75,81.45,76.09,71.59,67.82,64.71,62.15,60.07,58.39,57.03,55.94,55.07,54.36,53.8,53.34,52.97,52.67,52.42,52.22,52.06,51.92,51.8,51.71,51.63,51.56,51.51,51.46,51.41,51.38,51.35,51.32,51.3,51.28,51.26,51.24,51.23,51.21,51.2,51.19,51.18,51.18,51.17,51.17,51.17,51.17,51.18,51.19,51.22,51.26,51.32,,,,,,,,,,,,,,,,,,,,,,,,,,,,,,,,,,,,,,,,,,,,,,,,,,,
E498x073.csv,222,28,Apple,Phase,4,-44.45,-41.67,-38.77,-35.76,-32.72,-29.66,-26.67,-23.79,-21.07,-18.54,-16.23,-14.14,-12.28,-10.62,-9.16,-7.89,-6.79,-5.83,-5,-4.29,-3.68,-3.15,-2.7,-2.31,-1.98,-1.7,-1.46,-1.25,-1.08,-0.93,-0.8,-0.69,-0.6,-0.52,-0.45,-0.4,-0.35,-0.31,-0.28,-0.25,-0.23,-0.21,-0.2,-0.19,-0.18,-0.18,-0.18,-0.18,-0.19,-0.2,-0.22,,,,,,,,,,,,,,,,,,,,,,,,,,,,,,,,,,,,,,,,,,,,,,,,,,,
E498x074.csv,223,28,Apple,Impedance,6,95.87,88.26,81.86,76.42,71.87,68.05,64.9,62.31,60.22,58.52,57.16,56.07,55.2,54.49,53.93,53.47,53.11,52.81,52.56,52.36,52.2,52.06,51.95,51.86,51.78,51.71,51.66,51.61,51.57,51.53,51.5,51.48,51.45,51.43,51.42,51.4,51.39,51.37,51.36,51.35,51.34,51.33,51.33,51.33,51.33,51.33,51.34,51.35,51.38,51.42,51.48,,,,,,,,,,,,,,,,,,,,,,,,,,,,,,,,,,,,,,,,,,,,,,,,,,,
E498x074.csv,224,28,Apple,Phase,6,-44.71,-41.92,-39.01,-35.98,-32.92,-29.83,-26.81,-23.91,-21.16,-18.61,-16.28,-14.17,-12.3,-10.63,-9.17,-7.89,-6.78,-5.82,-4.99,-4.28,-3.66,-3.14,-2.69,-2.3,-1.97,-1.69,-1.45,-1.24,-1.07,-0.92,-0.79,-0.68,-0.59,-0.51,-0.45,-0.39,-0.34,-0.3,-0.27,-0.24,-0.22,-0.2,-0.19,-0.18,-0.17,-0.16,-0.16,-0.17,-0.17,-0.18,-0.2,,,,,,,,,,,,,,,,,,,,,,,,,,,,,,,,,,,,,,,,,,,,,,,,,,,
E498x075.csv,225,29,Apple,Impedance,0,75.81,68.15,61.56,55.85,50.97,46.81,43.32,40.43,38.08,36.18,34.66,33.46,32.51,31.77,31.18,30.72,30.37,30.08,29.85,29.67,29.53,29.41,29.31,29.23,29.16,29.11,29.06,29.02,28.99,28.97,28.94,28.92,28.9,28.88,28.87,28.85,28.84,28.83,28.82,28.82,28.81,28.81,28.8,28.8,28.8,28.8,28.81,28.81,28.83,28.85,28.89,,,,,,,,,,,,,,,,,,,,,,,,,,,,,,,,,,,,,,,,,,,,,,,,,,,
E498x075.csv,226,29,Apple,Phase,0,-55.27,-53.12,-50.67,-47.94,-44.96,-41.74,-38.35,-34.86,-31.38,-27.98,-24.73,-21.71,-18.93,-16.43,-14.19,-12.22,-10.5,-9.01,-7.71,-6.6,-5.64,-4.82,-4.12,-3.52,-3.01,-2.57,-2.2,-1.88,-1.61,-1.38,-1.18,-1.01,-0.86,-0.74,-0.63,-0.54,-0.45,-0.38,-0.31,-0.25,-0.19,-0.14,-0.08,-0.03,0.03,0.09,0.16,0.23,0.32,0.42,0.54,,,,,,,,,,,,,,,,,,,,,,,,,,,,,,,,,,,,,,,,,,,,,,,,,,,
E498x076.csv,227,29,Apple,Impedance,2,94.72,86.4,79.45,73.52,68.5,64.25,60.71,57.79,55.41,53.49,51.95,50.73,49.77,49,48.4,47.93,47.55,47.25,47.01,46.82,46.66,46.54,46.43,46.35,46.27,46.21,46.17,46.12,46.09,46.05,46.03,46,45.98,45.97,45.95,45.94,45.93,45.91,45.91,45.9,45.89,45.89,45.88,45.88,45.88,45.89,45.89,45.91,45.93,45.97,46.03,,,,,,,,,,,,,,,,,,,,,,,,,,,,,,,,,,,,,,,,,,,,,,,,,,,
E498x076.csv,228,29,Apple,Phase,2,-48.76,-46.12,-43.32,-40.35,-37.28,-34.1,-30.91,-27.75,-24.7,-21.82,-19.13,-16.68,-14.47,-12.5,-10.75,-9.23,-7.91,-6.76,-5.78,-4.94,-4.21,-3.6,-3.07,-2.62,-2.23,-1.91,-1.63,-1.4,-1.2,-1.02,-0.88,-0.76,-0.65,-0.56,-0.48,-0.42,-0.36,-0.32,-0.28,-0.24,-0.21,-0.18,-0.16,-0.14,-0.12,-0.11,-0.09,-0.08,-0.06,-0.05,-0.03,,,,,,,,,,,,,,,,,,,,,,,,,,,,,,,,,,,,,,,,,,,,,,,,,,,
E498x077.csv,229,29,Apple,Impedance,4,96.35,87.85,80.72,74.63,69.48,65.13,61.51,58.53,56.11,54.16,52.6,51.37,50.39,49.62,49.02,48.54,48.16,47.86,47.62,47.43,47.27,47.14,47.04,46.95,46.88,46.82,46.77,46.73,46.69,46.66,46.63,46.61,46.59,46.57,46.56,46.54,46.53,46.52,46.51,46.5,46.49,46.49,46.48,46.48,46.48,46.48,46.49,46.51,46.53,46.57,46.62,,,,,,,,,,,,,,,,,,,,,,,,,,,,,,,,,,,,,,,,,,,,,,,,,,,
E498x077.csv,230,29,Apple,Phase,4,-48.98,-46.34,-43.53,-40.55,-37.44,-34.24,-31.01,-27.82,-24.75,-21.84,-19.14,-16.67,-14.45,-12.47,-10.72,-9.2,-7.88,-6.73,-5.75,-4.91,-4.19,-3.57,-3.04,-2.6,-2.21,-1.89,-1.61,-1.38,-1.18,-1.01,-0.87,-0.74,-0.64,-0.55,-0.48,-0.41,-0.36,-0.31,-0.27,-0.23,-0.2,-0.18,-0.16,-0.14,-0.12,-0.1,-0.09,-0.07,-0.06,-0.05,-0.03,,,,,,,,,,,,,,,,,,,,,,,,,,,,,,,,,,,,,,,,,,,,,,,,,,,
E498x078.csv,231,29,Apple,Impedance,6,97.26,88.68,81.45,75.26,70.04,65.63,61.97,58.96,56.52,54.56,52.99,51.75,50.78,50.01,49.4,48.93,48.55,48.25,48.02,47.82,47.67,47.54,47.44,47.35,47.28,47.22,47.17,47.13,47.1,47.07,47.04,47.02,47,46.98,46.96,46.95,46.94,46.93,46.92,46.91,46.9,46.9,46.89,46.89,46.89,46.89,46.9,46.92,46.94,46.98,47.03,,,,,,,,,,,,,,,,,,,,,,,,,,,,,,,,,,,,,,,,,,,,,,,,,,,
E498x078.csv,232,29,Apple,Phase,6,-49.09,-46.46,-43.65,-40.65,-37.52,-34.3,-31.05,-27.85,-24.76,-21.83,-19.12,-16.64,-14.42,-12.43,-10.69,-9.16,-7.84,-6.7,-5.72,-4.88,-4.16,-3.55,-3.02,-2.58,-2.2,-1.87,-1.6,-1.37,-1.17,-1,-0.86,-0.73,-0.63,-0.54,-0.47,-0.4,-0.35,-0.3,-0.26,-0.23,-0.2,-0.17,-0.15,-0.13,-0.12,-0.1,-0.09,-0.07,-0.06,-0.05,-0.03,,,,,,,,,,,,,,,,,,,,,,,,,,,,,,,,,,,,,,,,,,,,,,,,,,,
E498x079.csv,233,30,Apple,Impedance,0,79.65,71.71,64.88,58.97,53.94,49.65,46.08,43.12,40.72,38.78,37.24,36.03,35.08,34.34,33.76,33.31,32.95,32.67,32.45,32.28,32.14,32.02,31.93,31.86,31.79,31.74,31.69,31.65,31.62,31.59,31.57,31.54,31.52,31.5,31.48,31.47,31.46,31.44,31.43,31.42,31.41,31.4,31.39,31.39,31.39,31.38,31.38,31.39,31.4,31.43,31.46,,,,,,,,,,,,,,,,,,,,,,,,,,,,,,,,,,,,,,,,,,,,,,,,,,,
E498x079.csv,234,30,Apple,Phase,0,-54.45,-52.23,-49.74,-46.96,-43.93,-40.67,-37.26,-33.79,-30.33,-26.96,-23.77,-20.81,-18.1,-15.66,-13.5,-11.59,-9.94,-8.5,-7.26,-6.2,-5.29,-4.52,-3.86,-3.3,-2.82,-2.41,-2.06,-1.77,-1.52,-1.31,-1.13,-0.98,-0.84,-0.73,-0.65,-0.58,-0.5,-0.44,-0.39,-0.35,-0.32,-0.29,-0.25,-0.2,-0.17,-0.15,-0.12,-0.07,-0.03,0.01,0.06,,,,,,,,,,,,,,,,,,,,,,,,,,,,,,,,,,,,,,,,,,,,,,,,,,,
E498x080.csv,235,30,Apple,Impedance,2,85.52,78.68,73,68.19,64.14,60.75,57.94,55.63,53.75,52.23,51.01,50.04,49.27,48.65,48.16,47.76,47.45,47.2,46.99,46.82,46.69,46.57,46.48,46.4,46.33,46.28,46.23,46.19,46.15,46.12,46.09,46.07,46.05,46.03,46.01,46,45.99,45.97,45.96,45.96,45.95,45.94,45.94,45.93,45.93,45.94,45.94,45.96,45.98,46.02,46.07,,,,,,,,,,,,,,,,,,,,,,,,,,,,,,,,,,,,,,,,,,,,,,,,,,,
E498x080.csv,236,30,Apple,Phase,2,-44.93,-42.06,-39.13,-36.11,-33.05,-29.98,-26.97,-24.07,-21.31,-18.73,-16.38,-14.25,-12.34,-10.65,-9.16,-7.87,-6.75,-5.78,-4.95,-4.24,-3.62,-3.1,-2.65,-2.27,-1.94,-1.67,-1.43,-1.23,-1.06,-0.91,-0.78,-0.68,-0.59,-0.51,-0.44,-0.39,-0.34,-0.3,-0.26,-0.23,-0.2,-0.18,-0.16,-0.15,-0.14,-0.12,-0.12,-0.11,-0.1,-0.1,-0.09,,,,,,,,,,,,,,,,,,,,,,,,,,,,,,,,,,,,,,,,,,,,,,,,,,,
E498x081.csv,237,30,Apple,Impedance,4,87.45,80.35,74.42,69.39,65.16,61.6,58.66,56.24,54.28,52.7,51.44,50.44,49.65,49.02,48.52,48.12,47.81,47.55,47.35,47.18,47.05,46.93,46.84,46.76,46.7,46.64,46.6,46.56,46.52,46.49,46.47,46.44,46.42,46.41,46.39,46.38,46.36,46.35,46.34,46.33,46.33,46.32,46.32,46.31,46.31,46.32,46.32,46.34,46.36,46.4,46.45,,,,,,,,,,,,,,,,,,,,,,,,,,,,,,,,,,,,,,,,,,,,,,,,,,,
E498x081.csv,238,30,Apple,Phase,4,-45.53,-42.72,-39.8,-36.78,-33.71,-30.6,-27.54,-24.57,-21.75,-19.11,-16.7,-14.51,-12.55,-10.82,-9.3,-7.98,-6.83,-5.85,-5,-4.27,-3.65,-3.12,-2.66,-2.28,-1.94,-1.66,-1.42,-1.22,-1.05,-0.9,-0.77,-0.67,-0.58,-0.5,-0.43,-0.38,-0.33,-0.29,-0.25,-0.22,-0.2,-0.18,-0.16,-0.14,-0.13,-0.12,-0.11,-0.1,-0.09,-0.08,-0.08,,,,,,,,,,,,,,,,,,,,,,,,,,,,,,,,,,,,,,,,,,,,,,,,,,,
E498x082.csv,239,30,Apple,Impedance,6,88.41,81.19,75.13,69.98,65.65,62.01,59,56.54,54.54,52.93,51.65,50.63,49.83,49.2,48.69,48.3,47.98,47.73,47.52,47.36,47.22,47.11,47.02,46.94,46.88,46.83,46.78,46.74,46.71,46.68,46.65,46.63,46.61,46.59,46.58,46.57,46.55,46.54,46.53,46.52,46.52,46.51,46.51,46.5,46.5,46.51,46.52,46.53,46.55,46.59,46.64,,,,,,,,,,,,,,,,,,,,,,,,,,,,,,,,,,,,,,,,,,,,,,,,,,,
E498x082.csv,240,30,Apple,Phase,6,-45.87,-43.07,-40.16,-37.13,-34.04,-30.91,-27.82,-24.82,-21.97,-19.3,-16.85,-14.63,-12.65,-10.9,-9.36,-8.02,-6.87,-5.87,-5.02,-4.28,-3.66,-3.12,-2.66,-2.27,-1.94,-1.66,-1.42,-1.22,-1.04,-0.89,-0.77,-0.66,-0.57,-0.49,-0.43,-0.37,-0.32,-0.28,-0.25,-0.22,-0.19,-0.17,-0.15,-0.14,-0.12,-0.11,-0.1,-0.1,-0.09,-0.08,-0.08,,,,,,,,,,,,,,,,,,,,,,,,,,,,,,,,,,,,,,,,,,,,,,,,,,,
,,,,,,,,,,,,,,,,,,,,,,,,,,,,,,,,,,,,,,,,,,,,,,,,,,,,,,,,,,,,,,,,,,,,,,,,,,,,,,,,,,,,,,,,,,,,,,,,,,,,,,,,,,,
E498x094.csv,241,31,Apple,Impedance,0,73.13,65.85,59.55,54.11,49.49,45.6,42.37,39.72,37.57,35.84,34.47,33.38,32.52,31.84,31.3,30.88,30.54,30.28,30.06,29.89,29.75,29.63,29.54,29.46,29.39,29.34,29.29,29.25,29.22,29.19,29.17,29.14,29.12,29.11,29.09,29.08,29.07,29.05,29.05,29.04,29.03,29.02,29.02,29.02,29.02,29.02,29.02,29.03,29.05,29.07,29.11,,,,,,,,,,,,,,,,,,,,,,,,,,,,,,,,,,,,,,,,,,,,,,,,,,,
E498x094.csv,242,31,Apple,Phase,0,-54.67,-52.33,-49.68,-46.74,-43.57,-40.19,-36.71,-33.19,-29.72,-26.39,-23.26,-20.37,-17.75,-15.39,-13.3,-11.45,-9.85,-8.45,-7.25,-6.21,-5.31,-4.55,-3.89,-3.33,-2.85,-2.44,-2.09,-1.79,-1.54,-1.32,-1.14,-0.98,-0.84,-0.73,-0.63,-0.54,-0.46,-0.39,-0.34,-0.28,-0.23,-0.19,-0.15,-0.11,-0.06,-0.02,0.02,0.07,0.12,0.18,0.25,,,,,,,,,,,,,,,,,,,,,,,,,,,,,,,,,,,,,,,,,,,,,,,,,,,
E498x095.csv,243,31,Apple,Impedance,2,80.8,73.61,67.51,62.32,57.97,54.32,51.31,48.85,46.86,45.26,43.99,42.97,42.16,41.51,41,40.59,40.26,39.99,39.77,39.59,39.45,39.33,39.23,39.14,39.07,39.01,38.96,38.91,38.87,38.84,38.81,38.78,38.76,38.74,38.73,38.71,38.7,38.68,38.67,38.67,38.66,38.65,38.65,38.64,38.64,38.64,38.65,38.66,38.68,38.72,38.77,,,,,,,,,,,,,,,,,,,,,,,,,,,,,,,,,,,,,,,,,,,,,,,,,,,
E498x095.csv,244,31,Apple,Phase,2,-49.13,-46.39,-43.45,-40.33,-37.11,-33.81,-30.52,-27.31,-24.25,-21.38,-18.73,-16.33,-14.17,-12.26,-10.58,-9.1,-7.83,-6.72,-5.77,-4.95,-4.24,-3.64,-3.12,-2.67,-2.29,-1.97,-1.69,-1.45,-1.25,-1.08,-0.93,-0.8,-0.69,-0.6,-0.52,-0.46,-0.4,-0.35,-0.31,-0.27,-0.25,-0.22,-0.2,-0.18,-0.17,-0.16,-0.16,-0.16,-0.16,-0.16,-0.17,,,,,,,,,,,,,,,,,,,,,,,,,,,,,,,,,,,,,,,,,,,,,,,,,,,
E498x096.csv,245,31,Apple,Impedance,4,80.89,73.61,67.43,62.17,57.76,54.08,51.05,48.57,46.58,44.98,43.71,42.7,41.9,41.26,40.76,40.35,40.03,39.77,39.56,39.39,39.25,39.13,39.04,38.96,38.89,38.83,38.78,38.74,38.7,38.67,38.64,38.62,38.6,38.58,38.56,38.55,38.54,38.53,38.52,38.51,38.5,38.49,38.49,38.49,38.49,38.49,38.5,38.51,38.53,38.56,38.61,,,,,,,,,,,,,,,,,,,,,,,,,,,,,,,,,,,,,,,,,,,,,,,,,,,
E498x096.csv,246,31,Apple,Phase,4,-49.65,-46.9,-43.94,-40.79,-37.52,-34.16,-30.83,-27.57,-24.45,-21.53,-18.84,-16.41,-14.23,-12.29,-10.59,-9.1,-7.82,-6.7,-5.74,-4.92,-4.21,-3.61,-3.09,-2.64,-2.27,-1.94,-1.67,-1.43,-1.23,-1.06,-0.91,-0.79,-0.68,-0.59,-0.51,-0.44,-0.39,-0.34,-0.3,-0.26,-0.24,-0.21,-0.19,-0.18,-0.16,-0.15,-0.15,-0.15,-0.15,-0.15,-0.16,,,,,,,,,,,,,,,,,,,,,,,,,,,,,,,,,,,,,,,,,,,,,,,,,,,
E498x097.csv,247,31,Apple,Impedance,6,80.97,73.63,67.41,62.11,57.68,53.97,50.92,48.45,46.45,44.85,43.58,42.57,41.77,41.14,40.64,40.24,39.92,39.66,39.46,39.29,39.15,39.03,38.94,38.86,38.79,38.74,38.69,38.65,38.61,38.58,38.56,38.53,38.51,38.5,38.48,38.47,38.45,38.44,38.43,38.43,38.42,38.41,38.41,38.41,38.41,38.41,38.42,38.43,38.45,38.49,38.54,,,,,,,,,,,,,,,,,,,,,,,,,,,,,,,,,,,,,,,,,,,,,,,,,,,
E498x097.csv,248,31,Apple,Phase,6,-49.88,-47.13,-44.16,-40.99,-37.7,-34.33,-30.97,-27.68,-24.54,-21.6,-18.9,-16.45,-14.25,-12.31,-10.6,-9.11,-7.82,-6.7,-5.74,-4.91,-4.2,-3.6,-3.08,-2.63,-2.25,-1.93,-1.65,-1.42,-1.22,-1.05,-0.9,-0.78,-0.67,-0.58,-0.5,-0.44,-0.38,-0.33,-0.29,-0.26,-0.23,-0.21,-0.19,-0.17,-0.16,-0.15,-0.14,-0.14,-0.14,-0.14,-0.15,,,,,,,,,,,,,,,,,,,,,,,,,,,,,,,,,,,,,,,,,,,,,,,,,,,
E498x098.csv,249,32,Apple,Impedance,0,69.89,62.84,56.79,51.58,47.18,43.47,40.4,37.89,35.85,34.23,32.94,31.92,31.13,30.51,30.02,29.64,29.34,29.11,28.92,28.77,28.65,28.55,28.47,28.4,28.35,28.3,28.26,28.22,28.19,28.17,28.15,28.13,28.11,28.09,28.08,28.07,28.06,28.05,28.04,28.03,28.03,28.02,28.01,28.01,28.01,28.01,28.02,28.03,28.04,28.06,28.1,,,,,,,,,,,,,,,,,,,,,,,,,,,,,,,,,,,,,,,,,,,,,,,,,,,
E498x098.csv,250,32,Apple,Phase,0,-54.91,-52.5,-49.79,-46.79,-43.57,-40.13,-36.6,-33.03,-29.52,-26.15,-22.99,-20.07,-17.42,-15.06,-12.96,-11.13,-9.54,-8.16,-6.97,-5.96,-5.08,-4.34,-3.71,-3.16,-2.7,-2.31,-1.98,-1.69,-1.45,-1.24,-1.07,-0.92,-0.79,-0.68,-0.58,-0.5,-0.43,-0.37,-0.32,-0.27,-0.22,-0.18,-0.15,-0.11,-0.08,-0.04,-0.01,0.03,0.07,0.12,0.17,,,,,,,,,,,,,,,,,,,,,,,,,,,,,,,,,,,,,,,,,,,,,,,,,,,
E498x099.csv,251,32,Apple,Impedance,2,81.17,74.01,67.96,62.77,58.4,54.72,51.66,49.16,47.12,45.49,44.18,43.15,42.33,41.68,41.16,40.75,40.43,40.17,39.96,39.79,39.65,39.53,39.44,39.36,39.29,39.24,39.19,39.15,39.11,39.08,39.06,39.03,39.01,39,38.98,38.97,38.96,38.95,38.94,38.93,38.92,38.92,38.91,38.91,38.91,38.91,38.92,38.93,38.95,38.99,39.03,,,,,,,,,,,,,,,,,,,,,,,,,,,,,,,,,,,,,,,,,,,,,,,,,,,
E498x099.csv,252,32,Apple,Phase,2,-48.95,-46.27,-43.42,-40.38,-37.24,-34,-30.76,-27.57,-24.51,-21.61,-18.94,-16.5,-14.31,-12.36,-10.64,-9.14,-7.85,-6.72,-5.75,-4.92,-4.21,-3.6,-3.08,-2.63,-2.25,-1.93,-1.65,-1.41,-1.21,-1.04,-0.9,-0.77,-0.67,-0.58,-0.5,-0.44,-0.38,-0.33,-0.3,-0.26,-0.24,-0.21,-0.2,-0.18,-0.17,-0.17,-0.17,-0.17,-0.17,-0.18,-0.19,,,,,,,,,,,,,,,,,,,,,,,,,,,,,,,,,,,,,,,,,,,,,,,,,,,
E498x100.csv,253,32,Apple,Impedance,4,81.67,74.39,68.2,62.92,58.47,54.72,51.62,49.08,47.03,45.39,44.08,43.04,42.23,41.59,41.08,40.68,40.36,40.1,39.9,39.73,39.6,39.49,39.4,39.32,39.26,39.2,39.16,39.12,39.09,39.06,39.03,39.01,38.99,38.98,38.96,38.95,38.94,38.93,38.92,38.91,38.91,38.9,38.9,38.9,38.9,38.9,38.91,38.92,38.95,38.98,39.03,,,,,,,,,,,,,,,,,,,,,,,,,,,,,,,,,,,,,,,,,,,,,,,,,,,
E498x100.csv,254,32,Apple,Phase,4,-49.39,-46.72,-43.85,-40.79,-37.61,-34.33,-31.04,-27.8,-24.69,-21.75,-19.04,-16.57,-14.35,-12.38,-10.65,-9.14,-7.84,-6.71,-5.74,-4.9,-4.19,-3.58,-3.06,-2.61,-2.23,-1.91,-1.63,-1.4,-1.2,-1.03,-0.88,-0.76,-0.66,-0.57,-0.49,-0.43,-0.37,-0.33,-0.29,-0.25,-0.23,-0.21,-0.19,-0.17,-0.17,-0.16,-0.16,-0.16,-0.16,-0.17,-0.18,,,,,,,,,,,,,,,,,,,,,,,,,,,,,,,,,,,,,,,,,,,,,,,,,,,
E498x101.csv,255,32,Apple,Impedance,6,82.19,74.8,68.53,63.16,58.64,54.85,51.72,49.16,47.09,45.44,44.13,43.09,42.28,41.64,41.13,40.73,40.42,40.17,39.97,39.8,39.67,39.56,39.47,39.39,39.33,39.28,39.24,39.2,39.17,39.14,39.11,39.09,39.08,39.06,39.05,39.03,39.02,39.01,39,39,38.99,38.99,38.98,38.98,38.98,38.99,38.99,39.01,39.03,39.06,39.12,,,,,,,,,,,,,,,,,,,,,,,,,,,,,,,,,,,,,,,,,,,,,,,,,,,
E498x101.csv,256,32,Apple,Phase,6,-49.71,-47.04,-44.16,-41.08,-37.87,-34.56,-31.23,-27.96,-24.81,-21.85,-19.11,-16.62,-14.38,-12.4,-10.66,-9.14,-7.83,-6.7,-5.72,-4.89,-4.17,-3.56,-3.04,-2.6,-2.22,-1.9,-1.62,-1.39,-1.19,-1.02,-0.87,-0.75,-0.65,-0.56,-0.48,-0.42,-0.37,-0.32,-0.28,-0.25,-0.22,-0.2,-0.18,-0.17,-0.16,-0.15,-0.15,-0.15,-0.16,-0.16,-0.17,,,,,,,,,,,,,,,,,,,,,,,,,,,,,,,,,,,,,,,,,,,,,,,,,,,
E498x102.csv,257,33,Apple,Impedance,0,69.3,62.35,56.38,51.24,46.88,43.2,40.14,37.64,35.61,33.98,32.69,31.68,30.89,30.27,29.78,29.4,29.1,28.87,28.68,28.53,28.41,28.31,28.23,28.16,28.1,28.05,28.01,27.98,27.95,27.92,27.9,27.88,27.86,27.84,27.83,27.81,27.8,27.79,27.78,27.77,27.76,27.76,27.75,27.75,27.74,27.74,27.75,27.75,27.77,27.79,27.82,,,,,,,,,,,,,,,,,,,,,,,,,,,,,,,,,,,,,,,,,,,,,,,,,,,
E498x102.csv,258,33,Apple,Phase,0,-54.02,-51.69,-49.09,-46.2,-43.07,-39.73,-36.27,-32.77,-29.31,-25.98,-22.85,-19.95,-17.33,-14.97,-12.89,-11.06,-9.48,-8.11,-6.93,-5.92,-5.05,-4.31,-3.68,-3.14,-2.69,-2.3,-1.96,-1.68,-1.44,-1.24,-1.06,-0.91,-0.79,-0.68,-0.59,-0.5,-0.44,-0.37,-0.32,-0.28,-0.23,-0.2,-0.16,-0.13,-0.1,-0.07,-0.04,-0.01,0.03,0.07,0.11,,,,,,,,,,,,,,,,,,,,,,,,,,,,,,,,,,,,,,,,,,,,,,,,,,,
E498x103.csv,259,33,Apple,Impedance,2,76.52,69.64,63.85,58.92,54.78,51.3,48.44,46.08,44.2,42.69,41.5,40.55,39.81,39.23,38.77,38.41,38.13,37.9,37.72,37.57,37.45,37.35,37.26,37.19,37.14,37.09,37.05,37.01,36.98,36.95,36.93,36.91,36.89,36.88,36.86,36.85,36.84,36.83,36.82,36.81,36.81,36.8,36.8,36.79,36.79,36.8,36.8,36.81,36.83,36.86,36.91,,,,,,,,,,,,,,,,,,,,,,,,,,,,,,,,,,,,,,,,,,,,,,,,,,,
E498x103.csv,260,33,Apple,Phase,2,-49.58,-46.83,-43.89,-40.76,-37.52,-34.19,-30.85,-27.58,-24.44,-21.5,-18.78,-16.32,-14.11,-12.16,-10.44,-8.95,-7.66,-6.55,-5.6,-4.78,-4.08,-3.49,-2.98,-2.54,-2.17,-1.86,-1.59,-1.36,-1.17,-1.01,-0.87,-0.75,-0.65,-0.56,-0.49,-0.43,-0.37,-0.33,-0.29,-0.26,-0.24,-0.22,-0.2,-0.19,-0.18,-0.18,-0.17,-0.18,-0.19,-0.2,-0.21,,,,,,,,,,,,,,,,,,,,,,,,,,,,,,,,,,,,,,,,,,,,,,,,,,,
E498x104.csv,261,33,Apple,Impedance,4,77.24,70.23,64.29,59.23,54.99,51.42,48.49,46.1,44.17,42.63,41.42,40.46,39.71,39.13,38.67,38.3,38.02,37.79,37.61,37.46,37.34,37.24,37.16,37.09,37.04,36.99,36.95,36.91,36.89,36.86,36.84,36.82,36.8,36.79,36.77,36.76,36.75,36.74,36.73,36.72,36.72,36.71,36.71,36.71,36.71,36.71,36.72,36.73,36.75,36.78,36.83,,,,,,,,,,,,,,,,,,,,,,,,,,,,,,,,,,,,,,,,,,,,,,,,,,,
E498x104.csv,262,33,Apple,Phase,4,-50.16,-47.4,-44.46,-41.32,-38.05,-34.69,-31.31,-28,-24.81,-21.81,-19.05,-16.54,-14.3,-12.31,-10.57,-9.05,-7.74,-6.61,-5.65,-4.82,-4.11,-3.51,-2.99,-2.55,-2.18,-1.86,-1.59,-1.36,-1.17,-1,-0.86,-0.74,-0.64,-0.56,-0.48,-0.42,-0.37,-0.32,-0.29,-0.26,-0.23,-0.21,-0.19,-0.18,-0.17,-0.17,-0.17,-0.17,-0.17,-0.18,-0.2,,,,,,,,,,,,,,,,,,,,,,,,,,,,,,,,,,,,,,,,,,,,,,,,,,,
E498x105.csv,263,33,Apple,Impedance,6,77.73,70.63,64.62,59.48,55.18,51.57,48.59,46.18,44.23,42.68,41.45,40.49,39.74,39.15,38.69,38.32,38.04,37.81,37.63,37.48,37.36,37.27,37.19,37.12,37.07,37.02,36.98,36.95,36.92,36.89,36.87,36.85,36.83,36.82,36.81,36.8,36.79,36.78,36.77,36.76,36.76,36.75,36.75,36.75,36.75,36.75,36.76,36.77,36.79,36.82,36.87,,,,,,,,,,,,,,,,,,,,,,,,,,,,,,,,,,,,,,,,,,,,,,,,,,,
E498x105.csv,264,33,Apple,Phase,6,-50.4,-47.67,-44.73,-41.58,-38.3,-34.91,-31.51,-28.17,-24.96,-21.94,-19.16,-16.63,-14.37,-12.37,-10.61,-9.08,-7.77,-6.63,-5.66,-4.83,-4.12,-3.51,-2.99,-2.55,-2.18,-1.86,-1.59,-1.36,-1.17,-1,-0.86,-0.74,-0.64,-0.55,-0.48,-0.42,-0.36,-0.32,-0.28,-0.25,-0.23,-0.21,-0.19,-0.18,-0.17,-0.16,-0.16,-0.16,-0.17,-0.18,-0.19,,,,,,,,,,,,,,,,,,,,,,,,,,,,,,,,,,,,,,,,,,,,,,,,,,,
E498x106.csv,265,34,Apple,Impedance,0,66.45,59.84,54.14,49.24,45.1,41.6,38.7,36.33,34.41,32.87,31.65,30.7,29.95,29.37,28.91,28.55,28.27,28.05,27.88,27.74,27.62,27.53,27.45,27.39,27.34,27.3,27.26,27.23,27.2,27.17,27.15,27.13,27.12,27.1,27.09,27.08,27.07,27.06,27.05,27.04,27.04,27.03,27.03,27.02,27.02,27.02,27.03,27.03,27.05,27.07,27.1,,,,,,,,,,,,,,,,,,,,,,,,,,,,,,,,,,,,,,,,,,,,,,,,,,,
E498x106.csv,266,34,Apple,Phase,0,-53.93,-51.52,-48.86,-45.91,-42.74,-39.37,-35.9,-32.39,-28.94,-25.63,-22.52,-19.65,-17.06,-14.74,-12.68,-10.88,-9.32,-7.97,-6.82,-5.82,-4.97,-4.24,-3.62,-3.09,-2.64,-2.26,-1.94,-1.66,-1.42,-1.22,-1.05,-0.9,-0.78,-0.67,-0.58,-0.5,-0.44,-0.38,-0.33,-0.28,-0.24,-0.2,-0.17,-0.14,-0.11,-0.09,-0.06,-0.03,0,0.03,0.07,,,,,,,,,,,,,,,,,,,,,,,,,,,,,,,,,,,,,,,,,,,,,,,,,,,
E498x107.csv,267,34,Apple,Impedance,2,72.94,66.34,60.77,56.03,52.04,48.69,45.93,43.67,41.86,40.4,39.26,38.35,37.64,37.09,36.65,36.31,36.04,35.82,35.65,35.52,35.4,35.31,35.24,35.17,35.12,35.08,35.04,35.01,34.98,34.96,34.94,34.92,34.9,34.89,34.87,34.86,34.85,34.84,34.83,34.83,34.82,34.82,34.81,34.81,34.81,34.81,34.82,34.83,34.85,34.88,34.92,,,,,,,,,,,,,,,,,,,,,,,,,,,,,,,,,,,,,,,,,,,,,,,,,,,
E498x107.csv,268,34,Apple,Phase,2,-49.63,-46.92,-44.01,-40.91,-37.69,-34.36,-31.03,-27.75,-24.6,-21.63,-18.9,-16.41,-14.19,-12.22,-10.49,-8.98,-7.68,-6.56,-5.6,-4.77,-4.07,-3.47,-2.96,-2.53,-2.16,-1.84,-1.57,-1.35,-1.15,-0.99,-0.85,-0.73,-0.63,-0.55,-0.48,-0.42,-0.36,-0.32,-0.28,-0.25,-0.23,-0.21,-0.19,-0.18,-0.17,-0.17,-0.16,-0.17,-0.17,-0.18,-0.19,,,,,,,,,,,,,,,,,,,,,,,,,,,,,,,,,,,,,,,,,,,,,,,,,,,
E498x108.csv,269,34,Apple,Impedance,4,73.5,66.79,61.1,56.25,52.17,48.74,45.93,43.63,41.78,40.31,39.14,38.23,37.51,36.95,36.52,36.17,35.9,35.69,35.52,35.39,35.28,35.19,35.11,35.05,35,34.96,34.92,34.89,34.86,34.84,34.82,34.8,34.79,34.77,34.76,34.75,34.74,34.73,34.73,34.72,34.72,34.71,34.71,34.71,34.71,34.71,34.72,34.73,34.75,34.78,34.82,,,,,,,,,,,,,,,,,,,,,,,,,,,,,,,,,,,,,,,,,,,,,,,,,,,
E498x108.csv,270,34,Apple,Phase,4,-50.15,-47.44,-44.53,-41.42,-38.17,-34.81,-31.44,-28.12,-24.92,-21.91,-19.14,-16.61,-14.35,-12.35,-10.59,-9.06,-7.75,-6.61,-5.64,-4.8,-4.09,-3.49,-2.97,-2.53,-2.16,-1.84,-1.57,-1.34,-1.15,-0.99,-0.85,-0.73,-0.63,-0.54,-0.47,-0.41,-0.36,-0.31,-0.28,-0.25,-0.22,-0.2,-0.18,-0.17,-0.16,-0.16,-0.15,-0.15,-0.16,-0.17,-0.18,,,,,,,,,,,,,,,,,,,,,,,,,,,,,,,,,,,,,,,,,,,,,,,,,,,
E498x109.csv,271,34,Apple,Impedance,6,73.98,67.16,61.37,56.44,52.3,48.82,45.96,43.63,41.76,40.27,39.1,38.18,37.46,36.9,36.46,36.12,35.85,35.64,35.47,35.33,35.22,35.13,35.06,35,34.95,34.91,34.87,34.84,34.82,34.79,34.77,34.76,34.74,34.73,34.72,34.71,34.7,34.69,34.68,34.68,34.67,34.67,34.67,34.66,34.66,34.67,34.67,34.69,34.71,34.74,34.78,,,,,,,,,,,,,,,,,,,,,,,,,,,,,,,,,,,,,,,,,,,,,,,,,,,
E498x109.csv,272,34,Apple,Phase,6,-50.44,-47.75,-44.85,-41.73,-38.46,-35.09,-31.68,-28.33,-25.11,-22.07,-19.27,-16.72,-14.44,-12.42,-10.65,-9.11,-7.78,-6.64,-5.66,-4.82,-4.1,-3.49,-2.98,-2.54,-2.16,-1.84,-1.57,-1.34,-1.15,-0.98,-0.84,-0.72,-0.62,-0.54,-0.46,-0.4,-0.35,-0.31,-0.27,-0.24,-0.21,-0.19,-0.17,-0.16,-0.15,-0.14,-0.13,-0.13,-0.13,-0.13,-0.14,,,,,,,,,,,,,,,,,,,,,,,,,,,,,,,,,,,,,,,,,,,,,,,,,,,
E498x110.csv,273,35,Apple,Impedance,0,65.74,58.95,53.1,48.07,43.79,40.18,37.18,34.72,32.73,31.15,29.89,28.9,28.13,27.53,27.06,26.7,26.41,26.19,26.01,25.87,25.76,25.67,25.59,25.53,25.48,25.43,25.39,25.36,25.33,25.31,25.29,25.27,25.25,25.24,25.22,25.21,25.2,25.2,25.19,25.18,25.18,25.17,25.17,25.16,25.16,25.17,25.17,25.18,25.19,25.21,25.24,,,,,,,,,,,,,,,,,,,,,,,,,,,,,,,,,,,,,,,,,,,,,,,,,,,
E498x110.csv,274,35,Apple,Phase,0,-56,-53.69,-51.07,-48.15,-44.97,-41.57,-38.02,-34.4,-30.81,-27.34,-24.05,-21.02,-18.25,-15.77,-13.58,-11.65,-9.98,-8.53,-7.29,-6.22,-5.31,-4.53,-3.86,-3.29,-2.81,-2.4,-2.05,-1.75,-1.5,-1.28,-1.1,-0.94,-0.81,-0.69,-0.59,-0.51,-0.44,-0.37,-0.32,-0.27,-0.23,-0.19,-0.15,-0.12,-0.09,-0.05,-0.02,0.01,0.05,0.09,0.13,,,,,,,,,,,,,,,,,,,,,,,,,,,,,,,,,,,,,,,,,,,,,,,,,,,
E498x111.csv,275,35,Apple,Impedance,2,71.43,64.72,59.05,54.2,50.11,46.68,43.83,41.51,39.63,38.13,36.94,36,35.26,34.68,34.23,33.87,33.59,33.37,33.19,33.05,32.93,32.84,32.76,32.7,32.65,32.6,32.56,32.53,32.51,32.48,32.46,32.44,32.43,32.42,32.4,32.39,32.39,32.38,32.37,32.37,32.36,32.36,32.35,32.35,32.35,32.36,32.36,32.38,32.39,32.42,32.46,,,,,,,,,,,,,,,,,,,,,,,,,,,,,,,,,,,,,,,,,,,,,,,,,,,
E498x111.csv,276,35,Apple,Phase,2,-51.44,-48.78,-45.92,-42.85,-39.61,-36.24,-32.84,-29.46,-26.2,-23.1,-20.23,-17.6,-15.24,-13.14,-11.29,-9.68,-8.29,-7.08,-6.04,-5.16,-4.4,-3.75,-3.2,-2.72,-2.32,-1.98,-1.69,-1.44,-1.23,-1.05,-0.9,-0.77,-0.66,-0.57,-0.49,-0.42,-0.36,-0.31,-0.26,-0.23,-0.19,-0.16,-0.14,-0.12,-0.09,-0.07,-0.05,-0.04,-0.02,0,0.03,,,,,,,,,,,,,,,,,,,,,,,,,,,,,,,,,,,,,,,,,,,,,,,,,,,
E498x112.csv,277,35,Apple,Impedance,4,71.92,65.12,59.36,54.43,50.28,46.78,43.9,41.54,39.64,38.12,36.92,35.97,35.23,34.65,34.2,33.84,33.56,33.34,33.17,33.03,32.91,32.82,32.75,32.68,32.63,32.59,32.55,32.52,32.5,32.48,32.46,32.44,32.43,32.41,32.4,32.39,32.39,32.38,32.37,32.37,32.36,32.36,32.36,32.36,32.36,32.36,32.37,32.38,32.4,32.43,32.47,,,,,,,,,,,,,,,,,,,,,,,,,,,,,,,,,,,,,,,,,,,,,,,,,,,
E498x112.csv,278,35,Apple,Phase,4,-51.8,-49.15,-46.29,-43.2,-39.95,-36.56,-33.13,-29.72,-26.42,-23.29,-20.38,-17.73,-15.34,-13.22,-11.35,-9.73,-8.32,-7.1,-6.06,-5.16,-4.4,-3.75,-3.19,-2.72,-2.32,-1.97,-1.68,-1.43,-1.22,-1.05,-0.89,-0.76,-0.65,-0.56,-0.48,-0.41,-0.35,-0.3,-0.26,-0.22,-0.19,-0.16,-0.13,-0.11,-0.09,-0.07,-0.05,-0.03,-0.01,0.02,0.04,,,,,,,,,,,,,,,,,,,,,,,,,,,,,,,,,,,,,,,,,,,,,,,,,,,
E498x113.csv,279,35,Apple,Impedance,6,72.42,65.56,59.73,54.73,50.52,46.99,44.07,41.68,39.76,38.23,37.01,36.06,35.32,34.73,34.28,33.92,33.64,33.42,33.25,33.11,32.99,32.9,32.83,32.77,32.72,32.67,32.64,32.61,32.58,32.56,32.54,32.53,32.51,32.5,32.49,32.48,32.47,32.47,32.46,32.46,32.45,32.45,32.45,32.45,32.45,32.45,32.46,32.47,32.49,32.52,32.56,,,,,,,,,,,,,,,,,,,,,,,,,,,,,,,,,,,,,,,,,,,,,,,,,,,
E498x113.csv,280,35,Apple,Phase,6,-51.98,-49.35,-46.49,-43.39,-40.13,-36.73,-33.28,-29.85,-26.53,-23.39,-20.46,-17.79,-15.39,-13.26,-11.38,-9.75,-8.34,-7.11,-6.07,-5.17,-4.4,-3.75,-3.19,-2.72,-2.31,-1.97,-1.68,-1.43,-1.22,-1.04,-0.89,-0.76,-0.65,-0.56,-0.48,-0.41,-0.35,-0.3,-0.25,-0.22,-0.18,-0.15,-0.13,-0.11,-0.08,-0.06,-0.04,-0.02,0,0.02,0.05,,,,,,,,,,,,,,,,,,,,,,,,,,,,,,,,,,,,,,,,,,,,,,,,,,,
E498x114.csv,281,36,Apple,Impedance,0,67.99,61.23,55.4,50.37,46.11,42.5,39.5,37.04,35.04,33.44,32.17,31.17,30.38,29.76,29.29,28.91,28.62,28.39,28.21,28.06,27.94,27.85,27.77,27.71,27.66,27.61,27.57,27.54,27.51,27.48,27.46,27.44,27.42,27.41,27.39,27.38,27.37,27.36,27.35,27.34,27.33,27.33,27.32,27.32,27.31,27.31,27.32,27.32,27.34,27.36,27.39,,,,,,,,,,,,,,,,,,,,,,,,,,,,,,,,,,,,,,,,,,,,,,,,,,,
E498x114.csv,282,36,Apple,Phase,0,-54.34,-52.01,-49.4,-46.49,-43.36,-40.01,-36.54,-33.04,-29.57,-26.22,-23.07,-20.15,-17.5,-15.12,-13.01,-11.16,-9.56,-8.17,-6.98,-5.95,-5.08,-4.33,-3.7,-3.15,-2.69,-2.3,-1.97,-1.68,-1.44,-1.24,-1.07,-0.92,-0.79,-0.68,-0.59,-0.51,-0.44,-0.39,-0.33,-0.29,-0.25,-0.22,-0.19,-0.16,-0.14,-0.12,-0.09,-0.07,-0.05,-0.03,-0.01,,,,,,,,,,,,,,,,,,,,,,,,,,,,,,,,,,,,,,,,,,,,,,,,,,,
E498x115.csv,283,36,Apple,Impedance,2,71.72,65.17,59.61,54.86,50.88,47.55,44.8,42.57,40.77,39.33,38.19,37.29,36.58,36.02,35.58,35.23,34.95,34.73,34.55,34.41,34.29,34.2,34.12,34.05,34,33.95,33.92,33.88,33.86,33.83,33.81,33.79,33.78,33.76,33.75,33.74,33.73,33.72,33.72,33.71,33.71,33.7,33.7,33.7,33.7,33.7,33.71,33.72,33.74,33.77,33.81,,,,,,,,,,,,,,,,,,,,,,,,,,,,,,,,,,,,,,,,,,,,,,,,,,,
E498x115.csv,284,36,Apple,Phase,2,-50.16,-47.44,-44.51,-41.38,-38.11,-34.75,-31.38,-28.07,-24.9,-21.91,-19.16,-16.66,-14.43,-12.44,-10.7,-9.18,-7.87,-6.73,-5.75,-4.91,-4.19,-3.58,-3.06,-2.61,-2.23,-1.9,-1.63,-1.39,-1.19,-1.02,-0.87,-0.75,-0.65,-0.56,-0.48,-0.41,-0.36,-0.31,-0.27,-0.23,-0.2,-0.18,-0.15,-0.13,-0.11,-0.1,-0.08,-0.07,-0.05,-0.04,-0.02,,,,,,,,,,,,,,,,,,,,,,,,,,,,,,,,,,,,,,,,,,,,,,,,,,,
E498x116.csv,285,36,Apple,Impedance,4,72.32,65.66,60.01,55.19,51.14,47.76,44.98,42.72,40.9,39.45,38.3,37.4,36.69,36.13,35.7,35.35,35.08,34.86,34.69,34.55,34.43,34.34,34.27,34.21,34.15,34.11,34.07,34.04,34.02,33.99,33.97,33.96,33.94,33.93,33.92,33.91,33.9,33.89,33.88,33.88,33.87,33.87,33.87,33.86,33.87,33.87,33.88,33.89,33.91,33.94,33.98,,,,,,,,,,,,,,,,,,,,,,,,,,,,,,,,,,,,,,,,,,,,,,,,,,,
E498x116.csv,286,36,Apple,Phase,4,-50.45,-47.74,-44.81,-41.65,-38.36,-34.97,-31.56,-28.22,-25.01,-21.99,-19.21,-16.69,-14.44,-12.44,-10.68,-9.15,-7.84,-6.69,-5.72,-4.88,-4.16,-3.55,-3.02,-2.58,-2.2,-1.87,-1.6,-1.37,-1.17,-1,-0.86,-0.74,-0.63,-0.54,-0.47,-0.4,-0.35,-0.3,-0.26,-0.23,-0.19,-0.17,-0.15,-0.13,-0.11,-0.09,-0.08,-0.06,-0.05,-0.03,-0.02,,,,,,,,,,,,,,,,,,,,,,,,,,,,,,,,,,,,,,,,,,,,,,,,,,,
E498x117.csv,287,36,Apple,Impedance,6,72.63,65.92,60.22,55.36,51.29,47.88,45.09,42.81,40.99,39.54,38.39,37.49,36.78,36.23,35.79,35.45,35.18,34.96,34.79,34.65,34.54,34.45,34.38,34.32,34.27,34.22,34.19,34.16,34.13,34.11,34.09,34.07,34.06,34.04,34.03,34.02,34.02,34.01,34,34,33.99,33.99,33.98,33.98,33.98,33.99,34,34.01,34.03,34.06,34.1,,,,,,,,,,,,,,,,,,,,,,,,,,,,,,,,,,,,,,,,,,,,,,,,,,,
E498x117.csv,288,36,Apple,Phase,6,-50.58,-47.86,-44.92,-41.75,-38.45,-35.04,-31.62,-28.26,-25.03,-22,-19.21,-16.68,-14.42,-12.42,-10.66,-9.13,-7.81,-6.67,-5.69,-4.85,-4.14,-3.53,-3,-2.56,-2.18,-1.86,-1.59,-1.35,-1.16,-0.99,-0.85,-0.73,-0.62,-0.54,-0.46,-0.4,-0.34,-0.3,-0.26,-0.22,-0.19,-0.16,-0.14,-0.12,-0.1,-0.09,-0.07,-0.06,-0.04,-0.03,-0.01,,,,,,,,,,,,,,,,,,,,,,,,,,,,,,,,,,,,,,,,,,,,,,,,,,,
E498x118.csv,289,37,Apple,Impedance,0,78.67,70.86,64.17,58.4,53.5,49.37,45.93,43.11,40.83,38.99,37.53,36.37,35.46,34.73,34.16,33.7,33.34,33.04,32.81,32.62,32.46,32.34,32.23,32.16,32.09,32.02,31.96,31.91,31.87,31.84,31.81,31.78,31.75,31.73,31.72,31.7,31.68,31.67,31.66,31.65,31.64,31.64,31.63,31.63,31.63,31.63,31.63,31.64,31.66,31.69,31.73,,,,,,,,,,,,,,,,,,,,,,,,,,,,,,,,,,,,,,,,,,,,,,,,,,,
E498x118.csv,290,37,Apple,Phase,0,-53.93,-51.63,-49.03,-46.14,-43.02,-39.69,-36.25,-32.77,-29.34,-26.05,-22.96,-20.11,-17.52,-15.2,-13.14,-11.33,-9.75,-8.38,-7.19,-6.17,-5.29,-4.53,-3.88,-3.32,-2.84,-2.44,-2.09,-1.79,-1.54,-1.32,-1.14,-0.98,-0.84,-0.73,-0.63,-0.54,-0.47,-0.4,-0.35,-0.3,-0.25,-0.21,-0.18,-0.14,-0.11,-0.08,-0.05,-0.02,0.02,0.05,0.09,,,,,,,,,,,,,,,,,,,,,,,,,,,,,,,,,,,,,,,,,,,,,,,,,,,
E498x119.csv,291,37,Apple,Impedance,2,80.54,73.57,67.68,62.66,58.45,54.93,52.03,49.67,47.76,46.24,45.03,44.08,43.33,42.73,42.27,41.9,41.6,41.37,41.18,41.03,40.91,40.81,40.72,40.65,40.59,40.54,40.5,40.47,40.44,40.41,40.39,40.37,40.35,40.33,40.32,40.31,40.3,40.29,40.28,40.27,40.27,40.26,40.26,40.25,40.25,40.26,40.26,40.28,40.3,40.33,40.38,,,,,,,,,,,,,,,,,,,,,,,,,,,,,,,,,,,,,,,,,,,,,,,,,,,
E498x119.csv,292,37,Apple,Phase,2,-48.13,-45.35,-42.4,-39.29,-36.07,-32.79,-29.52,-26.34,-23.31,-20.47,-17.86,-15.51,-13.4,-11.55,-9.91,-8.49,-7.27,-6.21,-5.31,-4.53,-3.87,-3.3,-2.81,-2.4,-2.05,-1.75,-1.5,-1.28,-1.1,-0.94,-0.81,-0.7,-0.6,-0.52,-0.45,-0.39,-0.34,-0.3,-0.27,-0.24,-0.21,-0.19,-0.18,-0.17,-0.16,-0.15,-0.15,-0.15,-0.16,-0.16,-0.17,,,,,,,,,,,,,,,,,,,,,,,,,,,,,,,,,,,,,,,,,,,,,,,,,,,
E498x120.csv,293,37,Apple,Impedance,4,81.4,74.3,68.29,63.16,58.86,55.26,52.3,49.89,47.95,46.41,45.18,44.22,43.46,42.86,42.39,42.02,41.73,41.5,41.31,41.16,41.04,40.94,40.86,40.79,40.74,40.69,40.65,40.62,40.59,40.56,40.54,40.52,40.51,40.49,40.48,40.47,40.46,40.45,40.44,40.44,40.43,40.43,40.42,40.42,40.42,40.43,40.44,40.45,40.47,40.5,40.55,,,,,,,,,,,,,,,,,,,,,,,,,,,,,,,,,,,,,,,,,,,,,,,,,,,
E498x120.csv,294,37,Apple,Phase,4,-48.5,-45.74,-42.79,-39.66,-36.43,-33.12,-29.82,-26.61,-23.54,-20.66,-18.02,-15.64,-13.51,-11.63,-9.98,-8.54,-7.3,-6.24,-5.32,-4.54,-3.87,-3.3,-2.81,-2.4,-2.04,-1.74,-1.49,-1.27,-1.09,-0.93,-0.8,-0.69,-0.59,-0.51,-0.44,-0.38,-0.33,-0.29,-0.26,-0.23,-0.21,-0.19,-0.17,-0.16,-0.15,-0.14,-0.14,-0.14,-0.15,-0.15,-0.16,,,,,,,,,,,,,,,,,,,,,,,,,,,,,,,,,,,,,,,,,,,,,,,,,,,
E498x121.csv,295,37,Apple,Impedance,6,81.98,74.82,68.74,63.55,59.21,55.57,52.58,50.15,48.19,46.63,45.4,44.43,43.67,43.07,42.6,42.23,41.94,41.71,41.52,41.38,41.25,41.16,41.08,41.01,40.95,40.91,40.87,40.83,40.81,40.78,40.76,40.74,40.73,40.71,40.7,40.69,40.68,40.67,40.67,40.66,40.65,40.65,40.65,40.65,40.65,40.65,40.66,40.67,40.7,40.73,40.78,,,,,,,,,,,,,,,,,,,,,,,,,,,,,,,,,,,,,,,,,,,,,,,,,,,
E498x121.csv,296,37,Apple,Phase,6,-48.63,-45.87,-42.91,-39.77,-36.53,-33.2,-29.9,-26.67,-23.58,-20.7,-18.05,-15.65,-13.52,-11.63,-9.97,-8.53,-7.3,-6.23,-5.31,-4.53,-3.86,-3.28,-2.8,-2.38,-2.03,-1.73,-1.48,-1.26,-1.08,-0.92,-0.79,-0.68,-0.58,-0.5,-0.44,-0.38,-0.33,-0.29,-0.25,-0.23,-0.2,-0.18,-0.17,-0.16,-0.15,-0.15,-0.14,-0.15,-0.15,-0.16,-0.17,,,,,,,,,,,,,,,,,,,,,,,,,,,,,,,,,,,,,,,,,,,,,,,,,,,
E498x122.csv,297,38,Apple,Impedance,0,76.32,68.82,62.43,56.96,52.34,48.46,45.26,42.64,40.53,38.84,37.49,36.43,35.59,34.93,34.42,34.01,33.7,33.44,33.24,33.07,32.94,32.83,32.74,32.66,32.59,32.54,32.49,32.45,32.42,32.38,32.36,32.33,32.31,32.29,32.27,32.26,32.24,32.23,32.21,32.2,32.19,32.18,32.18,32.17,32.17,32.17,32.17,32.18,32.19,32.22,32.25,,,,,,,,,,,,,,,,,,,,,,,,,,,,,,,,,,,,,,,,,,,,,,,,,,,
E498x122.csv,298,38,Apple,Phase,0,-53.24,-50.68,-47.83,-44.73,-41.44,-37.99,-34.49,-31,-27.61,-24.39,-21.39,-18.65,-16.17,-13.96,-12.01,-10.3,-8.83,-7.55,-6.45,-5.51,-4.7,-4.02,-3.43,-2.93,-2.5,-2.14,-1.83,-1.57,-1.35,-1.16,-1,-0.86,-0.74,-0.64,-0.56,-0.48,-0.42,-0.37,-0.32,-0.28,-0.24,-0.21,-0.18,-0.16,-0.14,-0.12,-0.1,-0.08,-0.06,-0.04,-0.02,,,,,,,,,,,,,,,,,,,,,,,,,,,,,,,,,,,,,,,,,,,,,,,,,,,
E498x123.csv,299,38,Apple,Impedance,2,89.98,82.15,75.53,69.88,65.15,61.2,57.94,55.29,53.16,51.45,50.1,49.03,48.18,47.52,46.99,46.58,46.25,45.98,45.77,45.6,45.46,45.35,45.26,45.18,45.11,45.06,45.01,44.97,44.94,44.91,44.88,44.86,44.84,44.83,44.81,44.8,44.78,44.77,44.76,44.76,44.75,44.74,44.74,44.74,44.74,44.74,44.75,44.76,44.79,44.82,44.88,,,,,,,,,,,,,,,,,,,,,,,,,,,,,,,,,,,,,,,,,,,,,,,,,,,
E498x123.csv,300,38,Apple,Phase,2,-48.07,-45.36,-42.45,-39.36,-36.16,-32.88,-29.62,-26.43,-23.4,-20.56,-17.95,-15.59,-13.48,-11.62,-9.98,-8.55,-7.32,-6.26,-5.34,-4.56,-3.89,-3.32,-2.83,-2.42,-2.06,-1.76,-1.51,-1.29,-1.11,-0.95,-0.82,-0.71,-0.61,-0.53,-0.46,-0.4,-0.36,-0.32,-0.28,-0.26,-0.24,-0.22,-0.21,-0.21,-0.21,-0.21,-0.22,-0.23,-0.25,-0.28,-0.31,,,,,,,,,,,,,,,,,,,,,,,,,,,,,,,,,,,,,,,,,,,,,,,,,,,
E498x124.csv,301,38,Apple,Impedance,4,89.44,81.62,74.98,69.32,64.59,60.63,57.39,54.75,52.63,50.93,49.59,48.53,47.69,47.03,46.51,46.1,45.78,45.51,45.31,45.14,45,44.89,44.8,44.72,44.66,44.6,44.56,44.52,44.49,44.46,44.44,44.41,44.4,44.38,44.36,44.35,44.34,44.33,44.32,44.31,44.31,44.3,44.3,44.29,44.29,44.3,44.31,44.32,44.34,44.38,44.43,,,,,,,,,,,,,,,,,,,,,,,,,,,,,,,,,,,,,,,,,,,,,,,,,,,
E498x124.csv,302,38,Apple,Phase,4,-48.25,-45.54,-42.62,-39.52,-36.29,-32.99,-29.71,-26.51,-23.45,-20.6,-17.98,-15.61,-13.5,-11.63,-9.98,-8.55,-7.32,-6.26,-5.34,-4.56,-3.89,-3.32,-2.83,-2.41,-2.06,-1.76,-1.5,-1.28,-1.1,-0.94,-0.81,-0.7,-0.6,-0.52,-0.45,-0.4,-0.35,-0.31,-0.27,-0.25,-0.23,-0.21,-0.2,-0.19,-0.19,-0.19,-0.19,-0.2,-0.22,-0.24,-0.26,,,,,,,,,,,,,,,,,,,,,,,,,,,,,,,,,,,,,,,,,,,,,,,,,,,
E498x125.csv,303,38,Apple,Impedance,6,89.38,81.56,74.92,69.26,64.51,60.56,57.31,54.68,52.56,50.87,49.53,48.47,47.64,46.98,46.47,46.06,45.74,45.48,45.27,45.11,44.97,44.86,44.77,44.69,44.63,44.58,44.53,44.5,44.46,44.44,44.41,44.39,44.37,44.36,44.34,44.33,44.32,44.31,44.3,44.3,44.29,44.28,44.28,44.28,44.28,44.28,44.29,44.31,44.33,44.37,44.42,,,,,,,,,,,,,,,,,,,,,,,,,,,,,,,,,,,,,,,,,,,,,,,,,,,
E498x125.csv,304,38,Apple,Phase,6,-48.3,-45.59,-42.67,-39.56,-36.33,-33.02,-29.72,-26.51,-23.45,-20.59,-17.97,-15.59,-13.48,-11.6,-9.96,-8.53,-7.3,-6.24,-5.32,-4.54,-3.87,-3.3,-2.81,-2.4,-2.05,-1.75,-1.49,-1.27,-1.09,-0.93,-0.8,-0.69,-0.6,-0.51,-0.45,-0.39,-0.34,-0.3,-0.27,-0.24,-0.22,-0.2,-0.19,-0.18,-0.18,-0.18,-0.18,-0.19,-0.2,-0.22,-0.24,,,,,,,,,,,,,,,,,,,,,,,,,,,,,,,,,,,,,,,,,,,,,,,,,,,
E498x126.csv,305,39,Apple,Impedance,0,73.69,66.31,59.97,54.53,49.91,46.01,42.77,40.12,37.97,36.25,34.87,33.78,32.91,32.22,31.68,31.24,30.89,30.61,30.38,30.19,30.03,29.9,29.79,29.7,29.62,29.55,29.5,29.45,29.41,29.37,29.34,29.31,29.28,29.25,29.23,29.21,29.18,29.17,29.15,29.14,29.13,29.11,29.1,29.09,29.08,29.08,29.07,29.08,29.09,29.11,29.14,,,,,,,,,,,,,,,,,,,,,,,,,,,,,,,,,,,,,,,,,,,,,,,,,,,
E498x126.csv,306,39,Apple,Phase,0,-53.54,-51.22,-48.62,-45.73,-42.61,-39.31,-35.88,-32.42,-29.03,-25.77,-22.7,-19.88,-17.33,-15.03,-13,-11.21,-9.66,-8.3,-7.13,-6.12,-5.25,-4.5,-3.86,-3.31,-2.84,-2.43,-2.09,-1.79,-1.54,-1.33,-1.14,-0.98,-0.85,-0.73,-0.63,-0.55,-0.47,-0.41,-0.35,-0.3,-0.25,-0.21,-0.18,-0.14,-0.11,-0.08,-0.04,-0.01,0.03,0.07,0.11,,,,,,,,,,,,,,,,,,,,,,,,,,,,,,,,,,,,,,,,,,,,,,,,,,,
E498x127.csv,307,39,Apple,Impedance,2,78.99,72.08,66.26,61.3,57.14,53.65,50.78,48.44,46.56,45.04,43.84,42.89,42.14,41.55,41.07,40.7,40.4,40.15,39.96,39.8,39.67,39.56,39.47,39.39,39.33,39.28,39.23,39.19,39.16,39.13,39.11,39.09,39.07,39.05,39.04,39.02,39.01,39,38.99,38.99,38.98,38.98,38.97,38.97,38.97,38.97,38.98,38.99,39.02,39.05,39.1,,,,,,,,,,,,,,,,,,,,,,,,,,,,,,,,,,,,,,,,,,,,,,,,,,,
E498x127.csv,308,39,Apple,Phase,2,-48.39,-45.63,-42.71,-39.6,-36.39,-33.11,-29.84,-26.65,-23.6,-20.75,-18.14,-15.77,-13.65,-11.78,-10.13,-8.7,-7.46,-6.39,-5.47,-4.68,-4.01,-3.43,-2.93,-2.51,-2.14,-1.83,-1.57,-1.35,-1.16,-0.99,-0.85,-0.74,-0.64,-0.55,-0.48,-0.42,-0.36,-0.32,-0.28,-0.25,-0.22,-0.2,-0.19,-0.17,-0.16,-0.16,-0.15,-0.15,-0.15,-0.16,-0.17,,,,,,,,,,,,,,,,,,,,,,,,,,,,,,,,,,,,,,,,,,,,,,,,,,,
E498x128.csv,309,39,Apple,Impedance,4,79.86,72.83,66.88,61.81,57.56,54,51.07,48.69,46.77,45.23,44.02,43.05,42.29,41.69,41.22,40.84,40.54,40.3,40.11,39.95,39.82,39.71,39.62,39.55,39.49,39.44,39.39,39.36,39.33,39.3,39.27,39.25,39.24,39.22,39.21,39.19,39.18,39.17,39.16,39.16,39.15,39.15,39.14,39.14,39.14,39.15,39.15,39.17,39.19,39.22,39.27,,,,,,,,,,,,,,,,,,,,,,,,,,,,,,,,,,,,,,,,,,,,,,,,,,,
E498x128.csv,310,39,Apple,Phase,4,-48.72,-45.98,-43.05,-39.94,-36.72,-33.41,-30.11,-26.89,-23.81,-20.92,-18.28,-15.88,-13.74,-11.85,-10.18,-8.74,-7.49,-6.41,-5.48,-4.69,-4.01,-3.42,-2.92,-2.5,-2.14,-1.83,-1.56,-1.34,-1.15,-0.98,-0.84,-0.73,-0.63,-0.54,-0.47,-0.41,-0.36,-0.31,-0.28,-0.24,-0.22,-0.2,-0.18,-0.17,-0.16,-0.15,-0.15,-0.15,-0.15,-0.15,-0.16,,,,,,,,,,,,,,,,,,,,,,,,,,,,,,,,,,,,,,,,,,,,,,,,,,,
E498x129.csv,311,39,Apple,Impedance,6,80.28,73.15,67.13,62.01,57.71,54.11,51.16,48.75,46.82,45.27,44.05,43.09,42.33,41.73,41.25,40.88,40.58,40.34,40.15,39.99,39.86,39.76,39.67,39.59,39.53,39.48,39.44,39.4,39.37,39.35,39.32,39.3,39.29,39.27,39.26,39.25,39.24,39.23,39.22,39.21,39.21,39.2,39.2,39.2,39.2,39.2,39.21,39.22,39.24,39.28,39.33,,,,,,,,,,,,,,,,,,,,,,,,,,,,,,,,,,,,,,,,,,,,,,,,,,,
E498x129.csv,312,39,Apple,Phase,6,-48.92,-46.19,-43.26,-40.13,-36.89,-33.56,-30.25,-27,-23.9,-21,-18.34,-15.93,-13.77,-11.87,-10.2,-8.75,-7.49,-6.41,-5.48,-4.68,-4,-3.41,-2.92,-2.49,-2.13,-1.82,-1.55,-1.33,-1.14,-0.98,-0.84,-0.72,-0.62,-0.54,-0.46,-0.4,-0.35,-0.31,-0.27,-0.24,-0.21,-0.19,-0.18,-0.16,-0.15,-0.15,-0.14,-0.14,-0.14,-0.15,-0.15,,,,,,,,,,,,,,,,,,,,,,,,,,,,,,,,,,,,,,,,,,,,,,,,,,,
E498x130.csv,313,40,Apple,Impedance,0,68.78,61.95,56.09,51.05,46.8,43.22,40.26,37.85,35.9,34.35,33.13,32.16,31.41,30.82,30.36,30,29.71,29.48,29.3,29.15,29.03,28.93,28.85,28.78,28.73,28.68,28.64,28.6,28.57,28.55,28.53,28.51,28.49,28.48,28.46,28.45,28.44,28.43,28.43,28.42,28.41,28.41,28.41,28.4,28.4,28.41,28.41,28.42,28.44,28.46,28.5,,,,,,,,,,,,,,,,,,,,,,,,,,,,,,,,,,,,,,,,,,,,,,,,,,,
E498x130.csv,314,40,Apple,Phase,0,-53.63,-51.23,-48.53,-45.55,-42.34,-38.94,-35.44,-31.91,-28.47,-25.17,-22.09,-19.26,-16.7,-14.43,-12.42,-10.67,-9.15,-7.83,-6.7,-5.73,-4.9,-4.19,-3.58,-3.06,-2.62,-2.24,-1.91,-1.64,-1.4,-1.2,-1.03,-0.89,-0.76,-0.65,-0.56,-0.48,-0.41,-0.35,-0.3,-0.25,-0.21,-0.17,-0.13,-0.1,-0.06,-0.03,0.01,0.05,0.09,0.14,0.19,,,,,,,,,,,,,,,,,,,,,,,,,,,,,,,,,,,,,,,,,,,,,,,,,,,
E498x131.csv,315,40,Apple,Impedance,2,73.65,67.17,61.72,57.11,53.25,50.02,47.38,45.22,43.5,42.13,41.04,40.19,39.52,39,38.59,38.26,38,37.8,37.64,37.5,37.4,37.31,37.24,37.18,37.13,37.09,37.05,37.02,36.99,36.97,36.95,36.94,36.92,36.91,36.9,36.89,36.88,36.87,36.86,36.86,36.85,36.85,36.85,36.85,36.85,36.85,36.86,36.87,36.89,36.93,36.97,,,,,,,,,,,,,,,,,,,,,,,,,,,,,,,,,,,,,,,,,,,,,,,,,,,
E498x131.csv,316,40,Apple,Phase,2,-48.77,-45.9,-42.87,-39.67,-36.38,-33.02,-29.68,-26.44,-23.35,-20.47,-17.83,-15.45,-13.34,-11.47,-9.83,-8.41,-7.19,-6.13,-5.23,-4.46,-3.8,-3.24,-2.76,-2.35,-2.01,-1.71,-1.46,-1.25,-1.07,-0.92,-0.79,-0.68,-0.58,-0.5,-0.43,-0.37,-0.33,-0.28,-0.25,-0.22,-0.19,-0.17,-0.16,-0.14,-0.13,-0.13,-0.12,-0.12,-0.12,-0.12,-0.12,,,,,,,,,,,,,,,,,,,,,,,,,,,,,,,,,,,,,,,,,,,,,,,,,,,
E498x132.csv,317,40,Apple,Impedance,4,74.97,68.28,62.65,57.87,53.87,50.53,47.79,45.56,43.78,42.36,41.24,40.37,39.69,39.15,38.74,38.41,38.15,37.95,37.79,37.65,37.55,37.46,37.39,37.33,37.29,37.24,37.21,37.18,37.16,37.14,37.12,37.1,37.09,37.07,37.06,37.05,37.05,37.04,37.03,37.03,37.02,37.02,37.02,37.02,37.02,37.02,37.03,37.04,37.06,37.1,37.14,,,,,,,,,,,,,,,,,,,,,,,,,,,,,,,,,,,,,,,,,,,,,,,,,,,
E498x132.csv,318,40,Apple,Phase,4,-49.35,-46.51,-43.48,-40.28,-36.96,-33.57,-30.19,-26.9,-23.76,-20.82,-18.13,-15.7,-13.54,-11.63,-9.96,-8.51,-7.27,-6.2,-5.28,-4.5,-3.83,-3.26,-2.77,-2.36,-2.01,-1.71,-1.46,-1.25,-1.06,-0.91,-0.78,-0.67,-0.57,-0.49,-0.42,-0.37,-0.32,-0.28,-0.24,-0.21,-0.19,-0.17,-0.15,-0.14,-0.13,-0.12,-0.11,-0.11,-0.1,-0.1,-0.11,,,,,,,,,,,,,,,,,,,,,,,,,,,,,,,,,,,,,,,,,,,,,,,,,,,
E498x133.csv,319,40,Apple,Impedance,6,75.72,68.93,63.19,58.31,54.23,50.82,48.03,45.76,43.94,42.5,41.37,40.49,39.79,39.25,38.83,38.51,38.25,38.04,37.88,37.75,37.65,37.56,37.49,37.43,37.39,37.35,37.31,37.28,37.26,37.24,37.22,37.2,37.19,37.18,37.17,37.16,37.15,37.14,37.14,37.13,37.13,37.13,37.12,37.12,37.13,37.13,37.14,37.15,37.17,37.2,37.25,,,,,,,,,,,,,,,,,,,,,,,,,,,,,,,,,,,,,,,,,,,,,,,,,,,
E498x133.csv,320,40,Apple,Phase,6,-49.64,-46.81,-43.79,-40.58,-37.25,-33.84,-30.44,-27.13,-23.96,-21,-18.28,-15.83,-13.64,-11.71,-10.03,-8.57,-7.31,-6.23,-5.3,-4.51,-3.84,-3.26,-2.78,-2.36,-2.01,-1.71,-1.46,-1.24,-1.06,-0.91,-0.77,-0.66,-0.57,-0.49,-0.42,-0.36,-0.31,-0.27,-0.24,-0.21,-0.18,-0.16,-0.15,-0.13,-0.12,-0.11,-0.1,-0.1,-0.1,-0.09,-0.09,,,,,,,,,,,,,,,,,,,,,,,,,,,,,,,,,,,,,,,,,,,,,,,,,,,
,,,,,,,,,,,,,,,,,,,,,,,,,,,,,,,,,,,,,,,,,,,,,,,,,,,,,,,,,,,,,,,,,,,,,,,,,,,,,,,,,,,,,,,,,,,,,,,,,,,,,,,,,,,
E498x178.csv,321,41,Mango,Impedance,0,72.7,65.07,58.41,52.6,47.63,43.4,39.85,36.91,34.51,32.56,31,29.76,28.78,28.01,27.4,26.93,26.55,26.25,26.02,25.83,25.68,25.55,25.45,25.36,25.29,25.23,25.18,25.14,25.11,25.08,25.05,25.03,25.01,24.99,24.98,24.96,24.95,24.94,24.93,24.92,24.91,24.91,24.9,24.9,24.89,24.89,24.9,24.9,24.91,24.93,24.96,,,,,,,,,,,,,,,,,,,,,,,,,,,,,,,,,,,,,,,,,,,,,,,,,,,
E498x178.csv,322,41,Mango,Phase,0,-56.37,-54.47,-52.24,-49.69,-46.85,-43.72,-40.39,-36.92,-33.41,-29.95,-26.61,-23.46,-20.54,-17.89,-15.51,-13.39,-11.54,-9.91,-8.51,-7.29,-6.24,-5.34,-4.57,-3.91,-3.34,-2.86,-2.44,-2.09,-1.79,-1.54,-1.32,-1.13,-0.97,-0.84,-0.72,-0.63,-0.54,-0.47,-0.41,-0.35,-0.31,-0.27,-0.23,-0.2,-0.18,-0.16,-0.13,-0.12,-0.1,-0.08,-0.07,,,,,,,,,,,,,,,,,,,,,,,,,,,,,,,,,,,,,,,,,,,,,,,,,,,
E498x179.csv,323,41,Mango,Impedance,2,75.12,68.04,61.99,56.8,52.41,48.72,45.65,43.14,41.1,39.46,38.15,37.11,36.29,35.64,35.13,34.72,34.39,34.14,33.93,33.76,33.62,33.51,33.42,33.34,33.27,33.22,33.17,33.13,33.1,33.07,33.04,33.02,33,32.98,32.97,32.96,32.95,32.93,32.92,32.92,32.91,32.9,32.9,32.9,32.89,32.89,32.9,32.91,32.92,32.95,32.99,,,,,,,,,,,,,,,,,,,,,,,,,,,,,,,,,,,,,,,,,,,,,,,,,,,
E498x179.csv,324,41,Mango,Phase,2,-51.29,-48.82,-46.07,-43.1,-39.95,-36.66,-33.32,-29.99,-26.76,-23.68,-20.81,-18.18,-15.8,-13.68,-11.8,-10.15,-8.72,-7.48,-6.41,-5.49,-4.69,-4.02,-3.44,-2.94,-2.52,-2.15,-1.85,-1.58,-1.36,-1.17,-1,-0.87,-0.75,-0.65,-0.57,-0.49,-0.43,-0.38,-0.34,-0.31,-0.28,-0.26,-0.24,-0.23,-0.23,-0.23,-0.23,-0.24,-0.26,-0.28,-0.31,,,,,,,,,,,,,,,,,,,,,,,,,,,,,,,,,,,,,,,,,,,,,,,,,,,
E498x180.csv,325,41,Mango,Impedance,4,75.49,68.28,62.08,56.76,52.26,48.47,45.33,42.75,40.66,38.99,37.66,36.61,35.78,35.13,34.62,34.22,33.9,33.64,33.44,33.28,33.14,33.03,32.94,32.87,32.81,32.76,32.71,32.67,32.64,32.62,32.59,32.57,32.55,32.54,32.52,32.51,32.5,32.49,32.48,32.48,32.47,32.46,32.46,32.46,32.46,32.46,32.46,32.47,32.49,32.51,32.55,,,,,,,,,,,,,,,,,,,,,,,,,,,,,,,,,,,,,,,,,,,,,,,,,,,
E498x180.csv,326,41,Mango,Phase,4,-52.09,-49.64,-46.93,-43.96,-40.79,-37.47,-34.08,-30.69,-27.38,-24.23,-21.28,-18.57,-16.13,-13.94,-12.01,-10.32,-8.85,-7.58,-6.49,-5.55,-4.74,-4.05,-3.46,-2.96,-2.53,-2.16,-1.85,-1.58,-1.36,-1.16,-1,-0.86,-0.74,-0.64,-0.56,-0.49,-0.43,-0.37,-0.33,-0.3,-0.27,-0.25,-0.23,-0.22,-0.21,-0.21,-0.21,-0.22,-0.23,-0.25,-0.28,,,,,,,,,,,,,,,,,,,,,,,,,,,,,,,,,,,,,,,,,,,,,,,,,,,
E498x181.csv,327,41,Mango,Impedance,6,75.66,68.39,62.14,56.77,52.22,48.39,45.21,42.61,40.51,38.82,37.48,36.42,35.59,34.94,34.43,34.03,33.71,33.46,33.26,33.1,32.96,32.86,32.77,32.7,32.64,32.59,32.54,32.51,32.48,32.45,32.43,32.41,32.39,32.37,32.36,32.35,32.34,32.33,32.32,32.32,32.31,32.31,32.3,32.3,32.3,32.3,32.31,32.32,32.33,32.36,32.4,,,,,,,,,,,,,,,,,,,,,,,,,,,,,,,,,,,,,,,,,,,,,,,,,,,
E498x181.csv,328,41,Mango,Phase,6,-52.36,-49.94,-47.25,-44.28,-41.12,-37.79,-34.38,-30.96,-27.63,-24.44,-21.46,-18.73,-16.25,-14.05,-12.09,-10.39,-8.91,-7.62,-6.52,-5.57,-4.76,-4.06,-3.47,-2.96,-2.53,-2.16,-1.85,-1.58,-1.35,-1.16,-1,-0.86,-0.74,-0.64,-0.55,-0.48,-0.42,-0.37,-0.33,-0.29,-0.26,-0.24,-0.22,-0.21,-0.21,-0.2,-0.2,-0.21,-0.22,-0.24,-0.27,,,,,,,,,,,,,,,,,,,,,,,,,,,,,,,,,,,,,,,,,,,,,,,,,,,
E498x182.csv,329,42,Mango,Impedance,0,77.7,69.85,63.05,57.13,52.07,47.76,44.15,41.15,38.69,36.7,35.09,33.81,32.79,31.98,31.34,30.83,30.42,30.1,29.84,29.63,29.47,29.33,29.22,29.13,29.05,28.99,28.94,28.89,28.85,28.82,28.8,28.77,28.75,28.74,28.72,28.71,28.69,28.68,28.67,28.67,28.66,28.65,28.65,28.65,28.65,28.65,28.65,28.66,28.68,28.7,28.73,,,,,,,,,,,,,,,,,,,,,,,,,,,,,,,,,,,,,,,,,,,,,,,,,,,
E498x182.csv,330,42,Mango,Phase,0,-55.18,-53.1,-50.72,-48.04,-45.1,-41.93,-38.6,-35.19,-31.77,-28.43,-25.24,-22.24,-19.49,-16.98,-14.73,-12.74,-10.99,-9.46,-8.13,-6.98,-5.99,-5.13,-4.39,-3.76,-3.22,-2.76,-2.36,-2.02,-1.73,-1.49,-1.28,-1.1,-0.95,-0.82,-0.71,-0.62,-0.53,-0.47,-0.41,-0.36,-0.32,-0.28,-0.25,-0.22,-0.2,-0.19,-0.17,-0.16,-0.15,-0.15,-0.15,,,,,,,,,,,,,,,,,,,,,,,,,,,,,,,,,,,,,,,,,,,,,,,,,,,
E498x183.csv,331,42,Mango,Impedance,2,87.5,79.68,72.98,67.23,62.37,58.29,54.9,52.11,49.85,48.03,46.58,45.42,44.5,43.77,43.19,42.72,42.36,42.06,41.82,41.62,41.46,41.32,41.21,41.12,41.05,40.98,40.93,40.88,40.84,40.8,40.77,40.75,40.72,40.7,40.69,40.67,40.66,40.64,40.63,40.62,40.61,40.61,40.6,40.6,40.59,40.6,40.6,40.61,40.63,40.66,40.71,,,,,,,,,,,,,,,,,,,,,,,,,,,,,,,,,,,,,,,,,,,,,,,,,,,
E498x183.csv,332,42,Mango,Phase,2,-49.17,-46.68,-43.94,-40.98,-37.88,-34.67,-31.43,-28.24,-25.15,-22.23,-19.52,-17.05,-14.82,-12.83,-11.07,-9.53,-8.19,-7.03,-6.03,-5.17,-4.43,-3.79,-3.25,-2.78,-2.38,-2.04,-1.75,-1.51,-1.29,-1.11,-0.96,-0.83,-0.72,-0.63,-0.55,-0.48,-0.42,-0.38,-0.34,-0.31,-0.28,-0.27,-0.25,-0.25,-0.25,-0.25,-0.26,-0.28,-0.31,-0.34,-0.38,,,,,,,,,,,,,,,,,,,,,,,,,,,,,,,,,,,,,,,,,,,,,,,,,,,
E498x184.csv,333,42,Mango,Impedance,4,88.38,80.38,73.5,67.6,62.62,58.42,54.94,52.09,49.78,47.92,46.44,45.26,44.33,43.6,43.01,42.55,42.18,41.88,41.64,41.45,41.29,41.16,41.05,40.96,40.89,40.83,40.77,40.73,40.69,40.66,40.63,40.6,40.58,40.56,40.55,40.53,40.52,40.51,40.5,40.49,40.48,40.47,40.47,40.47,40.47,40.47,40.47,40.49,40.51,40.54,40.59,,,,,,,,,,,,,,,,,,,,,,,,,,,,,,,,,,,,,,,,,,,,,,,,,,,
E498x184.csv,334,42,Mango,Phase,4,-49.68,-47.23,-44.5,-41.55,-38.43,-35.2,-31.92,-28.69,-25.55,-22.58,-19.82,-17.3,-15.03,-13,-11.21,-9.64,-8.28,-7.1,-6.09,-5.21,-4.46,-3.82,-3.26,-2.79,-2.39,-2.05,-1.75,-1.5,-1.29,-1.11,-0.95,-0.82,-0.71,-0.62,-0.54,-0.47,-0.42,-0.37,-0.33,-0.3,-0.28,-0.26,-0.25,-0.24,-0.24,-0.24,-0.25,-0.27,-0.29,-0.32,-0.36,,,,,,,,,,,,,,,,,,,,,,,,,,,,,,,,,,,,,,,,,,,,,,,,,,,
E498x185.csv,335,42,Mango,Impedance,6,88.95,80.85,73.88,67.89,62.84,58.58,55.06,52.17,49.83,47.96,46.46,45.27,44.34,43.6,43.01,42.55,42.18,41.88,41.65,41.45,41.3,41.17,41.06,40.97,40.9,40.84,40.79,40.74,40.7,40.67,40.64,40.62,40.6,40.58,40.56,40.55,40.54,40.53,40.52,40.51,40.5,40.49,40.49,40.49,40.49,40.49,40.49,40.51,40.53,40.56,40.61,,,,,,,,,,,,,,,,,,,,,,,,,,,,,,,,,,,,,,,,,,,,,,,,,,,
E498x185.csv,336,42,Mango,Phase,6,-49.89,-47.46,-44.75,-41.79,-38.67,-35.43,-32.13,-28.87,-25.72,-22.73,-19.94,-17.4,-15.11,-13.07,-11.26,-9.68,-8.31,-7.12,-6.1,-5.22,-4.47,-3.82,-3.27,-2.79,-2.39,-2.04,-1.75,-1.5,-1.28,-1.1,-0.95,-0.82,-0.71,-0.61,-0.53,-0.47,-0.41,-0.37,-0.33,-0.3,-0.27,-0.25,-0.24,-0.23,-0.23,-0.24,-0.25,-0.26,-0.29,-0.32,-0.36,,,,,,,,,,,,,,,,,,,,,,,,,,,,,,,,,,,,,,,,,,,,,,,,,,,
E498x186.csv,337,43,Mango,Impedance,0,71.87,64.26,57.63,51.87,46.95,42.76,39.27,36.38,34.03,32.13,30.63,29.44,28.51,27.78,27.22,26.78,26.43,26.16,25.95,25.78,25.65,25.54,25.45,25.37,25.31,25.26,25.22,25.19,25.16,25.13,25.11,25.09,25.07,25.06,25.04,25.03,25.02,25.01,25.01,25,24.99,24.99,24.98,24.98,24.98,24.98,24.98,24.99,25,25.02,25.05,,,,,,,,,,,,,,,,,,,,,,,,,,,,,,,,,,,,,,,,,,,,,,,,,,,
E498x186.csv,338,43,Mango,Phase,0,-56.87,-54.95,-52.68,-50.06,-47.13,-43.92,-40.49,-36.93,-33.33,-29.78,-26.37,-23.17,-20.22,-17.54,-15.15,-13.03,-11.19,-9.58,-8.19,-7,-5.97,-5.1,-4.35,-3.71,-3.16,-2.7,-2.31,-1.97,-1.69,-1.44,-1.24,-1.06,-0.91,-0.79,-0.68,-0.59,-0.51,-0.45,-0.39,-0.34,-0.3,-0.26,-0.23,-0.21,-0.19,-0.17,-0.16,-0.15,-0.16,-0.15,-0.15,,,,,,,,,,,,,,,,,,,,,,,,,,,,,,,,,,,,,,,,,,,,,,,,,,,
E498x187.csv,339,43,Mango,Impedance,2,77.19,69.77,63.41,57.93,53.3,49.38,46.14,43.47,41.3,39.56,38.17,37.07,36.2,35.52,34.98,34.56,34.23,33.96,33.75,33.58,33.44,33.33,33.24,33.17,33.1,33.05,33.01,32.97,32.94,32.91,32.89,32.87,32.85,32.84,32.82,32.81,32.8,32.79,32.79,32.78,32.77,32.77,32.77,32.76,32.76,32.77,32.77,32.78,32.8,32.83,32.87,,,,,,,,,,,,,,,,,,,,,,,,,,,,,,,,,,,,,,,,,,,,,,,,,,,
E498x187.csv,340,43,Mango,Phase,2,-52.37,-49.98,-47.3,-44.35,-41.21,-37.91,-34.53,-31.14,-27.83,-24.66,-21.69,-18.95,-16.47,-14.25,-12.28,-10.55,-9.06,-7.75,-6.63,-5.67,-4.84,-4.13,-3.52,-3.01,-2.57,-2.19,-1.87,-1.6,-1.37,-1.17,-1.01,-0.87,-0.75,-0.65,-0.56,-0.49,-0.42,-0.37,-0.33,-0.3,-0.27,-0.25,-0.23,-0.22,-0.21,-0.21,-0.21,-0.22,-0.24,-0.26,-0.29,,,,,,,,,,,,,,,,,,,,,,,,,,,,,,,,,,,,,,,,,,,,,,,,,,,
E498x188.csv,341,43,Mango,Impedance,4,77.98,70.45,63.97,58.4,53.68,49.69,46.38,43.67,41.46,39.69,38.28,37.17,36.29,35.6,35.06,34.64,34.3,34.04,33.83,33.66,33.53,33.42,33.33,33.25,33.19,33.14,33.1,33.07,33.04,33.01,32.99,32.97,32.95,32.94,32.92,32.91,32.9,32.9,32.89,32.88,32.88,32.87,32.87,32.87,32.87,32.87,32.88,32.89,32.91,32.93,32.97,,,,,,,,,,,,,,,,,,,,,,,,,,,,,,,,,,,,,,,,,,,,,,,,,,,
E498x188.csv,342,43,Mango,Phase,4,-52.64,-50.27,-47.61,-44.68,-41.54,-38.22,-34.83,-31.42,-28.08,-24.88,-21.88,-19.11,-16.6,-14.36,-12.37,-10.62,-9.11,-7.79,-6.66,-5.68,-4.85,-4.14,-3.53,-3.01,-2.57,-2.19,-1.87,-1.6,-1.36,-1.17,-1,-0.86,-0.74,-0.64,-0.55,-0.48,-0.42,-0.37,-0.33,-0.29,-0.26,-0.24,-0.22,-0.21,-0.21,-0.2,-0.21,-0.22,-0.23,-0.25,-0.28,,,,,,,,,,,,,,,,,,,,,,,,,,,,,,,,,,,,,,,,,,,,,,,,,,,
E498x189.csv,343,43,Mango,Impedance,6,78.4,70.84,64.31,58.68,53.91,49.89,46.55,43.81,41.59,39.8,38.38,37.26,36.38,35.69,35.15,34.72,34.39,34.12,33.91,33.75,33.61,33.5,33.41,33.34,33.28,33.23,33.19,33.15,33.12,33.1,33.08,33.06,33.04,33.03,33.02,33,33,32.99,32.98,32.97,32.97,32.96,32.96,32.96,32.96,32.96,32.97,32.98,33,33.03,33.07,,,,,,,,,,,,,,,,,,,,,,,,,,,,,,,,,,,,,,,,,,,,,,,,,,,
E498x189.csv,344,43,Mango,Phase,6,-52.76,-50.4,-47.74,-44.81,-41.67,-38.35,-34.94,-31.52,-28.17,-24.95,-21.94,-19.16,-16.64,-14.39,-12.39,-10.63,-9.11,-7.79,-6.66,-5.68,-4.85,-4.13,-3.52,-3,-2.56,-2.18,-1.86,-1.59,-1.36,-1.16,-1,-0.85,-0.73,-0.63,-0.55,-0.47,-0.41,-0.36,-0.32,-0.29,-0.26,-0.24,-0.22,-0.21,-0.2,-0.2,-0.2,-0.21,-0.23,-0.25,-0.27,,,,,,,,,,,,,,,,,,,,,,,,,,,,,,,,,,,,,,,,,,,,,,,,,,,
E498x190.csv,345,44,Mango,Impedance,0,72.68,65.16,58.63,52.95,48.12,44.02,40.61,37.8,35.51,33.67,32.2,31.04,30.12,29.4,28.83,28.38,28.03,27.75,27.53,27.35,27.21,27.09,27,26.92,26.86,26.81,26.76,26.73,26.7,26.67,26.65,26.63,26.62,26.6,26.59,26.58,26.57,26.57,26.56,26.55,26.55,26.55,26.55,26.55,26.55,26.55,26.56,26.57,26.58,26.61,26.64,,,,,,,,,,,,,,,,,,,,,,,,,,,,,,,,,,,,,,,,,,,,,,,,,,,
E498x190.csv,346,44,Mango,Phase,0,-56.06,-54.01,-51.63,-48.9,-45.89,-42.61,-39.17,-35.63,-32.09,-28.64,-25.35,-22.28,-19.47,-16.93,-14.65,-12.64,-10.88,-9.35,-8.02,-6.87,-5.89,-5.04,-4.31,-3.69,-3.16,-2.7,-2.32,-1.99,-1.7,-1.46,-1.26,-1.09,-0.94,-0.81,-0.71,-0.61,-0.54,-0.47,-0.41,-0.36,-0.32,-0.29,-0.26,-0.24,-0.22,-0.2,-0.19,-0.18,-0.17,-0.17,-0.17,,,,,,,,,,,,,,,,,,,,,,,,,,,,,,,,,,,,,,,,,,,,,,,,,,,
E498x191.csv,347,44,Mango,Impedance,2,79.45,72.14,65.91,60.56,56.05,52.26,49.11,46.53,44.44,42.76,41.41,40.35,39.5,38.83,38.31,37.89,37.55,37.29,37.07,36.9,36.76,36.64,36.54,36.46,36.4,36.34,36.29,36.25,36.22,36.19,36.16,36.14,36.12,36.1,36.08,36.07,36.05,36.04,36.03,36.02,36.02,36.01,36,36,36,36,36,36.01,36.03,36.06,36.1,,,,,,,,,,,,,,,,,,,,,,,,,,,,,,,,,,,,,,,,,,,,,,,,,,,
E498x191.csv,348,44,Mango,Phase,2,-50.32,-47.81,-45.03,-42.03,-38.88,-35.61,-32.3,-29.02,-25.85,-22.85,-20.06,-17.51,-15.21,-13.15,-11.34,-9.75,-8.37,-7.18,-6.15,-5.26,-4.5,-3.85,-3.29,-2.82,-2.41,-2.06,-1.77,-1.52,-1.31,-1.12,-0.97,-0.84,-0.73,-0.63,-0.55,-0.49,-0.43,-0.38,-0.35,-0.32,-0.29,-0.28,-0.27,-0.26,-0.26,-0.27,-0.28,-0.3,-0.33,-0.37,-0.42,,,,,,,,,,,,,,,,,,,,,,,,,,,,,,,,,,,,,,,,,,,,,,,,,,,
E498x192.csv,349,44,Mango,Impedance,4,79.77,72.37,66.03,60.59,56,52.13,48.94,46.32,44.19,42.49,41.13,40.05,39.2,38.53,38,37.58,37.25,36.99,36.78,36.61,36.47,36.36,36.26,36.18,36.12,36.07,36.02,35.98,35.95,35.92,35.89,35.87,35.85,35.83,35.82,35.81,35.79,35.78,35.77,35.77,35.76,35.75,35.75,35.75,35.74,35.75,35.75,35.76,35.78,35.81,35.85,,,,,,,,,,,,,,,,,,,,,,,,,,,,,,,,,,,,,,,,,,,,,,,,,,,
E498x192.csv,350,44,Mango,Phase,4,-50.79,-48.3,-45.55,-42.56,-39.39,-36.09,-32.75,-29.44,-26.23,-23.18,-20.34,-17.75,-15.41,-13.32,-11.47,-9.85,-8.46,-7.24,-6.2,-5.3,-4.53,-3.87,-3.31,-2.83,-2.42,-2.07,-1.77,-1.52,-1.3,-1.12,-0.96,-0.83,-0.72,-0.63,-0.55,-0.48,-0.42,-0.38,-0.34,-0.31,-0.29,-0.27,-0.26,-0.25,-0.25,-0.26,-0.27,-0.29,-0.32,-0.35,-0.4,,,,,,,,,,,,,,,,,,,,,,,,,,,,,,,,,,,,,,,,,,,,,,,,,,,
E498x193.csv,351,44,Mango,Impedance,6,80.02,72.57,66.18,60.7,56.06,52.17,48.94,46.3,44.16,42.44,41.08,40,39.14,38.47,37.94,37.53,37.2,36.93,36.72,36.55,36.41,36.3,36.21,36.13,36.07,36.02,35.97,35.93,35.9,35.87,35.85,35.83,35.81,35.79,35.78,35.76,35.75,35.74,35.73,35.73,35.72,35.71,35.71,35.71,35.7,35.71,35.71,35.72,35.74,35.77,35.81,,,,,,,,,,,,,,,,,,,,,,,,,,,,,,,,,,,,,,,,,,,,,,,,,,,
E498x193.csv,352,44,Mango,Phase,6,-51,-48.51,-45.76,-42.77,-39.59,-36.29,-32.93,-29.6,-26.37,-23.3,-20.45,-17.83,-15.48,-13.37,-11.52,-9.89,-8.48,-7.26,-6.21,-5.31,-4.54,-3.87,-3.31,-2.83,-2.41,-2.06,-1.77,-1.51,-1.3,-1.11,-0.96,-0.83,-0.72,-0.62,-0.54,-0.48,-0.42,-0.37,-0.34,-0.31,-0.28,-0.26,-0.25,-0.25,-0.25,-0.25,-0.27,-0.29,-0.31,-0.35,-0.39,,,,,,,,,,,,,,,,,,,,,,,,,,,,,,,,,,,,,,,,,,,,,,,,,,,
E498x205.csv,353,45,Mango,Impedance,0,72.03,64.48,57.87,52.12,47.22,43.08,39.62,36.78,34.48,32.64,31.17,30.03,29.13,28.43,27.89,27.47,27.14,26.88,26.68,26.52,26.39,26.29,26.2,26.14,26.08,26.03,25.99,25.96,25.93,25.91,25.88,25.87,25.85,25.83,25.82,25.81,25.8,25.79,25.78,25.78,25.77,25.77,25.76,25.76,25.76,25.76,25.76,25.77,25.78,25.8,25.83,,,,,,,,,,,,,,,,,,,,,,,,,,,,,,,,,,,,,,,,,,,,,,,,,,,
E498x205.csv,354,45,Mango,Phase,0,-56.87,-54.87,-52.5,-49.78,-46.75,-43.44,-39.93,-36.3,-32.67,-29.11,-25.7,-22.53,-19.62,-16.99,-14.64,-12.58,-10.78,-9.22,-7.88,-6.73,-5.74,-4.89,-4.17,-3.56,-3.03,-2.59,-2.21,-1.89,-1.62,-1.38,-1.19,-1.02,-0.88,-0.76,-0.65,-0.56,-0.49,-0.42,-0.37,-0.32,-0.28,-0.25,-0.21,-0.19,-0.16,-0.14,-0.13,-0.11,-0.09,-0.08,-0.06,,,,,,,,,,,,,,,,,,,,,,,,,,,,,,,,,,,,,,,,,,,,,,,,,,,
E498x206.csv,355,45,Mango,Impedance,2,76.46,69.03,62.64,57.14,52.48,48.55,45.29,42.62,40.45,38.72,37.34,36.26,35.41,34.74,34.22,33.81,33.49,33.24,33.03,32.87,32.74,32.64,32.55,32.48,32.42,32.37,32.32,32.29,32.26,32.23,32.21,32.19,32.17,32.15,32.14,32.13,32.12,32.11,32.1,32.09,32.09,32.08,32.08,32.07,32.07,32.08,32.08,32.09,32.11,32.13,32.17,,,,,,,,,,,,,,,,,,,,,,,,,,,,,,,,,,,,,,,,,,,,,,,,,,,
E498x206.csv,356,45,Mango,Phase,2,-53.08,-50.71,-48.03,-45.09,-41.92,-38.57,-35.13,-31.68,-28.29,-25.04,-21.99,-19.19,-16.66,-14.39,-12.39,-10.63,-9.11,-7.79,-6.66,-5.68,-4.85,-4.14,-3.53,-3.02,-2.57,-2.2,-1.88,-1.61,-1.38,-1.18,-1.02,-0.88,-0.76,-0.65,-0.57,-0.49,-0.43,-0.38,-0.34,-0.3,-0.27,-0.25,-0.23,-0.22,-0.21,-0.2,-0.21,-0.21,-0.22,-0.24,-0.26,,,,,,,,,,,,,,,,,,,,,,,,,,,,,,,,,,,,,,,,,,,,,,,,,,,
E498x207.csv,357,45,Mango,Impedance,4,76.9,69.39,62.92,57.35,52.64,48.66,45.36,42.65,40.46,38.71,37.33,36.23,35.38,34.71,34.19,33.78,33.46,33.21,33.01,32.85,32.72,32.62,32.53,32.46,32.4,32.35,32.31,32.28,32.25,32.22,32.2,32.18,32.16,32.15,32.13,32.12,32.11,32.1,32.1,32.09,32.08,32.08,32.08,32.07,32.07,32.08,32.08,32.09,32.11,32.13,32.17,,,,,,,,,,,,,,,,,,,,,,,,,,,,,,,,,,,,,,,,,,,,,,,,,,,
E498x207.csv,358,45,Mango,Phase,4,-53.37,-51.01,-48.34,-45.39,-42.22,-38.86,-35.39,-31.91,-28.49,-25.22,-22.14,-19.32,-16.76,-14.47,-12.45,-10.67,-9.14,-7.81,-6.67,-5.69,-4.85,-4.14,-3.53,-3.01,-2.57,-2.19,-1.87,-1.6,-1.37,-1.17,-1.01,-0.87,-0.75,-0.65,-0.56,-0.49,-0.42,-0.37,-0.33,-0.29,-0.26,-0.24,-0.22,-0.21,-0.2,-0.2,-0.2,-0.2,-0.21,-0.23,-0.25,,,,,,,,,,,,,,,,,,,,,,,,,,,,,,,,,,,,,,,,,,,,,,,,,,,
E498x208.csv,359,45,Mango,Impedance,6,77.16,69.62,63.11,57.5,52.74,48.73,45.41,42.69,40.49,38.73,37.33,36.24,35.38,34.71,34.19,33.78,33.46,33.21,33.01,32.85,32.72,32.62,32.54,32.47,32.41,32.36,32.32,32.29,32.26,32.23,32.21,32.19,32.18,32.16,32.15,32.14,32.13,32.12,32.11,32.1,32.1,32.09,32.09,32.09,32.09,32.09,32.1,32.11,32.12,32.15,32.19,,,,,,,,,,,,,,,,,,,,,,,,,,,,,,,,,,,,,,,,,,,,,,,,,,,
E498x208.csv,360,45,Mango,Phase,6,-53.53,-51.17,-48.51,-45.55,-42.37,-39,-35.52,-32.03,-28.59,-25.3,-22.21,-19.37,-16.8,-14.51,-12.47,-10.69,-9.16,-7.82,-6.68,-5.69,-4.85,-4.14,-3.53,-3.01,-2.56,-2.19,-1.87,-1.6,-1.36,-1.17,-1,-0.86,-0.74,-0.64,-0.56,-0.48,-0.42,-0.37,-0.33,-0.29,-0.26,-0.24,-0.22,-0.21,-0.2,-0.19,-0.19,-0.2,-0.21,-0.23,-0.25,,,,,,,,,,,,,,,,,,,,,,,,,,,,,,,,,,,,,,,,,,,,,,,,,,,
E498x209.csv,361,46,Mango,Impedance,0,71.17,63.78,57.36,51.8,47.05,43.04,39.69,36.94,34.71,32.92,31.51,30.39,29.52,28.84,28.31,27.9,27.57,27.32,27.12,26.96,26.82,26.72,26.63,26.56,26.5,26.45,26.41,26.38,26.35,26.32,26.3,26.28,26.26,26.24,26.23,26.22,26.21,26.2,26.19,26.18,26.18,26.17,26.17,26.16,26.16,26.16,26.17,26.18,26.19,26.21,26.24,,,,,,,,,,,,,,,,,,,,,,,,,,,,,,,,,,,,,,,,,,,,,,,,,,,
E498x209.csv,362,46,Mango,Phase,0,-56.25,-54.14,-51.71,-48.94,-45.89,-42.57,-39.08,-35.49,-31.89,-28.38,-25.04,-21.94,-19.1,-16.54,-14.26,-12.26,-10.52,-9.01,-7.71,-6.59,-5.63,-4.81,-4.11,-3.51,-3,-2.56,-2.19,-1.88,-1.61,-1.38,-1.19,-1.02,-0.88,-0.76,-0.66,-0.57,-0.5,-0.43,-0.38,-0.33,-0.29,-0.25,-0.22,-0.2,-0.17,-0.15,-0.14,-0.12,-0.11,-0.1,-0.09,,,,,,,,,,,,,,,,,,,,,,,,,,,,,,,,,,,,,,,,,,,,,,,,,,,
E498x210.csv,363,46,Mango,Impedance,2,75.4,68.29,62.21,56.99,52.58,48.88,45.82,43.31,41.28,39.66,38.38,37.37,36.57,35.95,35.46,35.07,34.77,34.53,34.33,34.18,34.05,33.95,33.86,33.79,33.73,33.68,33.64,33.61,33.58,33.55,33.53,33.51,33.49,33.47,33.46,33.45,33.44,33.43,33.42,33.41,33.41,33.4,33.4,33.4,33.4,33.4,33.4,33.41,33.43,33.46,33.49,,,,,,,,,,,,,,,,,,,,,,,,,,,,,,,,,,,,,,,,,,,,,,,,,,,
E498x210.csv,364,46,Mango,Phase,2,-51.44,-48.96,-46.2,-43.2,-40.01,-36.68,-33.28,-29.91,-26.63,-23.51,-20.61,-17.95,-15.56,-13.43,-11.56,-9.92,-8.5,-7.27,-6.21,-5.31,-4.53,-3.87,-3.3,-2.82,-2.41,-2.06,-1.76,-1.51,-1.29,-1.11,-0.95,-0.82,-0.71,-0.62,-0.54,-0.47,-0.41,-0.36,-0.32,-0.29,-0.27,-0.25,-0.23,-0.22,-0.22,-0.22,-0.23,-0.24,-0.26,-0.28,-0.32,,,,,,,,,,,,,,,,,,,,,,,,,,,,,,,,,,,,,,,,,,,,,,,,,,,
E498x211.csv,365,46,Mango,Impedance,4,75.92,68.73,62.56,57.25,52.77,49.01,45.89,43.35,41.3,39.66,38.36,37.34,36.54,35.92,35.43,35.05,34.74,34.51,34.32,34.16,34.04,33.94,33.86,33.79,33.73,33.69,33.65,33.61,33.58,33.56,33.54,33.52,33.5,33.49,33.47,33.46,33.45,33.44,33.44,33.43,33.42,33.42,33.42,33.41,33.41,33.42,33.42,33.43,33.45,33.48,33.52,,,,,,,,,,,,,,,,,,,,,,,,,,,,,,,,,,,,,,,,,,,,,,,,,,,
E498x211.csv,366,46,Mango,Phase,4,-51.73,-49.28,-46.54,-43.54,-40.34,-36.99,-33.58,-30.17,-26.85,-23.7,-20.77,-18.08,-15.66,-13.51,-11.61,-9.95,-8.52,-7.28,-6.22,-5.3,-4.52,-3.86,-3.29,-2.81,-2.4,-2.05,-1.75,-1.5,-1.28,-1.1,-0.94,-0.81,-0.7,-0.61,-0.53,-0.46,-0.4,-0.36,-0.32,-0.28,-0.26,-0.24,-0.23,-0.22,-0.21,-0.21,-0.22,-0.23,-0.25,-0.27,-0.3,,,,,,,,,,,,,,,,,,,,,,,,,,,,,,,,,,,,,,,,,,,,,,,,,,,
E498x212.csv,367,46,Mango,Impedance,6,76.41,69.14,62.9,57.53,53,49.19,46.04,43.47,41.4,39.75,38.44,37.42,36.62,35.99,35.5,35.12,34.82,34.58,34.39,34.24,34.12,34.02,33.94,33.87,33.82,33.77,33.73,33.7,33.67,33.65,33.63,33.61,33.59,33.58,33.57,33.56,33.55,33.54,33.53,33.52,33.52,33.51,33.51,33.51,33.51,33.51,33.52,33.53,33.55,33.57,33.61,,,,,,,,,,,,,,,,,,,,,,,,,,,,,,,,,,,,,,,,,,,,,,,,,,,
E498x212.csv,368,46,Mango,Phase,6,-51.9,-49.46,-46.73,-43.72,-40.52,-37.16,-33.73,-30.3,-26.97,-23.79,-20.84,-18.13,-15.7,-13.53,-11.62,-9.96,-8.52,-7.28,-6.21,-5.3,-4.52,-3.85,-3.28,-2.8,-2.39,-2.04,-1.74,-1.49,-1.27,-1.09,-0.94,-0.8,-0.69,-0.6,-0.52,-0.45,-0.4,-0.35,-0.31,-0.28,-0.26,-0.24,-0.22,-0.21,-0.21,-0.21,-0.22,-0.23,-0.24,-0.27,-0.3,,,,,,,,,,,,,,,,,,,,,,,,,,,,,,,,,,,,,,,,,,,,,,,,,,,
E498x213.csv,369,47,Mango,Impedance,0,72.89,65.32,58.79,53.15,48.37,44.34,40.99,38.25,36.03,34.25,32.85,31.74,30.88,30.2,29.68,29.27,28.94,28.69,28.49,28.32,28.19,28.08,27.99,27.92,27.86,27.8,27.76,27.72,27.68,27.66,27.63,27.61,27.58,27.57,27.55,27.53,27.52,27.51,27.5,27.49,27.48,27.47,27.46,27.46,27.45,27.45,27.45,27.46,27.47,27.49,27.52,,,,,,,,,,,,,,,,,,,,,,,,,,,,,,,,,,,,,,,,,,,,,,,,,,,
E498x213.csv,370,47,Mango,Phase,0,-55.64,-53.46,-50.93,-48.07,-44.95,-41.59,-38.07,-34.48,-30.91,-27.45,-24.18,-21.14,-18.37,-15.89,-13.69,-11.76,-10.08,-8.63,-7.38,-6.3,-5.38,-4.6,-3.93,-3.35,-2.87,-2.45,-2.1,-1.8,-1.54,-1.32,-1.14,-0.98,-0.85,-0.73,-0.64,-0.55,-0.48,-0.42,-0.36,-0.32,-0.28,-0.25,-0.22,-0.19,-0.17,-0.15,-0.13,-0.11,-0.1,-0.09,-0.07,,,,,,,,,,,,,,,,,,,,,,,,,,,,,,,,,,,,,,,,,,,,,,,,,,,
E498x214.csv,371,47,Mango,Impedance,2,77.56,70.35,64.21,58.95,54.52,50.81,47.74,45.24,43.23,41.62,40.35,39.35,38.56,37.95,37.47,37.1,36.8,36.57,36.38,36.23,36.11,36.01,35.93,35.87,35.81,35.76,35.72,35.69,35.66,35.63,35.61,35.59,35.57,35.56,35.54,35.53,35.52,35.51,35.5,35.5,35.49,35.48,35.48,35.48,35.48,35.48,35.48,35.49,35.51,35.53,35.57,,,,,,,,,,,,,,,,,,,,,,,,,,,,,,,,,,,,,,,,,,,,,,,,,,,
E498x214.csv,372,47,Mango,Phase,2,-51.14,-48.55,-45.7,-42.61,-39.36,-35.98,-32.56,-29.18,-25.92,-22.83,-19.96,-17.36,-15.01,-12.93,-11.1,-9.51,-8.13,-6.94,-5.93,-5.05,-4.31,-3.67,-3.13,-2.67,-2.28,-1.95,-1.67,-1.43,-1.22,-1.05,-0.91,-0.78,-0.68,-0.59,-0.51,-0.45,-0.4,-0.36,-0.32,-0.29,-0.27,-0.26,-0.25,-0.25,-0.25,-0.26,-0.27,-0.3,-0.32,-0.36,-0.41,,,,,,,,,,,,,,,,,,,,,,,,,,,,,,,,,,,,,,,,,,,,,,,,,,,
E498x215.csv,373,47,Mango,Impedance,4,78.61,71.2,64.9,59.49,54.93,51.1,47.94,45.37,43.29,41.64,40.33,39.31,38.51,37.89,37.4,37.02,36.73,36.49,36.31,36.16,36.04,35.94,35.86,35.8,35.74,35.7,35.66,35.63,35.6,35.57,35.55,35.53,35.52,35.5,35.49,35.48,35.47,35.46,35.45,35.45,35.44,35.43,35.43,35.43,35.42,35.42,35.43,35.43,35.45,35.47,35.51,,,,,,,,,,,,,,,,,,,,,,,,,,,,,,,,,,,,,,,,,,,,,,,,,,,
E498x215.csv,374,47,Mango,Phase,4,-51.69,-49.13,-46.31,-43.23,-39.97,-36.58,-33.13,-29.71,-26.39,-23.24,-20.33,-17.66,-15.27,-13.15,-11.28,-9.65,-8.25,-7.04,-6,-5.11,-4.35,-3.71,-3.16,-2.69,-2.3,-1.96,-1.67,-1.43,-1.23,-1.05,-0.91,-0.78,-0.68,-0.59,-0.51,-0.45,-0.4,-0.36,-0.33,-0.3,-0.29,-0.27,-0.27,-0.27,-0.28,-0.29,-0.31,-0.34,-0.37,-0.42,-0.47,,,,,,,,,,,,,,,,,,,,,,,,,,,,,,,,,,,,,,,,,,,,,,,,,,,
E498x216.csv,375,47,Mango,Impedance,6,79.18,71.69,65.3,59.81,55.18,51.29,48.09,45.47,43.37,41.69,40.37,39.34,38.53,37.91,37.42,37.04,36.74,36.5,36.32,36.17,36.05,35.95,35.87,35.81,35.76,35.71,35.67,35.64,35.61,35.59,35.57,35.55,35.53,35.52,35.51,35.5,35.49,35.48,35.47,35.46,35.46,35.45,35.45,35.45,35.44,35.45,35.45,35.46,35.47,35.49,35.52,,,,,,,,,,,,,,,,,,,,,,,,,,,,,,,,,,,,,,,,,,,,,,,,,,,
E498x216.csv,376,47,Mango,Phase,6,-51.9,-49.39,-46.58,-43.5,-40.25,-36.84,-33.37,-29.93,-26.59,-23.42,-20.48,-17.79,-15.38,-13.24,-11.35,-9.71,-8.3,-7.07,-6.03,-5.14,-4.37,-3.72,-3.17,-2.7,-2.3,-1.96,-1.67,-1.43,-1.22,-1.05,-0.9,-0.78,-0.67,-0.58,-0.51,-0.45,-0.4,-0.36,-0.32,-0.3,-0.28,-0.27,-0.27,-0.27,-0.28,-0.29,-0.31,-0.34,-0.38,-0.43,-0.48,,,,,,,,,,,,,,,,,,,,,,,,,,,,,,,,,,,,,,,,,,,,,,,,,,,
E498x217.csv,377,48,Mango,Impedance,0,65.54,58.66,52.69,47.51,43.1,39.36,36.24,33.68,31.61,29.94,28.63,27.59,26.78,26.16,25.67,25.29,25,24.77,24.59,24.45,24.33,24.24,24.16,24.1,24.04,24,23.96,23.93,23.9,23.88,23.86,23.84,23.82,23.81,23.79,23.78,23.77,23.76,23.75,23.74,23.74,23.73,23.73,23.72,23.72,23.72,23.72,23.73,23.74,23.76,23.79,,,,,,,,,,,,,,,,,,,,,,,,,,,,,,,,,,,,,,,,,,,,,,,,,,,
E498x217.csv,378,48,Mango,Phase,0,-56.28,-54.24,-51.86,-49.14,-46.12,-42.83,-39.35,-35.75,-32.14,-28.61,-25.24,-22.1,-19.23,-16.64,-14.33,-12.3,-10.54,-9.02,-7.7,-6.58,-5.61,-4.79,-4.08,-3.48,-2.97,-2.54,-2.17,-1.86,-1.59,-1.37,-1.17,-1.01,-0.87,-0.75,-0.64,-0.55,-0.48,-0.41,-0.35,-0.3,-0.26,-0.22,-0.18,-0.15,-0.12,-0.09,-0.06,-0.03,0,0.03,0.07,,,,,,,,,,,,,,,,,,,,,,,,,,,,,,,,,,,,,,,,,,,,,,,,,,,
E498x218.csv,379,48,Mango,Impedance,2,71.26,64.38,58.48,53.41,49.13,45.52,42.54,40.09,38.12,36.55,35.3,34.33,33.56,32.97,32.5,32.14,31.86,31.64,31.46,31.32,31.2,31.11,31.04,30.97,30.92,30.88,30.84,30.81,30.78,30.76,30.74,30.72,30.7,30.69,30.68,30.67,30.66,30.65,30.64,30.63,30.63,30.62,30.62,30.62,30.62,30.62,30.62,30.63,30.65,30.67,30.71,,,,,,,,,,,,,,,,,,,,,,,,,,,,,,,,,,,,,,,,,,,,,,,,,,,
E498x218.csv,380,48,Mango,Phase,2,-52.75,-50.29,-47.54,-44.52,-41.31,-37.93,-34.47,-31,-27.62,-24.4,-21.38,-18.62,-16.12,-13.9,-11.94,-10.23,-8.75,-7.47,-6.37,-5.44,-4.63,-3.95,-3.37,-2.87,-2.45,-2.09,-1.79,-1.53,-1.31,-1.12,-0.96,-0.83,-0.72,-0.62,-0.54,-0.47,-0.41,-0.36,-0.31,-0.28,-0.25,-0.22,-0.2,-0.19,-0.18,-0.17,-0.16,-0.16,-0.17,-0.17,-0.18,,,,,,,,,,,,,,,,,,,,,,,,,,,,,,,,,,,,,,,,,,,,,,,,,,,
E498x219.csv,381,48,Mango,Impedance,4,71.98,65,58.99,53.83,49.45,45.77,42.73,40.24,38.23,36.63,35.37,34.38,33.6,33,32.53,32.17,31.89,31.66,31.49,31.34,31.23,31.14,31.07,31,30.95,30.91,30.87,30.84,30.82,30.79,30.78,30.76,30.74,30.73,30.72,30.71,30.7,30.69,30.68,30.68,30.67,30.67,30.66,30.66,30.66,30.66,30.67,30.68,30.69,30.72,30.75,,,,,,,,,,,,,,,,,,,,,,,,,,,,,,,,,,,,,,,,,,,,,,,,,,,
E498x219.csv,382,48,Mango,Phase,4,-53.07,-50.62,-47.89,-44.89,-41.67,-38.27,-34.79,-31.31,-27.9,-24.63,-21.59,-18.79,-16.27,-14.02,-12.04,-10.31,-8.81,-7.52,-6.41,-5.46,-4.65,-3.96,-3.38,-2.88,-2.45,-2.09,-1.78,-1.53,-1.31,-1.12,-0.96,-0.83,-0.71,-0.61,-0.53,-0.46,-0.4,-0.35,-0.31,-0.27,-0.24,-0.22,-0.2,-0.18,-0.17,-0.16,-0.16,-0.16,-0.16,-0.16,-0.17,,,,,,,,,,,,,,,,,,,,,,,,,,,,,,,,,,,,,,,,,,,,,,,,,,,
E498x220.csv,383,48,Mango,Impedance,6,72.48,65.42,59.35,54.12,49.69,45.97,42.89,40.38,38.35,36.73,35.46,34.46,33.68,33.07,32.6,32.24,31.95,31.73,31.55,31.41,31.3,31.21,31.14,31.08,31.03,30.98,30.95,30.92,30.89,30.87,30.85,30.83,30.82,30.8,30.79,30.78,30.77,30.77,30.76,30.75,30.75,30.74,30.74,30.74,30.74,30.74,30.75,30.76,30.77,30.8,30.83,,,,,,,,,,,,,,,,,,,,,,,,,,,,,,,,,,,,,,,,,,,,,,,,,,,
E498x220.csv,384,48,Mango,Phase,6,-53.22,-50.79,-48.06,-45.06,-41.83,-38.43,-34.94,-31.44,-28.01,-24.73,-21.67,-18.86,-16.33,-14.07,-12.07,-10.33,-8.83,-7.53,-6.42,-5.47,-4.66,-3.96,-3.37,-2.87,-2.45,-2.09,-1.78,-1.52,-1.3,-1.11,-0.95,-0.82,-0.71,-0.61,-0.53,-0.46,-0.4,-0.35,-0.31,-0.27,-0.24,-0.22,-0.2,-0.18,-0.17,-0.16,-0.16,-0.15,-0.16,-0.16,-0.17,,,,,,,,,,,,,,,,,,,,,,,,,,,,,,,,,,,,,,,,,,,,,,,,,,,
E498x221.csv,385,49,Mango,Impedance,0,67.57,60.47,54.34,49.01,44.49,40.66,37.47,34.86,32.75,31.06,29.72,28.67,27.86,27.22,26.73,26.35,26.05,25.81,25.63,25.49,25.37,25.27,25.2,25.14,25.08,25.04,25.01,24.98,24.95,24.93,24.91,24.89,24.88,24.87,24.86,24.85,24.84,24.84,24.83,24.83,24.82,24.82,24.82,24.82,24.82,24.82,24.83,24.84,24.85,24.87,24.9,,,,,,,,,,,,,,,,,,,,,,,,,,,,,,,,,,,,,,,,,,,,,,,,,,,
E498x221.csv,386,49,Mango,Phase,0,-56.92,-54.79,-52.31,-49.49,-46.38,-43,-39.45,-35.8,-32.15,-28.6,-25.21,-22.06,-19.19,-16.6,-14.3,-12.28,-10.52,-9,-7.69,-6.57,-5.61,-4.78,-4.08,-3.48,-2.97,-2.54,-2.17,-1.86,-1.59,-1.37,-1.17,-1.01,-0.87,-0.75,-0.65,-0.56,-0.49,-0.42,-0.37,-0.32,-0.28,-0.25,-0.22,-0.19,-0.17,-0.15,-0.13,-0.12,-0.11,-0.1,-0.09,,,,,,,,,,,,,,,,,,,,,,,,,,,,,,,,,,,,,,,,,,,,,,,,,,,
E498x222.csv,387,49,Mango,Impedance,2,75.17,68.07,62.04,56.88,52.54,48.91,45.91,43.47,41.51,39.95,38.72,37.75,37,36.41,35.95,35.6,35.32,35.1,34.92,34.78,34.67,34.58,34.5,34.44,34.39,34.34,34.31,34.28,34.25,34.23,34.2,34.19,34.17,34.16,34.14,34.13,34.12,34.11,34.11,34.1,34.09,34.09,34.08,34.08,34.08,34.08,34.09,34.1,34.12,34.14,34.18,,,,,,,,,,,,,,,,,,,,,,,,,,,,,,,,,,,,,,,,,,,,,,,,,,,
E498x222.csv,388,49,Mango,Phase,2,-51.73,-49.09,-46.2,-43.08,-39.78,-36.36,-32.88,-29.45,-26.14,-23,-20.1,-17.46,-15.09,-12.98,-11.13,-9.52,-8.14,-6.94,-5.92,-5.04,-4.29,-3.66,-3.11,-2.65,-2.26,-1.93,-1.65,-1.41,-1.21,-1.03,-0.89,-0.77,-0.66,-0.57,-0.5,-0.43,-0.38,-0.33,-0.3,-0.27,-0.24,-0.22,-0.21,-0.2,-0.19,-0.19,-0.2,-0.21,-0.22,-0.24,-0.27,,,,,,,,,,,,,,,,,,,,,,,,,,,,,,,,,,,,,,,,,,,,,,,,,,,
E498x223.csv,389,49,Mango,Impedance,4,75.96,68.72,62.55,57.26,52.81,49.08,46,43.5,41.49,39.9,38.64,37.66,36.9,36.3,35.84,35.49,35.21,34.99,34.82,34.68,34.57,34.48,34.41,34.35,34.3,34.26,34.22,34.19,34.17,34.15,34.13,34.11,34.1,34.08,34.07,34.06,34.05,34.05,34.04,34.03,34.03,34.03,34.02,34.02,34.02,34.03,34.03,34.04,34.06,34.09,34.13,,,,,,,,,,,,,,,,,,,,,,,,,,,,,,,,,,,,,,,,,,,,,,,,,,,
E498x223.csv,390,49,Mango,Phase,4,-52.22,-49.65,-46.79,-43.67,-40.36,-36.91,-33.41,-29.93,-26.57,-23.37,-20.42,-17.72,-15.3,-13.16,-11.27,-9.63,-8.22,-7,-5.96,-5.07,-4.31,-3.67,-3.12,-2.65,-2.26,-1.92,-1.64,-1.4,-1.2,-1.02,-0.88,-0.75,-0.65,-0.56,-0.48,-0.42,-0.37,-0.32,-0.29,-0.25,-0.23,-0.21,-0.2,-0.19,-0.18,-0.18,-0.18,-0.19,-0.2,-0.21,-0.23,,,,,,,,,,,,,,,,,,,,,,,,,,,,,,,,,,,,,,,,,,,,,,,,,,,
E498x224.csv,391,49,Mango,Impedance,6,76.2,68.97,62.75,57.43,52.94,49.18,46.09,43.58,41.55,39.95,38.69,37.7,36.93,36.34,35.88,35.52,35.24,35.02,34.85,34.71,34.6,34.51,34.44,34.38,34.33,34.29,34.26,34.23,34.21,34.18,34.16,34.15,34.13,34.12,34.11,34.1,34.09,34.08,34.08,34.07,34.07,34.06,34.06,34.06,34.06,34.06,34.07,34.08,34.1,34.12,34.17,,,,,,,,,,,,,,,,,,,,,,,,,,,,,,,,,,,,,,,,,,,,,,,,,,,
E498x224.csv,392,49,Mango,Phase,6,-52.32,-49.77,-46.91,-43.79,-40.48,-37.02,-33.51,-30.02,-26.65,-23.44,-20.48,-17.77,-15.34,-13.19,-11.3,-9.65,-8.24,-7.01,-5.97,-5.08,-4.32,-3.67,-3.12,-2.65,-2.26,-1.92,-1.64,-1.4,-1.19,-1.02,-0.87,-0.75,-0.64,-0.56,-0.48,-0.42,-0.36,-0.32,-0.28,-0.25,-0.23,-0.21,-0.19,-0.18,-0.18,-0.17,-0.18,-0.18,-0.19,-0.21,-0.23,,,,,,,,,,,,,,,,,,,,,,,,,,,,,,,,,,,,,,,,,,,,,,,,,,,
E498x225.csv,393,50,Mango,Impedance,0,68.78,61.67,55.52,50.2,45.67,41.82,38.63,36,33.87,32.15,30.79,29.72,28.87,28.21,27.69,27.28,26.96,26.71,26.51,26.35,26.22,26.11,26.02,25.95,25.89,25.84,25.8,25.76,25.73,25.7,25.68,25.66,25.64,25.62,25.61,25.6,25.58,25.57,25.56,25.56,25.55,25.54,25.54,25.53,25.53,25.53,25.53,25.53,25.54,25.56,25.59,,,,,,,,,,,,,,,,,,,,,,,,,,,,,,,,,,,,,,,,,,,,,,,,,,,
E498x225.csv,394,50,Mango,Phase,0,-55.65,-53.54,-51.08,-48.3,-45.24,-41.94,-38.47,-34.92,-31.37,-27.93,-24.65,-21.6,-18.82,-16.31,-14.07,-12.11,-10.4,-8.91,-7.63,-6.52,-5.57,-4.76,-4.06,-3.47,-2.97,-2.53,-2.17,-1.85,-1.59,-1.36,-1.17,-1,-0.86,-0.74,-0.64,-0.55,-0.48,-0.41,-0.36,-0.31,-0.27,-0.23,-0.2,-0.17,-0.14,-0.11,-0.09,-0.06,-0.04,-0.02,0.01,,,,,,,,,,,,,,,,,,,,,,,,,,,,,,,,,,,,,,,,,,,,,,,,,,,
E498x226.csv,395,50,Mango,Impedance,2,75.91,68.89,62.93,57.83,53.53,49.93,46.96,44.53,42.57,41,39.77,38.79,38.03,37.43,36.96,36.59,36.3,36.07,35.89,35.74,35.62,35.53,35.45,35.38,35.33,35.28,35.24,35.2,35.18,35.15,35.13,35.11,35.09,35.08,35.06,35.05,35.04,35.03,35.03,35.02,35.01,35.01,35,35,35,35,35.01,35.02,35.04,35.06,35.1,,,,,,,,,,,,,,,,,,,,,,,,,,,,,,,,,,,,,,,,,,,,,,,,,,,
E498x226.csv,396,50,Mango,Phase,2,-50.63,-48.03,-45.19,-42.11,-38.89,-35.54,-32.15,-28.81,-25.59,-22.54,-19.71,-17.14,-14.83,-12.78,-10.97,-9.4,-8.04,-6.87,-5.86,-5,-4.26,-3.63,-3.1,-2.64,-2.26,-1.93,-1.65,-1.41,-1.21,-1.03,-0.89,-0.77,-0.66,-0.57,-0.5,-0.43,-0.38,-0.33,-0.3,-0.27,-0.24,-0.22,-0.21,-0.2,-0.19,-0.19,-0.19,-0.2,-0.21,-0.23,-0.25,,,,,,,,,,,,,,,,,,,,,,,,,,,,,,,,,,,,,,,,,,,,,,,,,,,
E498x227.csv,397,50,Mango,Impedance,4,76.47,69.34,63.26,58.06,53.67,49.99,46.95,44.47,42.47,40.87,39.61,38.62,37.84,37.24,36.76,36.39,36.1,35.87,35.69,35.55,35.43,35.33,35.25,35.19,35.13,35.09,35.05,35.02,34.99,34.97,34.94,34.93,34.91,34.9,34.88,34.87,34.86,34.85,34.85,34.84,34.83,34.83,34.82,34.82,34.82,34.83,34.83,34.84,34.86,34.89,34.93,,,,,,,,,,,,,,,,,,,,,,,,,,,,,,,,,,,,,,,,,,,,,,,,,,,
E498x227.csv,398,50,Mango,Phase,4,-51.06,-48.5,-45.68,-42.61,-39.38,-36.02,-32.61,-29.23,-25.97,-22.88,-20.01,-17.39,-15.04,-12.96,-11.12,-9.52,-8.14,-6.95,-5.92,-5.05,-4.3,-3.67,-3.12,-2.66,-2.27,-1.94,-1.65,-1.41,-1.21,-1.04,-0.89,-0.77,-0.66,-0.57,-0.49,-0.43,-0.38,-0.33,-0.29,-0.26,-0.24,-0.22,-0.2,-0.19,-0.18,-0.18,-0.18,-0.19,-0.2,-0.21,-0.23,,,,,,,,,,,,,,,,,,,,,,,,,,,,,,,,,,,,,,,,,,,,,,,,,,,
E498x228.csv,399,50,Mango,Impedance,6,76.63,69.44,63.31,58.05,53.61,49.89,46.82,44.32,42.3,40.69,39.42,38.42,37.64,37.03,36.56,36.18,35.89,35.67,35.48,35.34,35.22,35.13,35.05,34.99,34.93,34.89,34.85,34.82,34.79,34.77,34.75,34.73,34.71,34.7,34.69,34.68,34.67,34.66,34.65,34.65,34.64,34.64,34.64,34.63,34.63,34.64,34.64,34.66,34.67,34.7,34.74,,,,,,,,,,,,,,,,,,,,,,,,,,,,,,,,,,,,,,,,,,,,,,,,,,,
E498x228.csv,400,50,Mango,Phase,6,-51.35,-48.82,-46,-42.94,-39.7,-36.33,-32.9,-29.5,-26.21,-23.09,-20.19,-17.55,-15.17,-13.07,-11.21,-9.59,-8.2,-7,-5.96,-5.08,-4.33,-3.68,-3.14,-2.67,-2.28,-1.94,-1.66,-1.42,-1.21,-1.04,-0.89,-0.76,-0.66,-0.57,-0.49,-0.43,-0.37,-0.33,-0.29,-0.26,-0.24,-0.22,-0.2,-0.19,-0.18,-0.18,-0.18,-0.19,-0.2,-0.22,-0.24,,,,,,,,,,,,,,,,,,,,,,,,,,,,,,,,,,,,,,,,,,,,,,,,,,,
,,,,,,,,,,,,,,,,,,,,,,,,,,,,,,,,,,,,,,,,,,,,,,,,,,,,,,,,,,,,,,,,,,,,,,,,,,,,,,,,,,,,,,,,,,,,,,,,,,,,,,,,,,,
E498x291.csv,401,51,Mango,Impedance,0,73.94,66.37,59.73,53.94,48.95,44.68,41.12,38.15,35.71,33.74,32.15,30.89,29.89,29.11,28.49,28,27.62,27.31,27.07,26.88,26.72,26.59,26.49,26.41,26.33,26.27,26.22,26.18,26.15,26.12,26.09,26.07,26.04,26.03,26.01,26,25.99,25.97,25.96,25.96,25.95,25.94,25.93,25.93,25.92,25.92,25.93,25.93,25.95,25.96,26,,,,,,,,,,,,,,,,,,,,,,,,,,,,,,,,,,,,,,,,,,,,,,,,,,,
E498x291.csv,402,51,Mango,Phase,0,-56.17,-54.26,-51.99,-49.41,-46.55,-43.42,-40.09,-36.64,-33.15,-29.7,-26.39,-23.27,-20.38,-17.75,-15.38,-13.28,-11.44,-9.83,-8.44,-7.23,-6.2,-5.31,-4.54,-3.89,-3.32,-2.85,-2.44,-2.09,-1.79,-1.53,-1.32,-1.13,-0.97,-0.84,-0.72,-0.62,-0.53,-0.45,-0.39,-0.33,-0.28,-0.23,-0.18,-0.14,-0.1,-0.06,-0.01,0.03,0.08,0.14,0.2,,,,,,,,,,,,,,,,,,,,,,,,,,,,,,,,,,,,,,,,,,,,,,,,,,,
E498x292.csv,403,51,Mango,Impedance,2,78.91,71.54,65.24,59.81,55.2,51.31,48.06,45.39,43.22,41.47,40.07,38.96,38.08,37.38,36.83,36.4,36.05,35.77,35.55,35.37,35.23,35.11,35.01,34.93,34.86,34.8,34.76,34.72,34.68,34.65,34.62,34.6,34.58,34.56,34.55,34.53,34.52,34.51,34.5,34.49,34.48,34.48,34.47,34.47,34.47,34.47,34.47,34.48,34.5,34.52,34.57,,,,,,,,,,,,,,,,,,,,,,,,,,,,,,,,,,,,,,,,,,,,,,,,,,,
E498x292.csv,404,51,Mango,Phase,2,-51.32,-48.89,-46.21,-43.29,-40.19,-36.94,-33.62,-30.31,-27.08,-23.99,-21.1,-18.45,-16.05,-13.9,-11.99,-10.31,-8.86,-7.6,-6.51,-5.57,-4.77,-4.08,-3.48,-2.98,-2.55,-2.18,-1.87,-1.6,-1.37,-1.18,-1.01,-0.87,-0.75,-0.65,-0.57,-0.49,-0.43,-0.37,-0.33,-0.29,-0.26,-0.23,-0.21,-0.19,-0.17,-0.16,-0.14,-0.13,-0.13,-0.12,-0.12,,,,,,,,,,,,,,,,,,,,,,,,,,,,,,,,,,,,,,,,,,,,,,,,,,,
E498x293.csv,405,51,Mango,Impedance,4,79.56,72.08,65.65,60.11,55.41,51.44,48.14,45.43,43.23,41.46,40.05,38.93,38.05,37.35,36.81,36.37,36.03,35.76,35.55,35.37,35.23,35.12,35.02,34.94,34.88,34.82,34.78,34.74,34.71,34.68,34.65,34.63,34.61,34.6,34.58,34.57,34.56,34.55,34.54,34.53,34.53,34.52,34.51,34.51,34.51,34.51,34.52,34.53,34.55,34.57,34.61,,,,,,,,,,,,,,,,,,,,,,,,,,,,,,,,,,,,,,,,,,,,,,,,,,,
E498x293.csv,406,51,Mango,Phase,4,-51.72,-49.32,-46.64,-43.72,-40.6,-37.32,-33.97,-30.61,-27.33,-24.2,-21.27,-18.58,-16.14,-13.96,-12.03,-10.34,-8.87,-7.6,-6.5,-5.56,-4.75,-4.06,-3.47,-2.96,-2.53,-2.16,-1.85,-1.58,-1.35,-1.16,-1,-0.86,-0.74,-0.64,-0.55,-0.48,-0.42,-0.36,-0.32,-0.28,-0.25,-0.22,-0.2,-0.18,-0.16,-0.15,-0.13,-0.12,-0.12,-0.11,-0.11,,,,,,,,,,,,,,,,,,,,,,,,,,,,,,,,,,,,,,,,,,,,,,,,,,,
E498x294.csv,407,51,Mango,Impedance,6,80.04,72.48,65.98,60.37,55.62,51.61,48.27,45.53,43.31,41.53,40.12,39,38.11,37.42,36.87,36.45,36.11,35.84,35.62,35.45,35.31,35.2,35.11,35.03,34.97,34.91,34.87,34.83,34.8,34.77,34.75,34.73,34.71,34.69,34.68,34.66,34.65,34.64,34.64,34.63,34.62,34.62,34.61,34.61,34.61,34.61,34.62,34.63,34.64,34.67,34.71,,,,,,,,,,,,,,,,,,,,,,,,,,,,,,,,,,,,,,,,,,,,,,,,,,,
E498x294.csv,408,51,Mango,Phase,6,-51.91,-49.52,-46.85,-43.92,-40.78,-37.49,-34.11,-30.73,-27.43,-24.28,-21.33,-18.62,-16.16,-13.97,-12.03,-10.34,-8.86,-7.59,-6.49,-5.54,-4.73,-4.04,-3.45,-2.94,-2.51,-2.15,-1.83,-1.57,-1.34,-1.15,-0.99,-0.85,-0.73,-0.63,-0.54,-0.47,-0.41,-0.36,-0.31,-0.27,-0.24,-0.21,-0.19,-0.17,-0.15,-0.14,-0.13,-0.12,-0.11,-0.11,-0.1,,,,,,,,,,,,,,,,,,,,,,,,,,,,,,,,,,,,,,,,,,,,,,,,,,,
E498x295.csv,409,52,Mango,Impedance,0,72.55,65,58.41,52.67,47.75,43.56,40.05,37.15,34.78,32.88,31.36,30.16,29.22,28.48,27.9,27.45,27.1,26.82,26.6,26.42,26.28,26.17,26.08,26,25.94,25.89,25.85,25.81,25.78,25.76,25.74,25.72,25.7,25.69,25.67,25.66,25.65,25.65,25.64,25.63,25.63,25.62,25.62,25.62,25.62,25.62,25.62,25.63,25.64,25.67,25.7,,,,,,,,,,,,,,,,,,,,,,,,,,,,,,,,,,,,,,,,,,,,,,,,,,,
E498x295.csv,410,52,Mango,Phase,0,-57.35,-55.37,-53.04,-50.36,-47.38,-44.13,-40.66,-37.08,-33.46,-29.9,-26.48,-23.28,-20.33,-17.66,-15.27,-13.15,-11.31,-9.7,-8.31,-7.11,-6.07,-5.19,-4.43,-3.79,-3.24,-2.77,-2.37,-2.02,-1.73,-1.49,-1.28,-1.1,-0.94,-0.81,-0.7,-0.6,-0.52,-0.45,-0.39,-0.33,-0.28,-0.24,-0.2,-0.16,-0.12,-0.08,-0.05,-0.01,0.03,0.08,0.13,,,,,,,,,,,,,,,,,,,,,,,,,,,,,,,,,,,,,,,,,,,,,,,,,,,
E498x296.csv,411,52,Mango,Impedance,2,82.63,74.77,68.01,62.17,57.2,52.99,49.48,46.59,44.23,42.32,40.8,39.6,38.65,37.9,37.3,36.84,36.47,36.18,35.95,35.76,35.6,35.48,35.38,35.3,35.23,35.17,35.12,35.07,35.04,35.01,34.98,34.95,34.93,34.91,34.9,34.88,34.87,34.86,34.85,34.84,34.83,34.82,34.82,34.81,34.81,34.81,34.81,34.82,34.84,34.86,34.9,,,,,,,,,,,,,,,,,,,,,,,,,,,,,,,,,,,,,,,,,,,,,,,,,,,
E498x296.csv,412,52,Mango,Phase,2,-52.5,-50.16,-47.54,-44.66,-41.58,-38.32,-34.97,-31.6,-28.28,-25.1,-22.1,-19.34,-16.83,-14.57,-12.57,-10.81,-9.28,-7.95,-6.81,-5.82,-4.98,-4.25,-3.64,-3.11,-2.66,-2.27,-1.95,-1.67,-1.43,-1.23,-1.06,-0.91,-0.79,-0.68,-0.59,-0.52,-0.45,-0.4,-0.35,-0.31,-0.28,-0.25,-0.23,-0.21,-0.19,-0.18,-0.17,-0.17,-0.16,-0.16,-0.17,,,,,,,,,,,,,,,,,,,,,,,,,,,,,,,,,,,,,,,,,,,,,,,,,,,
E498x297.csv,413,52,Mango,Impedance,4,83.05,75.09,68.24,62.31,57.27,53,49.44,46.51,44.12,42.2,40.67,39.46,38.5,37.75,37.16,36.7,36.34,36.05,35.82,35.63,35.49,35.37,35.27,35.19,35.12,35.06,35.01,34.97,34.94,34.91,34.88,34.86,34.84,34.82,34.81,34.79,34.78,34.77,34.76,34.75,34.74,34.74,34.73,34.73,34.72,34.73,34.73,34.74,34.76,34.78,34.82,,,,,,,,,,,,,,,,,,,,,,,,,,,,,,,,,,,,,,,,,,,,,,,,,,,
E498x297.csv,414,52,Mango,Phase,4,-52.91,-50.59,-47.98,-45.1,-42,-38.72,-35.33,-31.93,-28.57,-25.34,-22.31,-19.51,-16.96,-14.67,-12.64,-10.86,-9.32,-7.98,-6.82,-5.83,-4.98,-4.25,-3.63,-3.1,-2.64,-2.26,-1.93,-1.65,-1.42,-1.22,-1.05,-0.9,-0.78,-0.67,-0.58,-0.51,-0.44,-0.39,-0.34,-0.3,-0.27,-0.24,-0.22,-0.2,-0.18,-0.17,-0.16,-0.15,-0.15,-0.15,-0.15,,,,,,,,,,,,,,,,,,,,,,,,,,,,,,,,,,,,,,,,,,,,,,,,,,,
E498x298.csv,415,52,Mango,Impedance,6,83.35,75.34,68.43,62.45,57.37,53.06,49.48,46.53,44.13,42.19,40.66,39.44,38.49,37.74,37.15,36.69,36.33,36.04,35.81,35.63,35.49,35.37,35.27,35.19,35.12,35.07,35.02,34.98,34.95,34.92,34.89,34.87,34.85,34.84,34.82,34.81,34.8,34.79,34.78,34.77,34.76,34.75,34.75,34.75,34.75,34.75,34.75,34.76,34.78,34.81,34.85,,,,,,,,,,,,,,,,,,,,,,,,,,,,,,,,,,,,,,,,,,,,,,,,,,,
E498x298.csv,416,52,Mango,Phase,6,-53.07,-50.77,-48.16,-45.28,-42.17,-38.87,-35.48,-32.05,-28.68,-25.43,-22.38,-19.56,-17,-14.7,-12.66,-10.87,-9.32,-7.97,-6.82,-5.82,-4.97,-4.24,-3.62,-3.09,-2.63,-2.25,-1.92,-1.64,-1.41,-1.21,-1.04,-0.89,-0.77,-0.66,-0.58,-0.5,-0.44,-0.38,-0.34,-0.3,-0.26,-0.24,-0.21,-0.19,-0.18,-0.16,-0.15,-0.15,-0.14,-0.14,-0.14,,,,,,,,,,,,,,,,,,,,,,,,,,,,,,,,,,,,,,,,,,,,,,,,,,,
E498x299.csv,417,53,Mango,Impedance,0,80.45,72.49,65.55,59.52,54.35,49.95,46.27,43.22,40.73,38.73,37.13,35.86,34.86,34.07,33.45,32.97,32.6,32.3,32.06,31.87,31.71,31.59,31.49,31.4,31.33,31.27,31.22,31.18,31.15,31.11,31.09,31.06,31.04,31.03,31.01,31,30.98,30.97,30.96,30.95,30.94,30.94,30.93,30.93,30.93,30.93,30.93,30.94,30.95,30.98,31.01,,,,,,,,,,,,,,,,,,,,,,,,,,,,,,,,,,,,,,,,,,,,,,,,,,,
E498x299.csv,418,53,Mango,Phase,0,-54.41,-52.32,-49.92,-47.2,-44.23,-41.02,-37.67,-34.23,-30.79,-27.44,-24.25,-21.28,-18.56,-16.1,-13.91,-11.97,-10.29,-8.82,-7.55,-6.46,-5.52,-4.72,-4.03,-3.44,-2.94,-2.52,-2.15,-1.85,-1.58,-1.36,-1.17,-1,-0.87,-0.75,-0.65,-0.56,-0.49,-0.42,-0.37,-0.32,-0.28,-0.25,-0.22,-0.19,-0.16,-0.14,-0.12,-0.1,-0.08,-0.07,-0.05,,,,,,,,,,,,,,,,,,,,,,,,,,,,,,,,,,,,,,,,,,,,,,,,,,,
E498x300.csv,419,53,Mango,Impedance,2,81.81,74.61,68.46,63.21,58.77,55.03,51.93,49.37,47.29,45.6,44.24,43.14,42.26,41.56,40.99,40.53,40.16,39.86,39.62,39.41,39.25,39.11,39,38.91,38.83,38.76,38.7,38.66,38.61,38.58,38.55,38.52,38.5,38.48,38.46,38.44,38.43,38.42,38.4,38.39,38.39,38.38,38.37,38.36,38.36,38.36,38.37,38.38,38.39,38.42,38.47,,,,,,,,,,,,,,,,,,,,,,,,,,,,,,,,,,,,,,,,,,,,,,,,,,,
E498x300.csv,420,53,Mango,Phase,2,-48.95,-46.34,-43.52,-40.51,-37.39,-34.18,-30.97,-27.83,-24.81,-21.96,-19.32,-16.91,-14.74,-12.8,-11.08,-9.57,-8.25,-7.1,-6.11,-5.25,-4.5,-3.87,-3.32,-2.84,-2.44,-2.09,-1.8,-1.54,-1.33,-1.14,-0.99,-0.85,-0.74,-0.64,-0.56,-0.49,-0.43,-0.38,-0.33,-0.3,-0.27,-0.25,-0.23,-0.21,-0.2,-0.19,-0.19,-0.19,-0.2,-0.21,-0.22,,,,,,,,,,,,,,,,,,,,,,,,,,,,,,,,,,,,,,,,,,,,,,,,,,,
E498x301.csv,421,53,Mango,Impedance,4,84.5,76.91,70.43,64.87,60.18,56.22,52.94,50.24,48.05,46.28,44.86,43.72,42.82,42.1,41.52,41.06,40.7,40.4,40.16,39.96,39.8,39.67,39.56,39.47,39.39,39.33,39.28,39.23,39.19,39.16,39.13,39.11,39.08,39.06,39.05,39.03,39.02,39.01,39,38.99,38.98,38.97,38.97,38.96,38.96,38.97,38.97,38.98,39,39.03,39.08,,,,,,,,,,,,,,,,,,,,,,,,,,,,,,,,,,,,,,,,,,,,,,,,,,,
E498x301.csv,422,53,Mango,Phase,4,-49.64,-47.11,-44.34,-41.35,-38.22,-34.99,-31.72,-28.5,-25.4,-22.47,-19.75,-17.26,-15.02,-13.02,-11.25,-9.69,-8.34,-7.16,-6.15,-5.27,-4.51,-3.87,-3.31,-2.83,-2.43,-2.08,-1.78,-1.53,-1.31,-1.13,-0.97,-0.84,-0.72,-0.63,-0.55,-0.48,-0.42,-0.37,-0.33,-0.29,-0.26,-0.24,-0.22,-0.21,-0.2,-0.19,-0.19,-0.19,-0.2,-0.21,-0.22,,,,,,,,,,,,,,,,,,,,,,,,,,,,,,,,,,,,,,,,,,,,,,,,,,,
E498x302.csv,423,53,Mango,Impedance,6,84.99,77.35,70.8,65.16,60.4,56.39,53.07,50.34,48.12,46.33,44.9,43.76,42.86,42.13,41.56,41.1,40.73,40.44,40.2,40.01,39.85,39.72,39.61,39.52,39.45,39.39,39.34,39.29,39.25,39.22,39.19,39.17,39.15,39.13,39.11,39.1,39.09,39.08,39.07,39.06,39.05,39.04,39.04,39.04,39.04,39.04,39.04,39.06,39.08,39.11,39.15,,,,,,,,,,,,,,,,,,,,,,,,,,,,,,,,,,,,,,,,,,,,,,,,,,,
E498x302.csv,424,53,Mango,Phase,6,-49.88,-47.36,-44.6,-41.61,-38.47,-35.22,-31.94,-28.7,-25.57,-22.61,-19.86,-17.35,-15.09,-13.07,-11.28,-9.72,-8.36,-7.17,-6.15,-5.27,-4.51,-3.86,-3.3,-2.83,-2.42,-2.07,-1.77,-1.52,-1.3,-1.12,-0.96,-0.83,-0.72,-0.62,-0.54,-0.47,-0.41,-0.36,-0.32,-0.28,-0.25,-0.23,-0.21,-0.2,-0.19,-0.18,-0.18,-0.18,-0.18,-0.19,-0.2,,,,,,,,,,,,,,,,,,,,,,,,,,,,,,,,,,,,,,,,,,,,,,,,,,,
E498x303.csv,425,54,Mango,Impedance,0,74.6,67.05,60.46,54.73,49.84,45.69,42.22,39.35,37.01,35.14,33.64,32.45,31.52,30.78,30.21,29.75,29.4,29.11,28.89,28.7,28.56,28.44,28.34,28.26,28.19,28.13,28.09,28.05,28.01,27.98,27.96,27.93,27.91,27.89,27.88,27.86,27.85,27.84,27.83,27.82,27.82,27.81,27.8,27.8,27.8,27.8,27.8,27.81,27.82,27.84,27.87,,,,,,,,,,,,,,,,,,,,,,,,,,,,,,,,,,,,,,,,,,,,,,,,,,,
E498x303.csv,426,54,Mango,Phase,0,-55.44,-53.36,-50.95,-48.22,-45.22,-41.97,-38.55,-35.04,-31.53,-28.1,-24.84,-21.8,-19.02,-16.51,-14.27,-12.29,-10.57,-9.07,-7.77,-6.66,-5.69,-4.87,-4.16,-3.56,-3.05,-2.61,-2.23,-1.91,-1.64,-1.4,-1.21,-1.04,-0.89,-0.77,-0.66,-0.57,-0.49,-0.42,-0.36,-0.31,-0.26,-0.22,-0.18,-0.14,-0.1,-0.07,-0.03,0.01,0.05,0.09,0.15,,,,,,,,,,,,,,,,,,,,,,,,,,,,,,,,,,,,,,,,,,,,,,,,,,,
E498x304.csv,427,54,Mango,Impedance,2,83.77,76.01,69.36,63.63,58.78,54.68,51.28,48.49,46.22,44.4,42.96,41.81,40.91,40.2,39.64,39.2,38.86,38.58,38.36,38.18,38.03,37.91,37.81,37.73,37.66,37.61,37.56,37.52,37.48,37.45,37.42,37.4,37.38,37.36,37.35,37.33,37.32,37.31,37.3,37.29,37.28,37.27,37.27,37.26,37.26,37.26,37.27,37.28,37.3,37.33,37.37,,,,,,,,,,,,,,,,,,,,,,,,,,,,,,,,,,,,,,,,,,,,,,,,,,,
E498x304.csv,428,54,Mango,Phase,2,-51.09,-48.67,-45.98,-43.04,-39.91,-36.64,-33.29,-29.97,-26.72,-23.62,-20.73,-18.09,-15.7,-13.57,-11.68,-10.03,-8.6,-7.37,-6.3,-5.39,-4.6,-3.93,-3.36,-2.87,-2.46,-2.1,-1.8,-1.54,-1.32,-1.14,-0.98,-0.84,-0.73,-0.63,-0.55,-0.48,-0.42,-0.37,-0.33,-0.29,-0.26,-0.24,-0.22,-0.2,-0.19,-0.18,-0.18,-0.18,-0.18,-0.18,-0.19,,,,,,,,,,,,,,,,,,,,,,,,,,,,,,,,,,,,,,,,,,,,,,,,,,,
E498x305.csv,429,54,Mango,Impedance,4,84.77,76.86,70.07,64.22,59.27,55.08,51.61,48.76,46.46,44.61,43.14,41.98,41.07,40.35,39.79,39.35,39,38.72,38.5,38.33,38.18,38.06,37.97,37.89,37.82,37.77,37.72,37.68,37.64,37.61,37.59,37.57,37.55,37.53,37.51,37.5,37.49,37.48,37.47,37.46,37.45,37.45,37.44,37.44,37.44,37.44,37.44,37.46,37.47,37.5,37.55,,,,,,,,,,,,,,,,,,,,,,,,,,,,,,,,,,,,,,,,,,,,,,,,,,,
E498x305.csv,430,54,Mango,Phase,4,-51.42,-49.02,-46.34,-43.4,-40.26,-36.97,-33.6,-30.24,-26.96,-23.83,-20.91,-18.23,-15.81,-13.66,-11.75,-10.08,-8.64,-7.39,-6.32,-5.4,-4.61,-3.94,-3.36,-2.87,-2.45,-2.09,-1.79,-1.53,-1.31,-1.13,-0.97,-0.83,-0.72,-0.62,-0.54,-0.47,-0.41,-0.36,-0.32,-0.28,-0.25,-0.23,-0.21,-0.19,-0.18,-0.17,-0.17,-0.16,-0.16,-0.17,-0.17,,,,,,,,,,,,,,,,,,,,,,,,,,,,,,,,,,,,,,,,,,,,,,,,,,,
E498x306.csv,431,54,Mango,Impedance,6,85.4,77.41,70.54,64.61,59.59,55.36,51.84,48.96,46.63,44.76,43.28,42.11,41.2,40.48,39.91,39.47,39.12,38.85,38.63,38.45,38.31,38.19,38.1,38.02,37.95,37.9,37.85,37.81,37.78,37.75,37.72,37.7,37.68,37.67,37.65,37.64,37.63,37.62,37.61,37.6,37.59,37.58,37.58,37.58,37.58,37.58,37.58,37.6,37.61,37.64,37.69,,,,,,,,,,,,,,,,,,,,,,,,,,,,,,,,,,,,,,,,,,,,,,,,,,,
E498x306.csv,432,54,Mango,Phase,6,-51.57,-49.19,-46.51,-43.57,-40.43,-37.12,-33.74,-30.35,-27.06,-23.91,-20.98,-18.28,-15.85,-13.69,-11.77,-10.1,-8.65,-7.4,-6.32,-5.4,-4.61,-3.93,-3.35,-2.86,-2.44,-2.09,-1.78,-1.52,-1.31,-1.12,-0.96,-0.83,-0.71,-0.62,-0.53,-0.46,-0.41,-0.36,-0.31,-0.28,-0.25,-0.22,-0.2,-0.19,-0.18,-0.17,-0.16,-0.16,-0.16,-0.16,-0.17,,,,,,,,,,,,,,,,,,,,,,,,,,,,,,,,,,,,,,,,,,,,,,,,,,,
E498x307.csv,433,55,Mango,Impedance,0,72.25,64.78,58.28,52.63,47.81,43.73,40.32,37.51,35.23,33.39,31.94,30.78,29.88,29.18,28.63,28.2,27.86,27.59,27.38,27.22,27.08,26.97,26.89,26.81,26.75,26.7,26.65,26.62,26.58,26.56,26.53,26.51,26.49,26.48,26.46,26.45,26.44,26.43,26.42,26.41,26.4,26.39,26.39,26.39,26.38,26.38,26.39,26.39,26.41,26.43,26.46,,,,,,,,,,,,,,,,,,,,,,,,,,,,,,,,,,,,,,,,,,,,,,,,,,,
E498x307.csv,434,55,Mango,Phase,0,-56.42,-54.36,-51.93,-49.17,-46.13,-42.83,-39.34,-35.75,-32.17,-28.66,-25.32,-22.21,-19.35,-16.78,-14.48,-12.45,-10.69,-9.16,-7.83,-6.7,-5.72,-4.88,-4.17,-3.56,-3.04,-2.6,-2.22,-1.9,-1.63,-1.4,-1.2,-1.03,-0.88,-0.76,-0.65,-0.56,-0.48,-0.41,-0.35,-0.3,-0.25,-0.2,-0.16,-0.12,-0.08,-0.04,0,0.05,0.1,0.15,0.21,,,,,,,,,,,,,,,,,,,,,,,,,,,,,,,,,,,,,,,,,,,,,,,,,,,
E498x308.csv,435,55,Mango,Impedance,2,80.51,73.01,66.59,61.08,56.42,52.5,49.26,46.6,44.45,42.72,41.35,40.27,39.42,38.75,38.23,37.82,37.49,37.23,37.03,36.86,36.72,36.62,36.52,36.45,36.39,36.33,36.29,36.25,36.22,36.19,36.16,36.14,36.12,36.11,36.09,36.08,36.06,36.05,36.04,36.03,36.03,36.02,36.01,36.01,36.01,36.01,36.01,36.02,36.04,36.07,36.11,,,,,,,,,,,,,,,,,,,,,,,,,,,,,,,,,,,,,,,,,,,,,,,,,,,
E498x308.csv,436,55,Mango,Phase,2,-51.42,-48.9,-46.1,-43.07,-39.86,-36.52,-33.12,-29.75,-26.49,-23.39,-20.5,-17.86,-15.49,-13.37,-11.5,-9.87,-8.45,-7.23,-6.18,-5.28,-4.51,-3.85,-3.28,-2.8,-2.4,-2.05,-1.75,-1.5,-1.29,-1.11,-0.95,-0.82,-0.71,-0.61,-0.53,-0.46,-0.4,-0.35,-0.31,-0.28,-0.25,-0.22,-0.2,-0.18,-0.17,-0.15,-0.14,-0.14,-0.13,-0.13,-0.13,,,,,,,,,,,,,,,,,,,,,,,,,,,,,,,,,,,,,,,,,,,,,,,,,,,
E498x309.csv,437,55,Mango,Impedance,4,81.16,73.58,67.05,61.42,56.66,52.65,49.35,46.64,44.44,42.69,41.29,40.19,39.33,38.66,38.13,37.71,37.39,37.13,36.92,36.76,36.62,36.52,36.43,36.35,36.29,36.24,36.2,36.16,36.13,36.1,36.08,36.06,36.04,36.03,36.01,36,35.99,35.98,35.97,35.96,35.95,35.95,35.94,35.94,35.94,35.94,35.95,35.96,35.97,36,36.04,,,,,,,,,,,,,,,,,,,,,,,,,,,,,,,,,,,,,,,,,,,,,,,,,,,
E498x309.csv,438,55,Mango,Phase,4,-51.75,-49.27,-46.51,-43.48,-40.28,-36.93,-33.53,-30.13,-26.83,-23.69,-20.77,-18.09,-15.68,-13.53,-11.63,-9.97,-8.54,-7.29,-6.23,-5.32,-4.53,-3.87,-3.3,-2.81,-2.4,-2.05,-1.75,-1.5,-1.28,-1.1,-0.95,-0.81,-0.7,-0.61,-0.53,-0.46,-0.4,-0.35,-0.31,-0.27,-0.24,-0.22,-0.19,-0.18,-0.16,-0.15,-0.14,-0.13,-0.13,-0.13,-0.12,,,,,,,,,,,,,,,,,,,,,,,,,,,,,,,,,,,,,,,,,,,,,,,,,,,
E498x310.csv,439,55,Mango,Impedance,6,81.68,74,67.4,61.71,56.9,52.85,49.5,46.75,44.53,42.76,41.35,40.24,39.38,38.7,38.17,37.75,37.42,37.17,36.96,36.8,36.66,36.56,36.47,36.4,36.34,36.29,36.24,36.21,36.18,36.15,36.13,36.11,36.09,36.07,36.06,36.05,36.04,36.03,36.02,36.01,36,36,35.99,35.99,35.99,35.99,36,36.01,36.03,36.05,36.09,,,,,,,,,,,,,,,,,,,,,,,,,,,,,,,,,,,,,,,,,,,,,,,,,,,
E498x310.csv,440,55,Mango,Phase,6,-51.87,-49.42,-46.67,-43.65,-40.45,-37.1,-33.68,-30.27,-26.95,-23.8,-20.86,-18.17,-15.74,-13.58,-11.67,-10,-8.56,-7.31,-6.24,-5.32,-4.54,-3.87,-3.3,-2.81,-2.4,-2.05,-1.75,-1.49,-1.28,-1.1,-0.94,-0.81,-0.7,-0.6,-0.52,-0.45,-0.39,-0.34,-0.3,-0.27,-0.24,-0.21,-0.19,-0.17,-0.16,-0.14,-0.14,-0.13,-0.12,-0.12,-0.12,,,,,,,,,,,,,,,,,,,,,,,,,,,,,,,,,,,,,,,,,,,,,,,,,,,
E498x311.csv,441,56,Mango,Impedance,0,78.75,70.86,63.97,58.01,52.93,48.64,45.09,42.17,39.81,37.92,36.42,35.24,34.31,33.59,33.01,32.56,32.21,31.93,31.71,31.53,31.38,31.26,31.17,31.08,31.02,30.96,30.91,30.87,30.84,30.81,30.79,30.76,30.74,30.73,30.71,30.7,30.69,30.68,30.67,30.66,30.65,30.65,30.64,30.64,30.64,30.64,30.64,30.65,30.67,30.69,30.73,,,,,,,,,,,,,,,,,,,,,,,,,,,,,,,,,,,,,,,,,,,,,,,,,,,
E498x311.csv,442,56,Mango,Phase,0,-55.1,-52.92,-50.38,-47.51,-44.37,-40.99,-37.49,-33.92,-30.39,-26.98,-23.77,-20.8,-18.09,-15.67,-13.52,-11.63,-9.99,-8.56,-7.33,-6.27,-5.36,-4.58,-3.92,-3.35,-2.87,-2.45,-2.1,-1.8,-1.54,-1.33,-1.14,-0.98,-0.85,-0.73,-0.63,-0.55,-0.48,-0.41,-0.36,-0.31,-0.27,-0.24,-0.2,-0.18,-0.15,-0.13,-0.1,-0.08,-0.06,-0.04,-0.02,,,,,,,,,,,,,,,,,,,,,,,,,,,,,,,,,,,,,,,,,,,,,,,,,,,
E498x312.csv,443,56,Mango,Impedance,2,86.99,79.04,72.25,66.41,61.47,57.3,53.85,51.02,48.72,46.87,45.4,44.23,43.31,42.58,42.01,41.55,41.19,40.9,40.67,40.49,40.33,40.21,40.11,40.02,39.95,39.89,39.84,39.79,39.76,39.72,39.7,39.67,39.65,39.63,39.61,39.6,39.59,39.57,39.56,39.55,39.54,39.54,39.53,39.53,39.53,39.53,39.53,39.55,39.56,39.59,39.64,,,,,,,,,,,,,,,,,,,,,,,,,,,,,,,,,,,,,,,,,,,,,,,,,,,
E498x312.csv,444,56,Mango,Phase,2,-50.35,-47.86,-45.13,-42.15,-39.01,-35.74,-32.43,-29.15,-25.96,-22.94,-20.13,-17.56,-15.25,-13.18,-11.35,-9.75,-8.37,-7.17,-6.14,-5.25,-4.49,-3.84,-3.28,-2.8,-2.4,-2.05,-1.76,-1.51,-1.3,-1.12,-0.96,-0.83,-0.72,-0.63,-0.55,-0.48,-0.42,-0.38,-0.34,-0.31,-0.28,-0.26,-0.25,-0.24,-0.24,-0.25,-0.26,-0.27,-0.29,-0.32,-0.36,,,,,,,,,,,,,,,,,,,,,,,,,,,,,,,,,,,,,,,,,,,,,,,,,,,
E498x313.csv,445,56,Mango,Impedance,4,87.27,79.29,72.45,66.55,61.56,57.37,53.89,51.04,48.74,46.89,45.42,44.25,43.34,42.61,42.05,41.6,41.24,40.96,40.74,40.55,40.41,40.29,40.19,40.1,40.04,39.98,39.93,39.89,39.85,39.82,39.79,39.77,39.75,39.73,39.71,39.7,39.69,39.68,39.67,39.66,39.65,39.64,39.64,39.64,39.64,39.64,39.64,39.66,39.68,39.71,39.75,,,,,,,,,,,,,,,,,,,,,,,,,,,,,,,,,,,,,,,,,,,,,,,,,,,
E498x313.csv,446,56,Mango,Phase,4,-50.54,-48.09,-45.35,-42.37,-39.2,-35.91,-32.57,-29.25,-26.04,-23,-20.17,-17.58,-15.24,-13.17,-11.33,-9.73,-8.34,-7.13,-6.1,-5.21,-4.45,-3.8,-3.25,-2.78,-2.37,-2.03,-1.74,-1.49,-1.28,-1.1,-0.94,-0.82,-0.71,-0.61,-0.53,-0.47,-0.41,-0.37,-0.33,-0.3,-0.27,-0.26,-0.24,-0.24,-0.23,-0.24,-0.25,-0.26,-0.29,-0.32,-0.35,,,,,,,,,,,,,,,,,,,,,,,,,,,,,,,,,,,,,,,,,,,,,,,,,,,
E498x314.csv,447,56,Mango,Impedance,6,87.54,79.53,72.63,66.7,61.68,57.46,53.97,51.11,48.8,46.94,45.47,44.31,43.4,42.68,42.11,41.67,41.31,41.03,40.81,40.63,40.48,40.37,40.27,40.19,40.12,40.06,40.01,39.97,39.94,39.91,39.88,39.86,39.84,39.82,39.81,39.79,39.78,39.77,39.76,39.75,39.74,39.74,39.73,39.73,39.73,39.73,39.74,39.75,39.77,39.8,39.85,,,,,,,,,,,,,,,,,,,,,,,,,,,,,,,,,,,,,,,,,,,,,,,,,,,
E498x314.csv,448,56,Mango,Phase,6,-50.64,-48.19,-45.45,-42.45,-39.28,-35.98,-32.62,-29.29,-26.07,-23.01,-20.17,-17.57,-15.23,-13.15,-11.31,-9.7,-8.32,-7.11,-6.08,-5.19,-4.43,-3.79,-3.23,-2.76,-2.36,-2.02,-1.72,-1.48,-1.27,-1.09,-0.93,-0.81,-0.7,-0.61,-0.53,-0.46,-0.41,-0.36,-0.32,-0.29,-0.27,-0.25,-0.24,-0.23,-0.23,-0.23,-0.24,-0.26,-0.28,-0.31,-0.34,,,,,,,,,,,,,,,,,,,,,,,,,,,,,,,,,,,,,,,,,,,,,,,,,,,
E498x315.csv,449,57,Mango,Impedance,0,76.45,68.54,61.66,55.68,50.57,46.25,42.65,39.7,37.3,35.38,33.86,32.65,31.71,30.97,30.4,29.95,29.6,29.33,29.11,28.94,28.8,28.69,28.59,28.52,28.46,28.41,28.36,28.33,28.3,28.27,28.25,28.23,28.21,28.19,28.18,28.17,28.16,28.15,28.14,28.13,28.12,28.12,28.11,28.11,28.11,28.11,28.12,28.12,28.14,28.16,28.19,,,,,,,,,,,,,,,,,,,,,,,,,,,,,,,,,,,,,,,,,,,,,,,,,,,
E498x315.csv,450,57,Mango,Phase,0,-56.81,-54.72,-52.27,-49.47,-46.37,-43,-39.46,-35.82,-32.18,-28.65,-25.29,-22.15,-19.29,-16.71,-14.41,-12.39,-10.63,-9.1,-7.78,-6.65,-5.67,-4.84,-4.13,-3.53,-3.01,-2.57,-2.2,-1.88,-1.61,-1.38,-1.19,-1.02,-0.88,-0.76,-0.65,-0.56,-0.49,-0.42,-0.37,-0.32,-0.27,-0.23,-0.2,-0.17,-0.14,-0.11,-0.08,-0.06,-0.03,0,0.03,,,,,,,,,,,,,,,,,,,,,,,,,,,,,,,,,,,,,,,,,,,,,,,,,,,
E498x316.csv,451,57,Mango,Impedance,2,81.66,74.04,67.51,61.89,57.15,53.15,49.85,47.14,44.95,43.2,41.8,40.7,39.83,39.15,38.61,38.18,37.85,37.58,37.37,37.19,37.05,36.94,36.84,36.76,36.7,36.64,36.59,36.55,36.52,36.49,36.46,36.44,36.42,36.4,36.38,36.37,36.35,36.34,36.33,36.32,36.32,36.31,36.3,36.3,36.3,36.3,36.31,36.32,36.34,36.36,36.41,,,,,,,,,,,,,,,,,,,,,,,,,,,,,,,,,,,,,,,,,,,,,,,,,,,
E498x316.csv,452,57,Mango,Phase,2,-51.43,-48.96,-46.2,-43.19,-40,-36.66,-33.27,-29.9,-26.63,-23.53,-20.64,-17.99,-15.61,-13.49,-11.61,-9.97,-8.55,-7.32,-6.26,-5.36,-4.58,-3.91,-3.34,-2.86,-2.45,-2.09,-1.79,-1.54,-1.32,-1.14,-0.98,-0.84,-0.73,-0.63,-0.55,-0.48,-0.42,-0.37,-0.33,-0.29,-0.26,-0.24,-0.22,-0.21,-0.2,-0.19,-0.19,-0.19,-0.19,-0.2,-0.22,,,,,,,,,,,,,,,,,,,,,,,,,,,,,,,,,,,,,,,,,,,,,,,,,,,
E498x317.csv,453,57,Mango,Impedance,4,82.4,74.67,68.03,62.32,57.49,53.42,50.06,47.31,45.08,43.3,41.89,40.78,39.9,39.21,38.67,38.25,37.91,37.64,37.43,37.26,37.12,37.01,36.91,36.84,36.77,36.72,36.67,36.63,36.6,36.57,36.54,36.52,36.5,36.49,36.47,36.46,36.44,36.43,36.42,36.42,36.41,36.4,36.4,36.4,36.4,36.4,36.4,36.41,36.43,36.46,36.5,,,,,,,,,,,,,,,,,,,,,,,,,,,,,,,,,,,,,,,,,,,,,,,,,,,
E498x317.csv,454,57,Mango,Phase,4,-51.75,-49.29,-46.54,-43.54,-40.34,-36.98,-33.57,-30.18,-26.87,-23.73,-20.81,-18.14,-15.73,-13.58,-11.68,-10.02,-8.59,-7.35,-6.28,-5.37,-4.58,-3.91,-3.34,-2.85,-2.44,-2.09,-1.78,-1.53,-1.31,-1.12,-0.97,-0.83,-0.72,-0.62,-0.54,-0.47,-0.41,-0.36,-0.32,-0.29,-0.26,-0.23,-0.21,-0.2,-0.19,-0.18,-0.18,-0.18,-0.18,-0.19,-0.2,,,,,,,,,,,,,,,,,,,,,,,,,,,,,,,,,,,,,,,,,,,,,,,,,,,
E498x318.csv,455,57,Mango,Impedance,6,82.83,75.05,68.35,62.59,57.71,53.61,50.22,47.45,45.21,43.42,42,40.88,40,39.31,38.77,38.34,38.01,37.74,37.53,37.36,37.22,37.11,37.02,36.94,36.88,36.82,36.78,36.74,36.7,36.68,36.65,36.63,36.61,36.59,36.58,36.57,36.56,36.54,36.54,36.53,36.52,36.52,36.51,36.51,36.51,36.51,36.52,36.53,36.55,36.57,36.62,,,,,,,,,,,,,,,,,,,,,,,,,,,,,,,,,,,,,,,,,,,,,,,,,,,
E498x318.csv,456,57,Mango,Phase,6,-51.89,-49.44,-46.69,-43.67,-40.46,-37.1,-33.68,-30.26,-26.95,-23.8,-20.86,-18.18,-15.75,-13.6,-11.69,-10.03,-8.59,-7.35,-6.28,-5.36,-4.58,-3.91,-3.33,-2.85,-2.43,-2.08,-1.78,-1.52,-1.3,-1.12,-0.96,-0.83,-0.71,-0.62,-0.54,-0.47,-0.41,-0.36,-0.32,-0.28,-0.25,-0.23,-0.21,-0.19,-0.18,-0.18,-0.17,-0.17,-0.18,-0.19,-0.2,,,,,,,,,,,,,,,,,,,,,,,,,,,,,,,,,,,,,,,,,,,,,,,,,,,
E498x319.csv,457,58,Mango,Impedance,0,77.05,69.28,62.5,56.63,51.63,47.39,43.86,40.95,38.59,36.7,35.19,33.99,33.04,32.3,31.71,31.24,30.87,30.57,30.34,30.15,29.99,29.87,29.76,29.67,29.6,29.54,29.49,29.45,29.41,29.38,29.35,29.33,29.31,29.29,29.27,29.26,29.25,29.24,29.23,29.22,29.21,29.2,29.2,29.2,29.19,29.2,29.2,29.21,29.22,29.24,29.28,,,,,,,,,,,,,,,,,,,,,,,,,,,,,,,,,,,,,,,,,,,,,,,,,,,
E498x319.csv,458,58,Mango,Phase,0,-55.07,-52.96,-50.5,-47.71,-44.66,-41.36,-37.92,-34.41,-30.91,-27.53,-24.32,-21.34,-18.62,-16.17,-13.99,-12.06,-10.39,-8.92,-7.66,-6.57,-5.63,-4.82,-4.13,-3.54,-3.03,-2.6,-2.23,-1.91,-1.64,-1.41,-1.21,-1.05,-0.9,-0.78,-0.67,-0.58,-0.5,-0.44,-0.38,-0.33,-0.28,-0.24,-0.21,-0.17,-0.14,-0.11,-0.09,-0.06,-0.03,0,0.03,,,,,,,,,,,,,,,,,,,,,,,,,,,,,,,,,,,,,,,,,,,,,,,,,,,
E498x320.csv,459,58,Mango,Impedance,2,84.28,76.69,70.22,64.67,59.98,56.05,52.79,50.12,47.97,46.23,44.86,43.77,42.91,42.23,41.69,41.27,40.93,40.67,40.45,40.28,40.14,40.02,39.93,39.85,39.78,39.73,39.68,39.64,39.6,39.57,39.54,39.52,39.5,39.48,39.47,39.45,39.44,39.43,39.42,39.41,39.4,39.39,39.39,39.38,39.38,39.38,39.39,39.4,39.42,39.45,39.49,,,,,,,,,,,,,,,,,,,,,,,,,,,,,,,,,,,,,,,,,,,,,,,,,,,
E498x320.csv,460,58,Mango,Phase,2,-49.7,-47.14,-44.34,-41.32,-38.16,-34.88,-31.57,-28.32,-25.17,-22.2,-19.45,-16.94,-14.69,-12.68,-10.91,-9.36,-8.03,-6.87,-5.88,-5.02,-4.29,-3.67,-3.13,-2.68,-2.29,-1.96,-1.68,-1.44,-1.24,-1.07,-0.92,-0.79,-0.69,-0.6,-0.52,-0.46,-0.41,-0.36,-0.33,-0.3,-0.27,-0.26,-0.25,-0.24,-0.24,-0.24,-0.25,-0.27,-0.29,-0.32,-0.36,,,,,,,,,,,,,,,,,,,,,,,,,,,,,,,,,,,,,,,,,,,,,,,,,,,
E498x321.csv,461,58,Mango,Impedance,4,85.11,77.4,70.79,65.12,60.33,56.3,52.97,50.25,48.04,46.28,44.88,43.77,42.9,42.21,41.67,41.25,40.91,40.64,40.43,40.26,40.12,40.01,39.91,39.83,39.77,39.71,39.67,39.63,39.59,39.57,39.54,39.52,39.5,39.48,39.47,39.45,39.44,39.43,39.42,39.41,39.4,39.4,39.39,39.39,39.39,39.39,39.4,39.41,39.43,39.46,39.5,,,,,,,,,,,,,,,,,,,,,,,,,,,,,,,,,,,,,,,,,,,,,,,,,,,
E498x321.csv,462,58,Mango,Phase,4,-50.12,-47.59,-44.81,-41.8,-38.62,-35.33,-31.99,-28.7,-25.52,-22.5,-19.71,-17.16,-14.87,-12.83,-11.03,-9.46,-8.1,-6.93,-5.92,-5.06,-4.32,-3.69,-3.15,-2.69,-2.29,-1.96,-1.68,-1.44,-1.23,-1.06,-0.91,-0.79,-0.68,-0.59,-0.52,-0.45,-0.4,-0.35,-0.32,-0.29,-0.27,-0.25,-0.24,-0.23,-0.23,-0.23,-0.24,-0.26,-0.28,-0.31,-0.34,,,,,,,,,,,,,,,,,,,,,,,,,,,,,,,,,,,,,,,,,,,,,,,,,,,
E498x322.csv,463,58,Mango,Impedance,6,85.62,77.82,71.14,65.4,60.55,56.47,53.1,50.35,48.12,46.34,44.92,43.81,42.93,42.24,41.7,41.27,40.94,40.67,40.46,40.29,40.15,40.04,39.94,39.87,39.8,39.75,39.7,39.66,39.63,39.6,39.58,39.56,39.54,39.52,39.5,39.49,39.48,39.47,39.46,39.45,39.44,39.44,39.43,39.43,39.43,39.43,39.44,39.45,39.47,39.5,39.55,,,,,,,,,,,,,,,,,,,,,,,,,,,,,,,,,,,,,,,,,,,,,,,,,,,
E498x322.csv,464,58,Mango,Phase,6,-50.35,-47.85,-45.06,-42.05,-38.86,-35.55,-32.2,-28.88,-25.67,-22.64,-19.82,-17.26,-14.95,-12.89,-11.08,-9.5,-8.14,-6.95,-5.94,-5.07,-4.33,-3.69,-3.15,-2.69,-2.3,-1.96,-1.68,-1.44,-1.23,-1.06,-0.91,-0.78,-0.68,-0.59,-0.51,-0.45,-0.4,-0.35,-0.31,-0.29,-0.26,-0.24,-0.23,-0.23,-0.22,-0.23,-0.24,-0.25,-0.27,-0.3,-0.34,,,,,,,,,,,,,,,,,,,,,,,,,,,,,,,,,,,,,,,,,,,,,,,,,,,
E498x323.csv,465,59,Mango,Impedance,0,71.66,64.17,57.64,51.97,47.14,43.04,39.63,36.83,34.55,32.73,31.29,30.16,29.27,28.58,28.04,27.62,27.28,27.02,26.81,26.64,26.51,26.4,26.31,26.23,26.17,26.12,26.07,26.04,26.01,25.98,25.95,25.93,25.92,25.9,25.89,25.87,25.86,25.85,25.85,25.84,25.83,25.83,25.82,25.82,25.82,25.82,25.83,25.84,25.85,25.87,25.9,,,,,,,,,,,,,,,,,,,,,,,,,,,,,,,,,,,,,,,,,,,,,,,,,,,
E498x323.csv,466,59,Mango,Phase,0,-57.25,-55.19,-52.76,-49.98,-46.9,-43.54,-39.99,-36.34,-32.67,-29.09,-25.69,-22.51,-19.61,-17,-14.68,-12.63,-10.85,-9.3,-7.97,-6.82,-5.84,-4.99,-4.27,-3.65,-3.12,-2.67,-2.29,-1.96,-1.68,-1.45,-1.24,-1.07,-0.92,-0.8,-0.69,-0.59,-0.51,-0.44,-0.38,-0.33,-0.28,-0.24,-0.2,-0.17,-0.13,-0.1,-0.07,-0.04,-0.01,0.02,0.06,,,,,,,,,,,,,,,,,,,,,,,,,,,,,,,,,,,,,,,,,,,,,,,,,,,
E498x324.csv,467,59,Mango,Impedance,2,78.9,71.45,65.08,59.61,54.99,51.09,47.86,45.21,43.06,41.34,39.97,38.89,38.03,37.36,36.83,36.41,36.08,35.82,35.61,35.44,35.3,35.19,35.1,35.02,34.96,34.9,34.86,34.82,34.78,34.75,34.73,34.71,34.69,34.67,34.65,34.64,34.63,34.62,34.61,34.6,34.59,34.59,34.58,34.58,34.58,34.58,34.59,34.6,34.62,34.64,34.68,,,,,,,,,,,,,,,,,,,,,,,,,,,,,,,,,,,,,,,,,,,,,,,,,,,
E498x324.csv,468,59,Mango,Phase,2,-51.86,-49.37,-46.62,-43.62,-40.44,-37.11,-33.72,-30.34,-27.05,-23.92,-21,-18.32,-15.9,-13.74,-11.83,-10.17,-8.72,-7.47,-6.39,-5.46,-4.67,-3.99,-3.41,-2.91,-2.49,-2.13,-1.83,-1.56,-1.34,-1.15,-0.99,-0.86,-0.74,-0.64,-0.56,-0.49,-0.43,-0.38,-0.33,-0.3,-0.27,-0.25,-0.23,-0.21,-0.21,-0.2,-0.2,-0.21,-0.22,-0.23,-0.25,,,,,,,,,,,,,,,,,,,,,,,,,,,,,,,,,,,,,,,,,,,,,,,,,,,
E498x325.csv,469,59,Mango,Impedance,4,79.53,71.97,65.5,59.93,55.21,51.25,47.96,45.27,43.09,41.34,39.96,38.86,38,37.33,36.8,36.39,36.06,35.8,35.59,35.42,35.29,35.18,35.09,35.01,34.95,34.9,34.85,34.82,34.78,34.76,34.73,34.71,34.69,34.68,34.66,34.65,34.64,34.63,34.62,34.61,34.61,34.6,34.6,34.59,34.59,34.6,34.6,34.61,34.63,34.66,34.7,,,,,,,,,,,,,,,,,,,,,,,,,,,,,,,,,,,,,,,,,,,,,,,,,,,
E498x325.csv,470,59,Mango,Phase,4,-52.3,-49.84,-47.09,-44.08,-40.88,-37.52,-34.1,-30.68,-27.34,-24.17,-21.2,-18.49,-16.04,-13.85,-11.91,-10.23,-8.76,-7.5,-6.41,-5.47,-4.67,-3.99,-3.41,-2.91,-2.49,-2.12,-1.82,-1.56,-1.33,-1.14,-0.98,-0.85,-0.73,-0.63,-0.55,-0.48,-0.42,-0.37,-0.32,-0.29,-0.26,-0.24,-0.22,-0.21,-0.2,-0.19,-0.19,-0.2,-0.21,-0.22,-0.24,,,,,,,,,,,,,,,,,,,,,,,,,,,,,,,,,,,,,,,,,,,,,,,,,,,
E498x326.csv,471,59,Mango,Impedance,6,79.96,72.34,65.8,60.17,55.41,51.4,48.08,45.36,43.17,41.41,40.02,38.92,38.06,37.39,36.86,36.44,36.12,35.86,35.65,35.49,35.35,35.24,35.15,35.08,35.02,34.97,34.92,34.88,34.85,34.83,34.8,34.78,34.76,34.75,34.73,34.72,34.71,34.7,34.69,34.69,34.68,34.67,34.67,34.67,34.67,34.67,34.68,34.69,34.71,34.73,34.78,,,,,,,,,,,,,,,,,,,,,,,,,,,,,,,,,,,,,,,,,,,,,,,,,,,
E498x326.csv,472,59,Mango,Phase,6,-52.51,-50.05,-47.31,-44.29,-41.08,-37.71,-34.26,-30.82,-27.46,-24.27,-21.28,-18.55,-16.08,-13.88,-11.94,-10.24,-8.77,-7.5,-6.41,-5.47,-4.67,-3.98,-3.4,-2.9,-2.48,-2.12,-1.81,-1.55,-1.33,-1.14,-0.98,-0.84,-0.72,-0.63,-0.54,-0.47,-0.41,-0.36,-0.32,-0.29,-0.26,-0.23,-0.22,-0.2,-0.19,-0.19,-0.19,-0.19,-0.2,-0.22,-0.23,,,,,,,,,,,,,,,,,,,,,,,,,,,,,,,,,,,,,,,,,,,,,,,,,,,
E498x327.csv,473,60,Mango,Impedance,0,73.08,65.58,59.07,53.42,48.61,44.53,41.14,38.36,36.11,34.31,32.89,31.77,30.9,30.23,29.7,29.29,28.98,28.72,28.52,28.37,28.24,28.13,28.05,27.98,27.92,27.87,27.83,27.79,27.76,27.73,27.71,27.69,27.67,27.65,27.64,27.63,27.62,27.61,27.6,27.59,27.58,27.58,27.57,27.57,27.57,27.57,27.57,27.58,27.59,27.61,27.65,,,,,,,,,,,,,,,,,,,,,,,,,,,,,,,,,,,,,,,,,,,,,,,,,,,
E498x327.csv,474,60,Mango,Phase,0,-55.85,-53.74,-51.27,-48.46,-45.38,-42.03,-38.51,-34.91,-31.31,-27.81,-24.49,-21.42,-18.61,-16.09,-13.85,-11.89,-10.19,-8.72,-7.45,-6.37,-5.44,-4.64,-3.97,-3.39,-2.9,-2.48,-2.12,-1.82,-1.56,-1.34,-1.16,-1,-0.86,-0.74,-0.64,-0.56,-0.48,-0.42,-0.36,-0.31,-0.26,-0.22,-0.18,-0.15,-0.11,-0.08,-0.05,-0.01,0.02,0.06,0.11,,,,,,,,,,,,,,,,,,,,,,,,,,,,,,,,,,,,,,,,,,,,,,,,,,,
E498x328.csv,475,60,Mango,Impedance,2,79.7,72.31,66.04,60.66,56.12,52.31,49.16,46.59,44.5,42.84,41.51,40.47,39.65,39,38.5,38.1,37.79,37.54,37.34,37.18,37.05,36.94,36.86,36.78,36.72,36.67,36.63,36.59,36.56,36.53,36.5,36.48,36.46,36.45,36.43,36.42,36.41,36.4,36.39,36.38,36.37,36.36,36.36,36.36,36.35,36.36,36.36,36.37,36.39,36.42,36.46,,,,,,,,,,,,,,,,,,,,,,,,,,,,,,,,,,,,,,,,,,,,,,,,,,,
E498x328.csv,476,60,Mango,Phase,2,-50.96,-48.38,-45.55,-42.5,-39.28,-35.93,-32.55,-29.21,-25.97,-22.91,-20.06,-17.46,-15.13,-13.05,-11.21,-9.61,-8.23,-7.04,-6.01,-5.13,-4.38,-3.74,-3.19,-2.73,-2.33,-1.99,-1.7,-1.46,-1.25,-1.08,-0.93,-0.8,-0.69,-0.6,-0.52,-0.45,-0.4,-0.35,-0.31,-0.27,-0.24,-0.22,-0.2,-0.18,-0.17,-0.16,-0.15,-0.15,-0.15,-0.15,-0.16,,,,,,,,,,,,,,,,,,,,,,,,,,,,,,,,,,,,,,,,,,,,,,,,,,,
E498x329.csv,477,60,Mango,Impedance,4,80.56,73.04,66.62,61.11,56.47,52.57,49.34,46.7,44.57,42.87,41.52,40.46,39.63,38.98,38.47,38.08,37.76,37.52,37.32,37.16,37.03,36.93,36.85,36.77,36.72,36.67,36.62,36.59,36.56,36.53,36.51,36.49,36.47,36.45,36.44,36.43,36.41,36.4,36.39,36.39,36.38,36.38,36.37,36.37,36.37,36.37,36.38,36.39,36.4,36.43,36.48,,,,,,,,,,,,,,,,,,,,,,,,,,,,,,,,,,,,,,,,,,,,,,,,,,,
E498x329.csv,478,60,Mango,Phase,4,-51.49,-48.94,-46.12,-43.06,-39.82,-36.45,-33.03,-29.63,-26.35,-23.23,-20.34,-17.69,-15.31,-13.2,-11.33,-9.71,-8.31,-7.09,-6.05,-5.16,-4.4,-3.75,-3.2,-2.73,-2.33,-1.99,-1.7,-1.46,-1.25,-1.07,-0.92,-0.79,-0.68,-0.59,-0.51,-0.44,-0.39,-0.34,-0.3,-0.26,-0.24,-0.21,-0.19,-0.17,-0.16,-0.15,-0.14,-0.14,-0.14,-0.14,-0.14,,,,,,,,,,,,,,,,,,,,,,,,,,,,,,,,,,,,,,,,,,,,,,,,,,,
E498x330.csv,479,60,Mango,Impedance,6,81.05,73.45,66.95,61.38,56.67,52.72,49.45,46.78,44.63,42.91,41.55,40.48,39.65,38.99,38.48,38.08,37.77,37.53,37.33,37.17,37.05,36.95,36.86,36.79,36.73,36.68,36.64,36.61,36.58,36.55,36.53,36.51,36.49,36.48,36.46,36.45,36.44,36.43,36.42,36.41,36.41,36.4,36.4,36.4,36.39,36.4,36.4,36.41,36.43,36.46,36.5,,,,,,,,,,,,,,,,,,,,,,,,,,,,,,,,,,,,,,,,,,,,,,,,,,,
E498x330.csv,480,60,Mango,Phase,6,-51.73,-49.2,-46.39,-43.33,-40.08,-36.7,-33.26,-29.84,-26.53,-23.39,-20.47,-17.8,-15.4,-13.27,-11.39,-9.75,-8.34,-7.12,-6.07,-5.18,-4.41,-3.76,-3.2,-2.73,-2.33,-1.99,-1.7,-1.45,-1.24,-1.06,-0.91,-0.79,-0.68,-0.58,-0.51,-0.44,-0.38,-0.33,-0.29,-0.26,-0.23,-0.21,-0.19,-0.17,-0.16,-0.15,-0.14,-0.13,-0.13,-0.13,-0.13,,,,,,,,,,,,,,,,,,,,,,,,,,,,,,,,,,,,,,,,,,,,,,,,,,,
,,,,,,,,,,,,,,,,,,,,,,,,,,,,,,,,,,,,,,,,,,,,,,,,,,,,,,,,,,,,,,,,,,,,,,,,,,,,,,,,,,,,,,,,,,,,,,,,,,,,,,,,,,,
E498x352.csv,481,61,Guava,Impedance,0,74.36,66.96,60.49,54.89,50.13,46.1,42.75,40,37.78,36.01,34.6,33.49,32.62,31.94,31.41,30.99,30.66,30.4,30.19,30.02,29.89,29.78,29.68,29.61,29.55,29.49,29.45,29.41,29.38,29.35,29.32,29.3,29.28,29.27,29.25,29.24,29.23,29.22,29.21,29.2,29.19,29.19,29.18,29.18,29.17,29.18,29.18,29.19,29.2,29.22,29.26,,,,,,,,,,,,,,,,,,,,,,,,,,,,,,,,,,,,,,,,,,,,,,,,,,,
E498x352.csv,482,61,Guava,Phase,0,-54.84,-52.63,-50.09,-47.22,-44.09,-40.73,-37.24,-33.68,-30.16,-26.76,-23.56,-20.6,-17.91,-15.5,-13.37,-11.49,-9.87,-8.45,-7.24,-6.19,-5.3,-4.53,-3.87,-3.31,-2.84,-2.43,-2.08,-1.78,-1.53,-1.31,-1.13,-0.98,-0.84,-0.73,-0.63,-0.55,-0.47,-0.41,-0.35,-0.31,-0.26,-0.22,-0.19,-0.15,-0.12,-0.09,-0.05,-0.02,0.02,0.06,0.1,,,,,,,,,,,,,,,,,,,,,,,,,,,,,,,,,,,,,,,,,,,,,,,,,,,
E498x353.csv,483,61,Guava,Impedance,2,79.74,72.64,66.6,61.44,57.1,53.46,50.46,48.01,46.03,44.44,43.18,42.18,41.39,40.76,40.27,39.87,39.55,39.3,39.09,38.93,38.79,38.67,38.58,38.5,38.43,38.38,38.33,38.28,38.25,38.22,38.2,38.17,38.15,38.13,38.11,38.1,38.08,38.07,38.06,38.05,38.04,38.03,38.03,38.02,38.02,38.02,38.02,38.03,38.05,38.08,38.12,,,,,,,,,,,,,,,,,,,,,,,,,,,,,,,,,,,,,,,,,,,,,,,,,,,
E498x353.csv,484,61,Guava,Phase,2,-49.4,-46.73,-43.84,-40.74,-37.52,-34.21,-30.89,-27.64,-24.53,-21.6,-18.9,-16.46,-14.26,-12.32,-10.61,-9.11,-7.82,-6.71,-5.75,-4.92,-4.21,-3.61,-3.09,-2.64,-2.27,-1.94,-1.67,-1.43,-1.23,-1.06,-0.91,-0.79,-0.69,-0.6,-0.52,-0.45,-0.4,-0.35,-0.31,-0.28,-0.25,-0.23,-0.21,-0.19,-0.18,-0.17,-0.16,-0.16,-0.16,-0.16,-0.16,,,,,,,,,,,,,,,,,,,,,,,,,,,,,,,,,,,,,,,,,,,,,,,,,,,
E498x354.csv,485,61,Guava,Impedance,4,80.99,73.6,67.33,61.97,57.46,53.69,50.58,48.04,46,44.37,43.08,42.06,41.26,40.63,40.13,39.74,39.43,39.18,38.98,38.81,38.68,38.57,38.48,38.41,38.34,38.29,38.24,38.2,38.17,38.14,38.12,38.09,38.07,38.06,38.04,38.03,38.02,38.01,38,37.99,37.98,37.97,37.97,37.97,37.96,37.97,37.97,37.98,38,38.03,38.07,,,,,,,,,,,,,,,,,,,,,,,,,,,,,,,,,,,,,,,,,,,,,,,,,,,
E498x354.csv,486,61,Guava,Phase,4,-50.15,-47.53,-44.65,-41.56,-38.31,-34.95,-31.57,-28.25,-25.06,-22.06,-19.29,-16.77,-14.52,-12.52,-10.76,-9.23,-7.91,-6.77,-5.79,-4.95,-4.23,-3.62,-3.09,-2.64,-2.26,-1.93,-1.66,-1.42,-1.22,-1.05,-0.9,-0.78,-0.67,-0.58,-0.51,-0.44,-0.39,-0.34,-0.3,-0.27,-0.24,-0.22,-0.2,-0.18,-0.17,-0.16,-0.16,-0.15,-0.15,-0.16,-0.16,,,,,,,,,,,,,,,,,,,,,,,,,,,,,,,,,,,,,,,,,,,,,,,,,,,
E498x355.csv,487,61,Guava,Impedance,6,81.63,74.15,67.78,62.34,57.76,53.93,50.78,48.21,46.14,44.5,43.19,42.17,41.36,40.73,40.23,39.84,39.53,39.28,39.09,38.93,38.79,38.69,38.6,38.53,38.46,38.41,38.37,38.33,38.3,38.27,38.24,38.22,38.2,38.19,38.17,38.16,38.15,38.14,38.13,38.12,38.11,38.11,38.1,38.1,38.1,38.1,38.11,38.12,38.14,38.16,38.21,,,,,,,,,,,,,,,,,,,,,,,,,,,,,,,,,,,,,,,,,,,,,,,,,,,
E498x355.csv,488,61,Guava,Phase,6,-50.41,-47.8,-44.93,-41.83,-38.56,-35.19,-31.79,-28.44,-25.22,-22.19,-19.39,-16.85,-14.58,-12.57,-10.79,-9.25,-7.92,-6.78,-5.79,-4.95,-4.22,-3.61,-3.08,-2.63,-2.25,-1.92,-1.65,-1.41,-1.21,-1.04,-0.89,-0.77,-0.67,-0.58,-0.5,-0.44,-0.38,-0.34,-0.3,-0.26,-0.24,-0.21,-0.19,-0.18,-0.17,-0.16,-0.15,-0.15,-0.15,-0.15,-0.15,,,,,,,,,,,,,,,,,,,,,,,,,,,,,,,,,,,,,,,,,,,,,,,,,,,
E498x356.csv,489,61,Guava,Impedance,8,82.01,74.47,68.05,62.56,57.95,54.08,50.9,48.32,46.24,44.58,43.27,42.24,41.44,40.8,40.31,39.92,39.61,39.36,39.17,39.01,38.88,38.77,38.68,38.61,38.55,38.5,38.45,38.42,38.39,38.36,38.33,38.31,38.29,38.28,38.26,38.25,38.24,38.23,38.22,38.21,38.21,38.2,38.2,38.19,38.19,38.19,38.2,38.21,38.23,38.26,38.3,,,,,,,,,,,,,,,,,,,,,,,,,,,,,,,,,,,,,,,,,,,,,,,,,,,
E498x356.csv,490,61,Guava,Phase,8,-50.55,-47.95,-45.07,-41.97,-38.7,-35.31,-31.89,-28.53,-25.3,-22.25,-19.44,-16.89,-14.6,-12.58,-10.8,-9.26,-7.92,-6.77,-5.78,-4.94,-4.22,-3.6,-3.07,-2.62,-2.24,-1.91,-1.64,-1.4,-1.2,-1.03,-0.89,-0.76,-0.66,-0.57,-0.5,-0.43,-0.38,-0.33,-0.29,-0.26,-0.23,-0.21,-0.19,-0.18,-0.16,-0.15,-0.15,-0.14,-0.14,-0.14,-0.14,,,,,,,,,,,,,,,,,,,,,,,,,,,,,,,,,,,,,,,,,,,,,,,,,,,
E498x357.csv,491,62,Guava,Impedance,0,70.67,63.49,57.26,51.88,47.31,43.46,40.27,37.66,35.56,33.88,32.56,31.52,30.71,30.08,29.58,29.19,28.89,28.65,28.46,28.3,28.18,28.08,27.99,27.92,27.87,27.81,27.77,27.74,27.71,27.68,27.66,27.64,27.62,27.6,27.59,27.58,27.57,27.56,27.55,27.54,27.53,27.52,27.52,27.52,27.51,27.52,27.52,27.53,27.54,27.56,27.59,,,,,,,,,,,,,,,,,,,,,,,,,,,,,,,,,,,,,,,,,,,,,,,,,,,
E498x357.csv,492,62,Guava,Phase,0,-55.44,-53.18,-50.58,-47.66,-44.47,-41.04,-37.48,-33.86,-30.28,-26.84,-23.59,-20.59,-17.88,-15.45,-13.3,-11.42,-9.79,-8.38,-7.17,-6.13,-5.23,-4.47,-3.82,-3.27,-2.79,-2.39,-2.04,-1.75,-1.5,-1.29,-1.11,-0.96,-0.83,-0.71,-0.62,-0.53,-0.46,-0.4,-0.34,-0.3,-0.25,-0.21,-0.18,-0.14,-0.11,-0.08,-0.04,-0.01,0.03,0.07,0.11,,,,,,,,,,,,,,,,,,,,,,,,,,,,,,,,,,,,,,,,,,,,,,,,,,,
E498x358.csv,493,62,Guava,Impedance,2,78.13,70.83,64.64,59.36,54.94,51.24,48.2,45.71,43.71,42.11,40.84,39.84,39.06,38.44,37.95,37.56,37.25,37,36.8,36.64,36.51,36.4,36.31,36.23,36.17,36.11,36.07,36.03,35.99,35.97,35.94,35.92,35.9,35.88,35.87,35.85,35.84,35.83,35.82,35.81,35.8,35.8,35.79,35.79,35.79,35.79,35.79,35.81,35.82,35.85,35.89,,,,,,,,,,,,,,,,,,,,,,,,,,,,,,,,,,,,,,,,,,,,,,,,,,,
E498x358.csv,494,62,Guava,Phase,2,-50.17,-47.61,-44.79,-41.74,-38.54,-35.23,-31.88,-28.58,-25.39,-22.38,-19.59,-17.05,-14.78,-12.76,-10.98,-9.43,-8.09,-6.93,-5.94,-5.08,-4.35,-3.72,-3.18,-2.72,-2.33,-2,-1.71,-1.47,-1.26,-1.09,-0.94,-0.81,-0.7,-0.61,-0.53,-0.46,-0.4,-0.36,-0.31,-0.28,-0.25,-0.23,-0.21,-0.19,-0.18,-0.17,-0.16,-0.16,-0.16,-0.16,-0.16,,,,,,,,,,,,,,,,,,,,,,,,,,,,,,,,,,,,,,,,,,,,,,,,,,,
E498x359.csv,495,62,Guava,Impedance,4,78.84,71.51,65.26,59.91,55.4,51.61,48.49,45.95,43.9,42.27,40.97,39.96,39.16,38.53,38.04,37.66,37.35,37.1,36.91,36.75,36.62,36.51,36.42,36.35,36.29,36.24,36.19,36.15,36.12,36.09,36.07,36.04,36.02,36,35.99,35.98,35.96,35.95,35.94,35.93,35.93,35.92,35.91,35.91,35.91,35.91,35.92,35.93,35.94,35.97,36.01,,,,,,,,,,,,,,,,,,,,,,,,,,,,,,,,,,,,,,,,,,,,,,,,,,,
E498x359.csv,496,62,Guava,Phase,4,-50.78,-48.25,-45.44,-42.4,-39.17,-35.82,-32.42,-29.06,-25.81,-22.74,-19.89,-17.3,-14.98,-12.92,-11.11,-9.53,-8.16,-6.98,-5.97,-5.1,-4.36,-3.73,-3.19,-2.72,-2.33,-1.99,-1.71,-1.46,-1.25,-1.08,-0.93,-0.8,-0.69,-0.6,-0.52,-0.45,-0.4,-0.35,-0.31,-0.27,-0.24,-0.22,-0.2,-0.18,-0.17,-0.16,-0.15,-0.15,-0.15,-0.15,-0.15,,,,,,,,,,,,,,,,,,,,,,,,,,,,,,,,,,,,,,,,,,,,,,,,,,,
E498x360.csv,497,62,Guava,Impedance,6,79.19,71.83,65.51,60.1,55.54,51.72,48.58,46.01,43.95,42.31,41.01,39.99,39.2,38.57,38.08,37.69,37.39,37.15,36.95,36.8,36.67,36.56,36.48,36.4,36.34,36.29,36.25,36.21,36.18,36.15,36.13,36.11,36.09,36.07,36.06,36.05,36.04,36.02,36.02,36.01,36,36,35.99,35.99,35.99,35.99,36,36.01,36.03,36.05,36.1,,,,,,,,,,,,,,,,,,,,,,,,,,,,,,,,,,,,,,,,,,,,,,,,,,,
E498x360.csv,498,62,Guava,Phase,6,-51.13,-48.57,-45.76,-42.69,-39.44,-36.05,-32.63,-29.23,-25.95,-22.85,-19.98,-17.37,-15.03,-12.96,-11.13,-9.54,-8.17,-6.99,-5.97,-5.1,-4.35,-3.72,-3.18,-2.71,-2.32,-1.98,-1.7,-1.45,-1.24,-1.07,-0.92,-0.79,-0.68,-0.59,-0.51,-0.45,-0.39,-0.34,-0.3,-0.27,-0.24,-0.21,-0.19,-0.18,-0.16,-0.15,-0.15,-0.14,-0.14,-0.14,-0.15,,,,,,,,,,,,,,,,,,,,,,,,,,,,,,,,,,,,,,,,,,,,,,,,,,,
E498x361.csv,499,62,Guava,Impedance,8,79.54,72.11,65.75,60.3,55.71,51.87,48.7,46.12,44.05,42.4,41.1,40.08,39.29,38.66,38.17,37.79,37.48,37.24,37.05,36.89,36.76,36.66,36.58,36.5,36.44,36.39,36.35,36.31,36.28,36.26,36.23,36.21,36.19,36.18,36.16,36.15,36.14,36.13,36.12,36.12,36.11,36.11,36.1,36.1,36.1,36.1,36.11,36.12,36.14,36.16,36.21,,,,,,,,,,,,,,,,,,,,,,,,,,,,,,,,,,,,,,,,,,,,,,,,,,,
E498x361.csv,500,62,Guava,Phase,8,-51.28,-48.73,-45.9,-42.82,-39.56,-36.16,-32.71,-29.3,-26.01,-22.9,-20.01,-17.39,-15.04,-12.96,-11.13,-9.54,-8.17,-6.98,-5.96,-5.09,-4.35,-3.71,-3.17,-2.7,-2.31,-1.97,-1.69,-1.45,-1.24,-1.06,-0.91,-0.79,-0.68,-0.59,-0.51,-0.44,-0.39,-0.34,-0.3,-0.26,-0.23,-0.21,-0.19,-0.18,-0.16,-0.15,-0.15,-0.14,-0.14,-0.14,-0.14,,,,,,,,,,,,,,,,,,,,,,,,,,,,,,,,,,,,,,,,,,,,,,,,,,,
E498x362.csv,501,63,Guava,Impedance,0,71.79,64.42,58.03,52.51,47.81,43.83,40.53,37.82,35.63,33.87,32.47,31.37,30.51,29.83,29.31,28.89,28.57,28.31,28.11,27.95,27.82,27.72,27.63,27.56,27.5,27.45,27.4,27.37,27.34,27.31,27.28,27.26,27.24,27.23,27.21,27.2,27.18,27.17,27.16,27.15,27.15,27.14,27.13,27.12,27.12,27.12,27.12,27.13,27.14,27.16,27.19,,,,,,,,,,,,,,,,,,,,,,,,,,,,,,,,,,,,,,,,,,,,,,,,,,,
E498x362.csv,502,63,Guava,Phase,0,-55.87,-53.7,-51.18,-48.32,-45.2,-41.82,-38.3,-34.71,-31.13,-27.67,-24.4,-21.36,-18.58,-16.09,-13.88,-11.93,-10.24,-8.76,-7.5,-6.41,-5.47,-4.68,-4,-3.42,-2.92,-2.5,-2.15,-1.84,-1.58,-1.36,-1.18,-1.02,-0.88,-0.76,-0.66,-0.57,-0.5,-0.43,-0.38,-0.32,-0.28,-0.24,-0.2,-0.16,-0.13,-0.09,-0.06,-0.02,0.02,0.06,0.1,,,,,,,,,,,,,,,,,,,,,,,,,,,,,,,,,,,,,,,,,,,,,,,,,,,
E498x363.csv,503,63,Guava,Impedance,2,75.61,68.55,62.52,57.36,53.01,49.37,46.37,43.91,41.94,40.36,39.1,38.12,37.34,36.73,36.26,35.88,35.58,35.35,35.16,35,34.88,34.78,34.69,34.62,34.56,34.51,34.47,34.43,34.4,34.37,34.34,34.32,34.3,34.28,34.27,34.25,34.24,34.23,34.22,34.21,34.2,34.19,34.18,34.18,34.18,34.18,34.18,34.19,34.21,34.23,34.27,,,,,,,,,,,,,,,,,,,,,,,,,,,,,,,,,,,,,,,,,,,,,,,,,,,
E498x363.csv,504,63,Guava,Phase,2,-51.31,-48.73,-45.88,-42.79,-39.53,-36.14,-32.72,-29.33,-26.06,-22.97,-20.11,-17.5,-15.15,-13.07,-11.24,-9.64,-8.26,-7.06,-6.04,-5.16,-4.41,-3.77,-3.22,-2.76,-2.36,-2.02,-1.74,-1.49,-1.28,-1.11,-0.95,-0.83,-0.72,-0.63,-0.55,-0.48,-0.42,-0.37,-0.33,-0.3,-0.27,-0.24,-0.22,-0.21,-0.2,-0.19,-0.18,-0.18,-0.18,-0.18,-0.19,,,,,,,,,,,,,,,,,,,,,,,,,,,,,,,,,,,,,,,,,,,,,,,,,,,
E498x364.csv,505,63,Guava,Impedance,4,76.29,69.09,62.95,57.69,53.26,49.55,46.48,43.99,41.97,40.37,39.1,38.1,37.32,36.71,36.23,35.85,35.56,35.32,35.13,34.98,34.86,34.76,34.68,34.61,34.55,34.5,34.46,34.42,34.39,34.37,34.34,34.32,34.3,34.29,34.27,34.26,34.24,34.23,34.22,34.22,34.21,34.2,34.2,34.19,34.19,34.19,34.19,34.2,34.22,34.25,34.28,,,,,,,,,,,,,,,,,,,,,,,,,,,,,,,,,,,,,,,,,,,,,,,,,,,
E498x364.csv,506,63,Guava,Phase,4,-51.67,-49.12,-46.28,-43.19,-39.93,-36.52,-33.07,-29.66,-26.35,-23.22,-20.32,-17.67,-15.3,-13.18,-11.33,-9.71,-8.31,-7.1,-6.07,-5.18,-4.42,-3.77,-3.22,-2.75,-2.35,-2.02,-1.73,-1.48,-1.27,-1.1,-0.94,-0.82,-0.71,-0.62,-0.54,-0.47,-0.41,-0.36,-0.32,-0.29,-0.26,-0.23,-0.21,-0.2,-0.18,-0.18,-0.17,-0.16,-0.16,-0.17,-0.17,,,,,,,,,,,,,,,,,,,,,,,,,,,,,,,,,,,,,,,,,,,,,,,,,,,
E498x365.csv,507,63,Guava,Impedance,6,76.66,69.4,63.21,57.91,53.44,49.69,46.61,44.09,42.06,40.45,39.17,38.17,37.38,36.77,36.29,35.91,35.62,35.39,35.2,35.05,34.93,34.83,34.75,34.68,34.62,34.57,34.53,34.5,34.47,34.44,34.42,34.4,34.38,34.36,34.35,34.33,34.32,34.31,34.3,34.29,34.29,34.28,34.27,34.27,34.27,34.27,34.27,34.28,34.3,34.32,34.36,,,,,,,,,,,,,,,,,,,,,,,,,,,,,,,,,,,,,,,,,,,,,,,,,,,
E498x365.csv,508,63,Guava,Phase,6,-51.8,-49.26,-46.42,-43.34,-40.06,-36.65,-33.19,-29.76,-26.44,-23.29,-20.38,-17.72,-15.33,-13.21,-11.34,-9.72,-8.32,-7.1,-6.06,-5.17,-4.42,-3.77,-3.22,-2.75,-2.35,-2.01,-1.72,-1.47,-1.26,-1.09,-0.94,-0.81,-0.7,-0.61,-0.53,-0.46,-0.41,-0.36,-0.32,-0.28,-0.25,-0.23,-0.21,-0.19,-0.18,-0.17,-0.16,-0.16,-0.16,-0.16,-0.17,,,,,,,,,,,,,,,,,,,,,,,,,,,,,,,,,,,,,,,,,,,,,,,,,,,
E498x366.csv,509,64,Guava,Impedance,0,87.3,79.11,72.03,65.93,60.75,56.38,52.75,49.79,47.39,45.47,43.95,42.75,41.81,41.07,40.49,40.04,39.68,39.39,39.17,38.98,38.84,38.71,38.61,38.53,38.46,38.4,38.35,38.3,38.26,38.23,38.2,38.11,38.12,38.03,38.03,38.07,38.2,38.13,38.1,38.08,38.07,38.05,38.04,38.03,38.02,38.02,38.02,38.03,38.04,38.07,38.11,,,,,,,,,,,,,,,,,,,,,,,,,,,,,,,,,,,,,,,,,,,,,,,,,,,
E498x366.csv,510,64,Guava,Phase,0,-51.84,-49.49,-46.82,-43.87,-40.72,-37.39,-33.98,-30.57,-27.25,-24.08,-21.12,-18.41,-15.96,-13.78,-11.85,-10.17,-8.71,-7.45,-6.37,-5.44,-4.65,-3.97,-3.39,-2.9,-2.48,-2.13,-1.83,-1.57,-1.35,-1.17,-1.01,-0.87,-0.76,-0.66,-0.57,-0.5,-0.45,-0.39,-0.35,-0.31,-0.27,-0.24,-0.22,-0.2,-0.18,-0.16,-0.14,-0.13,-0.11,-0.1,-0.09,,,,,,,,,,,,,,,,,,,,,,,,,,,,,,,,,,,,,,,,,,,,,,,,,,,
E498x367.csv,511,64,Guava,Impedance,2,89.84,82.16,75.66,70.12,65.46,61.56,58.35,55.73,53.61,51.92,50.57,49.51,48.66,47.99,47.46,47.04,46.71,46.43,46.21,46.03,45.89,45.76,45.66,45.57,45.5,45.44,45.39,45.34,45.3,45.27,45.24,45.21,45.19,45.16,45.15,45.13,45.11,45.1,45.08,45.07,45.06,45.05,45.05,45.04,45.04,45.04,45.05,45.06,45.08,45.11,45.16,,,,,,,,,,,,,,,,,,,,,,,,,,,,,,,,,,,,,,,,,,,,,,,,,,,
E498x367.csv,512,64,Guava,Phase,2,-47.57,-44.89,-42,-38.92,-35.74,-32.49,-29.27,-26.12,-23.13,-20.33,-17.76,-15.43,-13.36,-11.52,-9.91,-8.51,-7.3,-6.25,-5.36,-4.59,-3.92,-3.36,-2.88,-2.46,-2.11,-1.81,-1.56,-1.34,-1.15,-1,-0.86,-0.75,-0.65,-0.57,-0.5,-0.44,-0.39,-0.35,-0.31,-0.28,-0.26,-0.24,-0.23,-0.22,-0.22,-0.21,-0.22,-0.23,-0.24,-0.26,-0.28,,,,,,,,,,,,,,,,,,,,,,,,,,,,,,,,,,,,,,,,,,,,,,,,,,,
E498x368.csv,513,64,Guava,Impedance,4,91.17,83.3,76.6,70.88,66.07,62.05,58.74,56.04,53.86,52.12,50.74,49.65,48.8,48.12,47.58,47.16,46.82,46.55,46.33,46.15,46,45.88,45.78,45.7,45.63,45.57,45.52,45.48,45.44,45.41,45.38,45.35,45.33,45.31,45.29,45.28,45.26,45.25,45.24,45.23,45.22,45.21,45.21,45.2,45.2,45.2,45.21,45.22,45.24,45.28,45.33,,,,,,,,,,,,,,,,,,,,,,,,,,,,,,,,,,,,,,,,,,,,,,,,,,,
E498x368.csv,514,64,Guava,Phase,4,-48.06,-45.42,-42.54,-39.47,-36.27,-33,-29.73,-26.54,-23.5,-20.65,-18.04,-15.67,-13.55,-11.68,-10.04,-8.61,-7.38,-6.31,-5.4,-4.62,-3.95,-3.38,-2.89,-2.47,-2.11,-1.81,-1.55,-1.33,-1.15,-0.99,-0.85,-0.74,-0.64,-0.56,-0.49,-0.43,-0.38,-0.34,-0.3,-0.27,-0.25,-0.23,-0.22,-0.21,-0.21,-0.2,-0.21,-0.22,-0.23,-0.25,-0.27,,,,,,,,,,,,,,,,,,,,,,,,,,,,,,,,,,,,,,,,,,,,,,,,,,,
E498x369.csv,515,64,Guava,Impedance,6,91.81,83.84,77.05,71.26,66.39,62.31,58.95,56.22,54.02,52.26,50.87,49.77,48.9,48.22,47.68,47.26,46.92,46.65,46.43,46.25,46.11,45.99,45.89,45.8,45.74,45.68,45.63,45.58,45.55,45.51,45.49,45.46,45.44,45.42,45.4,45.39,45.38,45.36,45.35,45.34,45.33,45.33,45.32,45.32,45.32,45.32,45.32,45.34,45.36,45.39,45.44,,,,,,,,,,,,,,,,,,,,,,,,,,,,,,,,,,,,,,,,,,,,,,,,,,,
E498x369.csv,516,64,Guava,Phase,6,-48.26,-45.63,-42.75,-39.68,-36.47,-33.19,-29.91,-26.7,-23.64,-20.77,-18.13,-15.75,-13.62,-11.73,-10.08,-8.64,-7.4,-6.33,-5.41,-4.63,-3.95,-3.38,-2.89,-2.47,-2.11,-1.81,-1.55,-1.33,-1.14,-0.98,-0.85,-0.73,-0.63,-0.55,-0.48,-0.42,-0.37,-0.33,-0.3,-0.27,-0.24,-0.23,-0.21,-0.2,-0.2,-0.2,-0.2,-0.21,-0.22,-0.24,-0.26,,,,,,,,,,,,,,,,,,,,,,,,,,,,,,,,,,,,,,,,,,,,,,,,,,,
E498x370.csv,517,65,Guava,Impedance,0,71,63.76,57.47,52.02,47.38,43.45,40.19,37.5,35.33,33.58,32.19,31.1,30.24,29.57,29.04,28.63,28.31,28.06,27.86,27.7,27.57,27.47,27.38,27.31,27.25,27.2,27.16,27.12,27.09,27.06,27.04,27.02,27,26.98,26.97,26.95,26.94,26.93,26.92,26.91,26.91,26.9,26.89,26.89,26.89,26.89,26.89,26.9,26.91,26.93,26.96,,,,,,,,,,,,,,,,,,,,,,,,,,,,,,,,,,,,,,,,,,,,,,,,,,,
E498x370.csv,518,65,Guava,Phase,0,-55.68,-53.5,-50.99,-48.15,-45.05,-41.7,-38.21,-34.64,-31.09,-27.64,-24.38,-21.35,-18.58,-16.09,-13.87,-11.92,-10.23,-8.76,-7.49,-6.4,-5.47,-4.68,-4,-3.42,-2.92,-2.5,-2.15,-1.84,-1.58,-1.36,-1.17,-1.01,-0.87,-0.76,-0.66,-0.57,-0.49,-0.43,-0.37,-0.32,-0.28,-0.24,-0.2,-0.17,-0.13,-0.1,-0.07,-0.04,-0.01,0.02,0.06,,,,,,,,,,,,,,,,,,,,,,,,,,,,,,,,,,,,,,,,,,,,,,,,,,,
E498x371.csv,519,65,Guava,Impedance,2,82.85,75.13,68.56,62.91,58.13,54.1,50.76,48.01,45.78,43.99,42.56,41.43,40.53,39.83,39.28,38.84,38.5,38.23,38.01,37.83,37.69,37.57,37.47,37.39,37.32,37.27,37.22,37.18,37.14,37.11,37.08,37.06,37.04,37.02,37,36.98,36.97,36.96,36.95,36.94,36.93,36.92,36.91,36.91,36.91,36.91,36.91,36.92,36.94,36.96,37.01,,,,,,,,,,,,,,,,,,,,,,,,,,,,,,,,,,,,,,,,,,,,,,,,,,,
E498x371.csv,520,65,Guava,Phase,2,-51.3,-48.8,-46.04,-43.04,-39.87,-36.57,-33.21,-29.87,-26.63,-23.54,-20.66,-18.02,-15.64,-13.51,-11.63,-9.99,-8.57,-7.33,-6.27,-5.36,-4.58,-3.91,-3.34,-2.86,-2.44,-2.09,-1.79,-1.54,-1.32,-1.14,-0.98,-0.85,-0.73,-0.63,-0.55,-0.48,-0.42,-0.37,-0.33,-0.3,-0.27,-0.24,-0.22,-0.21,-0.2,-0.19,-0.19,-0.19,-0.19,-0.2,-0.21,,,,,,,,,,,,,,,,,,,,,,,,,,,,,,,,,,,,,,,,,,,,,,,,,,,
E498x371.csv,521,65,Guava,Impedance,4,82.5,74.76,68.15,62.48,57.68,53.64,50.29,47.54,45.31,43.52,42.1,40.98,40.1,39.4,38.86,38.43,38.09,37.83,37.61,37.44,37.3,37.19,37.1,37.02,36.95,36.9,36.85,36.81,36.78,36.75,36.72,36.7,36.68,36.66,36.65,36.63,36.62,36.61,36.6,36.59,36.58,36.58,36.57,36.57,36.57,36.57,36.57,36.59,36.6,36.63,36.67,,,,,,,,,,,,,,,,,,,,,,,,,,,,,,,,,,,,,,,,,,,,,,,,,,,
E498x371.csv,522,65,Guava,Phase,4,-51.62,-49.12,-46.36,-43.35,-40.16,-36.83,-33.44,-30.07,-26.8,-23.68,-20.77,-18.11,-15.71,-13.56,-11.67,-10.01,-8.58,-7.33,-6.27,-5.35,-4.57,-3.9,-3.33,-2.85,-2.43,-2.08,-1.78,-1.53,-1.31,-1.13,-0.97,-0.84,-0.72,-0.63,-0.54,-0.47,-0.42,-0.37,-0.32,-0.29,-0.26,-0.23,-0.22,-0.2,-0.19,-0.18,-0.18,-0.17,-0.18,-0.18,-0.19,,,,,,,,,,,,,,,,,,,,,,,,,,,,,,,,,,,,,,,,,,,,,,,,,,,
E498x372.csv,523,65,Guava,Impedance,6,82.62,74.86,68.22,62.52,57.69,53.63,50.26,47.5,45.27,43.48,42.06,40.94,40.05,39.36,38.82,38.4,38.06,37.8,37.59,37.42,37.28,37.17,37.08,37,36.94,36.88,36.84,36.8,36.77,36.74,36.71,36.69,36.67,36.66,36.64,36.63,36.62,36.6,36.6,36.59,36.58,36.57,36.57,36.57,36.56,36.57,36.57,36.58,36.6,36.63,36.67,,,,,,,,,,,,,,,,,,,,,,,,,,,,,,,,,,,,,,,,,,,,,,,,,,,
E498x372.csv,524,65,Guava,Phase,6,-51.72,-49.25,-46.49,-43.47,-40.27,-36.93,-33.53,-30.14,-26.85,-23.72,-20.8,-18.12,-15.71,-13.56,-11.66,-10,-8.57,-7.32,-6.26,-5.34,-4.56,-3.89,-3.32,-2.83,-2.42,-2.07,-1.77,-1.51,-1.3,-1.12,-0.96,-0.83,-0.71,-0.62,-0.54,-0.47,-0.41,-0.36,-0.32,-0.28,-0.25,-0.23,-0.21,-0.2,-0.18,-0.18,-0.17,-0.17,-0.17,-0.18,-0.19,,,,,,,,,,,,,,,,,,,,,,,,,,,,,,,,,,,,,,,,,,,,,,,,,,,
E498x373.csv,525,66,Guava,Impedance,0,75.04,67.36,60.68,54.89,49.96,45.78,42.31,39.45,37.13,35.26,33.77,32.59,31.65,30.92,30.34,29.88,29.52,29.23,29,28.81,28.66,28.54,28.44,28.35,28.28,28.23,28.18,28.13,28.1,28.07,28.04,28.02,28,27.98,27.96,27.95,27.93,27.92,27.91,27.9,27.89,27.89,27.88,27.88,27.88,27.88,27.88,27.89,27.9,27.92,27.95,,,,,,,,,,,,,,,,,,,,,,,,,,,,,,,,,,,,,,,,,,,,,,,,,,,
E498x373.csv,526,66,Guava,Phase,0,-55.95,-53.84,-51.37,-48.56,-45.48,-42.15,-38.66,-35.1,-31.56,-28.11,-24.85,-21.82,-19.04,-16.54,-14.31,-12.34,-10.63,-9.13,-7.83,-6.72,-5.75,-4.93,-4.22,-3.61,-3.1,-2.65,-2.28,-1.96,-1.68,-1.45,-1.25,-1.08,-0.93,-0.8,-0.69,-0.6,-0.52,-0.45,-0.39,-0.33,-0.28,-0.24,-0.2,-0.16,-0.12,-0.09,-0.05,-0.01,0.03,0.07,0.12,,,,,,,,,,,,,,,,,,,,,,,,,,,,,,,,,,,,,,,,,,,,,,,,,,,
E498x374.csv,527,66,Guava,Impedance,2,88,80.27,73.72,68.13,63.43,59.48,56.21,53.54,51.37,49.62,48.22,47.1,46.22,45.51,44.95,44.5,44.14,43.85,43.61,43.42,43.26,43.13,43.02,42.93,42.86,42.79,42.74,42.69,42.65,42.61,42.58,42.55,42.53,42.5,42.49,42.47,42.45,42.44,42.42,42.41,42.4,42.39,42.39,42.38,42.38,42.38,42.38,42.39,42.41,42.44,42.49,,,,,,,,,,,,,,,,,,,,,,,,,,,,,,,,,,,,,,,,,,,,,,,,,,,
E498x374.csv,528,66,Guava,Phase,2,-48.8,-46.13,-43.24,-40.17,-36.99,-33.72,-30.47,-27.29,-24.24,-21.38,-18.74,-16.34,-14.19,-12.27,-10.58,-9.1,-7.82,-6.71,-5.76,-4.93,-4.23,-3.62,-3.1,-2.66,-2.28,-1.96,-1.68,-1.45,-1.25,-1.08,-0.93,-0.81,-0.71,-0.62,-0.54,-0.47,-0.42,-0.37,-0.34,-0.3,-0.28,-0.26,-0.24,-0.23,-0.22,-0.22,-0.22,-0.23,-0.24,-0.25,-0.28,,,,,,,,,,,,,,,,,,,,,,,,,,,,,,,,,,,,,,,,,,,,,,,,,,,
E498x375.csv,529,66,Guava,Impedance,4,89.04,81.13,74.4,68.65,63.8,59.74,56.38,53.63,51.41,49.62,48.19,47.06,46.16,45.44,44.87,44.42,44.06,43.77,43.53,43.34,43.19,43.06,42.95,42.86,42.79,42.72,42.67,42.62,42.58,42.55,42.52,42.49,42.47,42.44,42.43,42.41,42.39,42.38,42.37,42.36,42.35,42.34,42.33,42.33,42.33,42.33,42.33,42.34,42.36,42.39,42.44,,,,,,,,,,,,,,,,,,,,,,,,,,,,,,,,,,,,,,,,,,,,,,,,,,,
E498x375.csv,530,66,Guava,Phase,4,-49.16,-46.56,-43.71,-40.66,-37.47,-34.19,-30.9,-27.68,-24.59,-21.69,-19,-16.56,-14.38,-12.43,-10.71,-9.21,-7.91,-6.78,-5.81,-4.98,-4.26,-3.65,-3.12,-2.67,-2.29,-1.97,-1.69,-1.45,-1.25,-1.08,-0.93,-0.81,-0.7,-0.61,-0.53,-0.47,-0.41,-0.37,-0.33,-0.29,-0.27,-0.25,-0.23,-0.22,-0.21,-0.21,-0.21,-0.21,-0.22,-0.24,-0.26,,,,,,,,,,,,,,,,,,,,,,,,,,,,,,,,,,,,,,,,,,,,,,,,,,,
E498x376.csv,531,66,Guava,Impedance,6,89.71,81.71,74.89,69.06,64.14,60.02,56.62,53.85,51.6,49.79,48.35,47.21,46.3,45.58,45.01,44.56,44.2,43.9,43.67,43.48,43.32,43.2,43.09,43,42.93,42.86,42.81,42.76,42.72,42.69,42.66,42.63,42.61,42.59,42.57,42.56,42.54,42.53,42.52,42.51,42.5,42.49,42.48,42.48,42.48,42.48,42.49,42.5,42.52,42.55,42.6,,,,,,,,,,,,,,,,,,,,,,,,,,,,,,,,,,,,,,,,,,,,,,,,,,,
E498x376.csv,532,66,Guava,Phase,6,-49.37,-46.77,-43.93,-40.87,-37.67,-34.37,-31.07,-27.83,-24.72,-21.79,-19.09,-16.64,-14.43,-12.47,-10.75,-9.24,-7.93,-6.8,-5.82,-4.98,-4.26,-3.65,-3.12,-2.67,-2.29,-1.96,-1.68,-1.45,-1.24,-1.07,-0.92,-0.8,-0.69,-0.6,-0.53,-0.46,-0.41,-0.36,-0.32,-0.29,-0.26,-0.24,-0.23,-0.22,-0.21,-0.2,-0.2,-0.21,-0.22,-0.23,-0.25,,,,,,,,,,,,,,,,,,,,,,,,,,,,,,,,,,,,,,,,,,,,,,,,,,,
E498x377.csv,533,67,Guava,Impedance,0,75.6,68.12,61.67,56.08,51.31,47.27,43.89,41.11,38.83,36.98,35.5,34.32,33.37,32.62,32.02,31.54,31.16,30.85,30.6,30.41,30.24,30.1,29.98,29.89,29.81,29.74,29.69,29.64,29.6,29.57,29.54,29.51,29.49,29.47,29.45,29.43,29.42,29.41,29.4,29.39,29.38,29.37,29.36,29.36,29.36,29.36,29.36,29.37,29.38,29.41,29.44,,,,,,,,,,,,,,,,,,,,,,,,,,,,,,,,,,,,,,,,,,,,,,,,,,,
E498x377.csv,534,67,Guava,Phase,0,-53.67,-51.5,-49.01,-46.23,-43.22,-40.01,-36.67,-33.29,-29.95,-26.71,-23.65,-20.81,-18.21,-15.86,-13.77,-11.91,-10.29,-8.87,-7.63,-6.57,-5.64,-4.85,-4.16,-3.57,-3.07,-2.63,-2.26,-1.94,-1.67,-1.44,-1.24,-1.07,-0.92,-0.8,-0.69,-0.6,-0.52,-0.45,-0.39,-0.34,-0.29,-0.25,-0.21,-0.17,-0.14,-0.11,-0.08,-0.05,-0.01,0.02,0.06,,,,,,,,,,,,,,,,,,,,,,,,,,,,,,,,,,,,,,,,,,,,,,,,,,,
E498x378.csv,535,67,Guava,Impedance,2,81.52,74.26,68.05,62.73,58.23,54.43,51.28,48.67,46.55,44.83,43.44,42.33,41.44,40.72,40.15,39.69,39.33,39.03,38.79,38.6,38.44,38.31,38.2,38.11,38.04,37.97,37.92,37.87,37.83,37.8,37.77,37.75,37.72,37.7,37.69,37.67,37.66,37.65,37.63,37.63,37.62,37.61,37.6,37.6,37.6,37.6,37.61,37.62,37.63,37.66,37.7,,,,,,,,,,,,,,,,,,,,,,,,,,,,,,,,,,,,,,,,,,,,,,,,,,,
E498x378.csv,536,67,Guava,Phase,2,-49.42,-46.86,-44.08,-41.1,-37.99,-34.79,-31.58,-28.41,-25.35,-22.46,-19.77,-17.31,-15.08,-13.09,-11.32,-9.77,-8.42,-7.23,-6.21,-5.33,-4.57,-3.92,-3.36,-2.88,-2.46,-2.11,-1.81,-1.56,-1.34,-1.15,-0.99,-0.86,-0.74,-0.65,-0.56,-0.49,-0.43,-0.38,-0.34,-0.3,-0.27,-0.24,-0.22,-0.21,-0.19,-0.18,-0.18,-0.18,-0.18,-0.18,-0.19,,,,,,,,,,,,,,,,,,,,,,,,,,,,,,,,,,,,,,,,,,,,,,,,,,,
E498x379.csv,537,67,Guava,Impedance,4,82.6,75.17,68.84,63.41,58.81,54.93,51.71,49.06,46.89,45.14,43.73,42.6,41.7,40.97,40.4,39.94,39.57,39.27,39.03,38.84,38.68,38.55,38.44,38.35,38.28,38.21,38.16,38.12,38.08,38.05,38.02,37.99,37.97,37.95,37.93,37.92,37.91,37.89,37.88,37.87,37.87,37.86,37.86,37.85,37.85,37.85,37.86,37.87,37.89,37.91,37.96,,,,,,,,,,,,,,,,,,,,,,,,,,,,,,,,,,,,,,,,,,,,,,,,,,,
E498x379.csv,538,67,Guava,Phase,4,-49.65,-47.11,-44.35,-41.38,-38.27,-35.05,-31.82,-28.63,-25.55,-22.63,-19.91,-17.43,-15.18,-13.17,-11.39,-9.82,-8.45,-7.26,-6.23,-5.34,-4.58,-3.92,-3.36,-2.87,-2.46,-2.11,-1.81,-1.55,-1.33,-1.15,-0.99,-0.85,-0.74,-0.64,-0.56,-0.48,-0.42,-0.37,-0.33,-0.29,-0.26,-0.24,-0.22,-0.2,-0.19,-0.18,-0.17,-0.17,-0.17,-0.18,-0.19,,,,,,,,,,,,,,,,,,,,,,,,,,,,,,,,,,,,,,,,,,,,,,,,,,,
E498x380.csv,539,67,Guava,Impedance,6,83.19,75.72,69.32,63.83,59.18,55.26,52,49.32,47.13,45.36,43.94,42.8,41.9,41.17,40.59,40.13,39.76,39.46,39.22,39.03,38.87,38.74,38.63,38.55,38.47,38.41,38.36,38.31,38.28,38.24,38.22,38.19,38.17,38.15,38.13,38.12,38.11,38.09,38.08,38.07,38.07,38.06,38.05,38.05,38.05,38.05,38.06,38.07,38.09,38.11,38.16,,,,,,,,,,,,,,,,,,,,,,,,,,,,,,,,,,,,,,,,,,,,,,,,,,,
E498x380.csv,540,67,Guava,Phase,6,-49.73,-47.22,-44.46,-41.49,-38.38,-35.16,-31.92,-28.72,-25.62,-22.69,-19.97,-17.47,-15.21,-13.19,-11.4,-9.83,-8.46,-7.26,-6.23,-5.34,-4.57,-3.91,-3.35,-2.87,-2.45,-2.1,-1.8,-1.55,-1.33,-1.14,-0.98,-0.85,-0.73,-0.63,-0.55,-0.48,-0.42,-0.37,-0.33,-0.29,-0.26,-0.23,-0.21,-0.2,-0.19,-0.18,-0.17,-0.17,-0.17,-0.18,-0.18,,,,,,,,,,,,,,,,,,,,,,,,,,,,,,,,,,,,,,,,,,,,,,,,,,,
E498x381.csv,541,68,Guava,Impedance,0,70.61,63.51,57.36,52.04,47.52,43.69,40.51,37.9,35.78,34.08,32.74,31.67,30.84,30.18,29.66,29.25,28.93,28.68,28.47,28.3,28.17,28.06,27.96,27.89,27.83,27.77,27.73,27.69,27.66,27.63,27.61,27.58,27.57,27.55,27.53,27.52,27.51,27.5,27.5,27.49,27.48,27.48,27.47,27.47,27.47,27.47,27.48,27.49,27.5,27.52,27.56,,,,,,,,,,,,,,,,,,,,,,,,,,,,,,,,,,,,,,,,,,,,,,,,,,,
E498x381.csv,542,68,Guava,Phase,0,-54.45,-52.24,-49.73,-46.9,-43.82,-40.52,-37.07,-33.57,-30.09,-26.73,-23.57,-20.63,-17.97,-15.57,-13.45,-11.58,-9.96,-8.54,-7.33,-6.28,-5.37,-4.6,-3.94,-3.37,-2.89,-2.47,-2.12,-1.82,-1.56,-1.34,-1.15,-0.99,-0.85,-0.73,-0.63,-0.54,-0.47,-0.4,-0.34,-0.29,-0.24,-0.19,-0.15,-0.11,-0.07,-0.03,0.01,0.05,0.1,0.15,0.21,,,,,,,,,,,,,,,,,,,,,,,,,,,,,,,,,,,,,,,,,,,,,,,,,,,
E498x382.csv,543,68,Guava,Impedance,2,77.13,70.19,64.27,59.2,54.94,51.37,48.41,46,44.05,42.49,41.24,40.26,39.48,38.87,38.38,37.99,37.69,37.44,37.24,37.08,36.95,36.84,36.75,36.67,36.61,36.56,36.51,36.47,36.44,36.41,36.39,36.37,36.35,36.33,36.32,36.31,36.3,36.29,36.28,36.27,36.26,36.26,36.25,36.25,36.25,36.25,36.26,36.27,36.29,36.32,36.36,,,,,,,,,,,,,,,,,,,,,,,,,,,,,,,,,,,,,,,,,,,,,,,,,,,
E498x382.csv,544,68,Guava,Phase,2,-49.79,-47.16,-44.29,-41.21,-37.99,-34.67,-31.34,-28.07,-24.93,-21.97,-19.24,-16.75,-14.52,-12.54,-10.79,-9.27,-7.96,-6.81,-5.83,-4.99,-4.27,-3.65,-3.12,-2.67,-2.28,-1.95,-1.67,-1.43,-1.23,-1.06,-0.91,-0.78,-0.67,-0.58,-0.5,-0.44,-0.38,-0.33,-0.29,-0.25,-0.22,-0.2,-0.18,-0.16,-0.14,-0.13,-0.12,-0.11,-0.1,-0.09,-0.08,,,,,,,,,,,,,,,,,,,,,,,,,,,,,,,,,,,,,,,,,,,,,,,,,,,
E498x383.csv,545,68,Guava,Impedance,4,78.25,71.11,65.02,59.8,55.41,51.73,48.69,46.22,44.22,42.62,41.35,40.35,39.56,38.94,38.45,38.07,37.76,37.52,37.32,37.16,37.03,36.92,36.84,36.76,36.7,36.65,36.61,36.57,36.54,36.51,36.49,36.47,36.45,36.43,36.42,36.41,36.4,36.39,36.38,36.37,36.37,36.36,36.36,36.36,36.36,36.36,36.37,36.38,36.4,36.42,36.47,,,,,,,,,,,,,,,,,,,,,,,,,,,,,,,,,,,,,,,,,,,,,,,,,,,
E498x383.csv,546,68,Guava,Phase,4,-50.35,-47.73,-44.86,-41.77,-38.53,-35.18,-31.8,-28.48,-25.29,-22.28,-19.49,-16.96,-14.69,-12.67,-10.9,-9.35,-8.02,-6.86,-5.87,-5.01,-4.28,-3.66,-3.12,-2.67,-2.28,-1.95,-1.67,-1.43,-1.22,-1.05,-0.9,-0.77,-0.67,-0.57,-0.5,-0.43,-0.37,-0.32,-0.28,-0.25,-0.22,-0.19,-0.17,-0.15,-0.13,-0.12,-0.11,-0.1,-0.09,-0.08,-0.07,,,,,,,,,,,,,,,,,,,,,,,,,,,,,,,,,,,,,,,,,,,,,,,,,,,
E498x384.csv,547,68,Guava,Impedance,6,78.8,71.57,65.39,60.1,55.66,51.94,48.87,46.37,44.35,42.74,41.47,40.46,39.67,39.05,38.56,38.17,37.87,37.63,37.43,37.27,37.14,37.04,36.95,36.88,36.82,36.77,36.73,36.69,36.66,36.63,36.61,36.59,36.57,36.56,36.55,36.53,36.52,36.51,36.51,36.5,36.49,36.49,36.49,36.48,36.48,36.49,36.49,36.51,36.52,36.55,36.6,,,,,,,,,,,,,,,,,,,,,,,,,,,,,,,,,,,,,,,,,,,,,,,,,,,
E498x384.csv,548,68,Guava,Phase,6,-50.54,-47.95,-45.07,-41.97,-38.72,-35.35,-31.96,-28.61,-25.4,-22.37,-19.56,-17.01,-14.73,-12.7,-10.92,-9.36,-8.02,-6.86,-5.86,-5.01,-4.28,-3.65,-3.12,-2.66,-2.27,-1.94,-1.66,-1.42,-1.21,-1.04,-0.89,-0.77,-0.66,-0.57,-0.49,-0.42,-0.37,-0.32,-0.28,-0.24,-0.21,-0.19,-0.16,-0.15,-0.13,-0.12,-0.1,-0.09,-0.09,-0.08,-0.07,,,,,,,,,,,,,,,,,,,,,,,,,,,,,,,,,,,,,,,,,,,,,,,,,,,
E498x385.csv,549,69,Guava,Impedance,0,78.57,70.88,64.21,58.48,53.6,49.5,46.11,43.34,41.1,39.31,37.88,36.75,35.86,35.16,34.6,34.16,33.82,33.53,33.31,33.12,32.97,32.73,32.62,32.53,32.45,32.38,32.33,32.27,32.23,32.19,32.16,32.13,32.1,32.08,32.06,32.04,32.02,32,31.99,31.97,31.96,31.95,31.94,31.93,31.92,31.92,31.92,31.93,31.94,31.96,31.99,,,,,,,,,,,,,,,,,,,,,,,,,,,,,,,,,,,,,,,,,,,,,,,,,,,
E498x385.csv,550,69,Guava,Phase,0,-53.44,-51.13,-48.49,-45.55,-42.38,-39.01,-35.53,-32.04,-28.62,-25.35,-22.29,-19.48,-16.94,-14.67,-12.65,-10.89,-9.36,-8.03,-6.89,-5.9,-5.06,-4.37,-3.75,-3.22,-2.76,-2.37,-2.04,-1.76,-1.51,-1.31,-1.13,-0.98,-0.85,-0.74,-0.64,-0.56,-0.49,-0.43,-0.38,-0.33,-0.29,-0.26,-0.23,-0.2,-0.17,-0.15,-0.13,-0.11,-0.09,-0.07,-0.05,,,,,,,,,,,,,,,,,,,,,,,,,,,,,,,,,,,,,,,,,,,,,,,,,,,
E498x386.csv,551,69,Guava,Impedance,2,85.82,78.27,71.84,66.35,61.73,57.86,54.66,52.05,49.95,48.26,46.91,45.85,45.01,44.34,43.82,43.4,43.06,42.8,42.58,42.4,42.26,42.14,42.04,41.95,41.88,41.82,41.77,41.72,41.68,41.65,41.62,41.6,41.57,41.55,41.53,41.52,41.5,41.49,41.48,41.47,41.46,41.45,41.44,41.44,41.44,41.44,41.44,41.46,41.47,41.5,41.55,,,,,,,,,,,,,,,,,,,,,,,,,,,,,,,,,,,,,,,,,,,,,,,,,,,
E498x386.csv,552,69,Guava,Phase,2,-48.96,-46.29,-43.41,-40.32,-37.12,-33.82,-30.53,-27.31,-24.22,-21.32,-18.66,-16.23,-14.06,-12.14,-10.45,-8.97,-7.7,-6.6,-5.65,-4.84,-4.14,-3.55,-3.04,-2.6,-2.23,-1.92,-1.65,-1.42,-1.22,-1.05,-0.91,-0.79,-0.69,-0.6,-0.53,-0.46,-0.41,-0.36,-0.33,-0.3,-0.27,-0.25,-0.24,-0.23,-0.23,-0.23,-0.23,-0.24,-0.25,-0.27,-0.3,,,,,,,,,,,,,,,,,,,,,,,,,,,,,,,,,,,,,,,,,,,,,,,,,,,
E498x387.csv,553,69,Guava,Impedance,4,86.8,79.12,72.58,66.99,62.29,58.35,55.1,52.44,50.3,48.59,47.23,46.16,45.31,44.64,44.11,43.69,43.36,43.09,42.87,42.7,42.55,42.44,42.34,42.25,42.19,42.13,42.08,42.03,41.99,41.96,41.93,41.91,41.89,41.87,41.85,41.83,41.82,41.81,41.79,41.79,41.78,41.77,41.76,41.76,41.76,41.76,41.77,41.78,41.8,41.83,41.87,,,,,,,,,,,,,,,,,,,,,,,,,,,,,,,,,,,,,,,,,,,,,,,,,,,
E498x387.csv,554,69,Guava,Phase,4,-49.07,-46.45,-43.58,-40.5,-37.29,-33.99,-30.68,-27.44,-24.33,-21.42,-18.73,-16.29,-14.1,-12.16,-10.46,-8.98,-7.7,-6.59,-5.64,-4.83,-4.13,-3.53,-3.02,-2.59,-2.22,-1.9,-1.63,-1.4,-1.21,-1.04,-0.9,-0.78,-0.68,-0.59,-0.52,-0.45,-0.4,-0.36,-0.32,-0.29,-0.27,-0.25,-0.23,-0.22,-0.22,-0.22,-0.22,-0.23,-0.25,-0.27,-0.3,,,,,,,,,,,,,,,,,,,,,,,,,,,,,,,,,,,,,,,,,,,,,,,,,,,
E498x388.csv,555,69,Guava,Impedance,6,87.44,79.68,73.07,67.43,62.67,58.7,55.41,52.74,50.58,48.85,47.48,46.4,45.55,44.88,44.35,43.93,43.6,43.33,43.12,42.94,42.8,42.68,42.58,42.5,42.43,42.38,42.33,42.28,42.25,42.21,42.19,42.16,42.14,42.12,42.1,42.09,42.07,42.06,42.05,42.04,42.03,42.03,42.02,42.02,42.02,42.02,42.02,42.03,42.05,42.08,42.13,,,,,,,,,,,,,,,,,,,,,,,,,,,,,,,,,,,,,,,,,,,,,,,,,,,
E498x388.csv,556,69,Guava,Phase,6,-49.1,-46.5,-43.63,-40.56,-37.34,-34.04,-30.72,-27.47,-24.36,-21.43,-18.73,-16.29,-14.1,-12.16,-10.45,-8.97,-7.69,-6.58,-5.63,-4.81,-4.11,-3.52,-3.01,-2.57,-2.2,-1.89,-1.62,-1.39,-1.2,-1.03,-0.89,-0.77,-0.67,-0.58,-0.51,-0.45,-0.39,-0.35,-0.31,-0.29,-0.26,-0.24,-0.23,-0.22,-0.22,-0.22,-0.22,-0.23,-0.25,-0.27,-0.29,,,,,,,,,,,,,,,,,,,,,,,,,,,,,,,,,,,,,,,,,,,,,,,,,,,
E498x389.csv,557,70,Guava,Impedance,0,76.74,69.03,62.37,56.6,51.69,47.55,44.1,41.27,38.98,37.14,35.67,34.52,33.6,32.88,32.32,31.87,31.52,31.24,31.01,30.83,30.68,30.55,30.45,30.37,30.3,30.24,30.19,30.15,30.11,30.08,30.05,30.02,30,29.98,29.96,29.95,29.94,29.92,29.91,29.9,29.89,29.89,29.88,29.88,29.87,29.87,29.88,29.89,29.9,29.92,29.96,,,,,,,,,,,,,,,,,,,,,,,,,,,,,,,,,,,,,,,,,,,,,,,,,,,
E498x389.csv,558,70,Guava,Phase,0,-54.75,-52.54,-50,-47.14,-44.02,-40.68,-37.2,-33.68,-30.19,-26.82,-23.65,-20.71,-18.04,-15.64,-13.51,-11.64,-10.01,-8.59,-7.37,-6.32,-5.41,-4.63,-3.97,-3.4,-2.91,-2.5,-2.14,-1.84,-1.58,-1.36,-1.17,-1.01,-0.88,-0.76,-0.66,-0.57,-0.5,-0.43,-0.37,-0.32,-0.28,-0.24,-0.21,-0.18,-0.15,-0.12,-0.09,-0.07,-0.04,-0.01,0.02,,,,,,,,,,,,,,,,,,,,,,,,,,,,,,,,,,,,,,,,,,,,,,,,,,,
E498x390.csv,559,70,Guava,Impedance,2,84.12,76.95,70.9,65.74,61.41,57.79,54.81,52.37,50.41,48.83,47.57,46.58,45.79,45.17,44.68,44.29,43.98,43.72,43.52,43.36,43.22,43.11,43.01,42.93,42.86,42.8,42.75,42.71,42.67,42.64,42.61,42.59,42.56,42.54,42.53,42.51,42.49,42.48,42.47,42.46,42.45,42.44,42.44,42.43,42.43,42.43,42.44,42.45,42.47,42.5,42.55,,,,,,,,,,,,,,,,,,,,,,,,,,,,,,,,,,,,,,,,,,,,,,,,,,,
E498x390.csv,560,70,Guava,Phase,2,-47.51,-44.74,-41.81,-38.7,-35.51,-32.27,-29.05,-25.93,-22.95,-20.17,-17.62,-15.31,-13.25,-11.43,-9.83,-8.43,-7.23,-6.19,-5.3,-4.54,-3.89,-3.33,-2.85,-2.45,-2.1,-1.8,-1.55,-1.33,-1.15,-1,-0.86,-0.75,-0.65,-0.57,-0.5,-0.44,-0.39,-0.35,-0.32,-0.29,-0.27,-0.25,-0.24,-0.24,-0.23,-0.24,-0.24,-0.26,-0.28,-0.3,-0.34,,,,,,,,,,,,,,,,,,,,,,,,,,,,,,,,,,,,,,,,,,,,,,,,,,,
E498x391.csv,561,70,Guava,Impedance,4,85.92,78.46,72.15,66.77,62.26,58.49,55.38,52.85,50.81,49.18,47.89,46.87,46.07,45.44,44.94,44.55,44.24,43.98,43.78,43.62,43.48,43.37,43.28,43.2,43.14,43.08,43.03,42.99,42.95,42.92,42.9,42.87,42.85,42.83,42.81,42.8,42.78,42.77,42.76,42.75,42.74,42.73,42.73,42.72,42.72,42.72,42.73,42.74,42.76,42.79,42.84,,,,,,,,,,,,,,,,,,,,,,,,,,,,,,,,,,,,,,,,,,,,,,,,,,,
E498x391.csv,562,70,Guava,Phase,4,-48.24,-45.51,-42.57,-39.45,-36.23,-32.93,-29.66,-26.46,-23.42,-20.57,-17.95,-15.59,-13.47,-11.6,-9.97,-8.54,-7.32,-6.26,-5.35,-4.57,-3.91,-3.34,-2.86,-2.45,-2.1,-1.8,-1.54,-1.33,-1.14,-0.99,-0.85,-0.74,-0.64,-0.56,-0.49,-0.43,-0.39,-0.34,-0.31,-0.28,-0.26,-0.25,-0.24,-0.23,-0.23,-0.23,-0.24,-0.25,-0.27,-0.3,-0.33,,,,,,,,,,,,,,,,,,,,,,,,,,,,,,,,,,,,,,,,,,,,,,,,,,,
E498x392.csv,563,70,Guava,Impedance,6,86.7,79.13,72.71,67.23,62.64,58.8,55.64,53.08,51.01,49.36,48.05,47.03,46.22,45.58,45.09,44.69,44.38,44.13,43.93,43.77,43.63,43.52,43.43,43.35,43.29,43.23,43.19,43.15,43.11,43.08,43.05,43.03,43.01,42.99,42.97,42.96,42.94,42.93,42.92,42.91,42.9,42.89,42.89,42.88,42.88,42.88,42.89,42.9,42.92,42.95,43,,,,,,,,,,,,,,,,,,,,,,,,,,,,,,,,,,,,,,,,,,,,,,,,,,,
E498x392.csv,564,70,Guava,Phase,6,-48.54,-45.83,-42.89,-39.77,-36.52,-33.2,-29.9,-26.67,-23.6,-20.72,-18.08,-15.69,-13.55,-11.67,-10.01,-8.58,-7.34,-6.28,-5.36,-4.58,-3.91,-3.34,-2.86,-2.44,-2.09,-1.79,-1.54,-1.32,-1.14,-0.98,-0.85,-0.73,-0.64,-0.56,-0.49,-0.43,-0.38,-0.34,-0.31,-0.28,-0.26,-0.24,-0.23,-0.23,-0.22,-0.23,-0.24,-0.25,-0.27,-0.3,-0.33,,,,,,,,,,,,,,,,,,,,,,,,,,,,,,,,,,,,,,,,,,,,,,,,,,,
,,,,,,,,,,,,,,,,,,,,,,,,,,,,,,,,,,,,,,,,,,,,,,,,,,,,,,,,,,,,,,,,,,,,,,,,,,,,,,,,,,,,,,,,,,,,,,,,,,,,,,,,,,,
E498x419.csv,565,71,Guava,Impedance,0,84.01,75.73,68.47,62.16,56.78,52.21,48.38,45.23,42.66,40.58,38.91,37.59,36.54,35.7,35.04,34.51,34.09,33.76,33.49,33.27,33.1,32.95,32.83,32.73,32.65,32.58,32.52,32.47,32.43,32.39,32.36,32.33,32.31,32.29,32.27,32.25,32.23,32.21,32.2,32.19,32.18,32.17,32.16,32.15,32.15,32.14,32.15,32.15,32.17,32.19,32.23,,,,,,,,,,,,,,,,,,,,,,,,,,,,,,,,,,,,,,,,,,,,,,,,,,,
E498x419.csv,566,71,Guava,Phase,0,-54.63,-52.54,-50.09,-47.33,-44.31,-41.06,-37.67,-34.21,-30.77,-27.44,-24.28,-21.34,-18.66,-16.23,-14.07,-12.15,-10.48,-9.01,-7.75,-6.65,-5.71,-4.89,-4.2,-3.6,-3.09,-2.65,-2.28,-1.96,-1.68,-1.45,-1.25,-1.08,-0.94,-0.81,-0.7,-0.61,-0.53,-0.45,-0.39,-0.33,-0.27,-0.22,-0.17,-0.12,-0.07,-0.01,0.05,0.11,0.18,0.27,0.36,,,,,,,,,,,,,,,,,,,,,,,,,,,,,,,,,,,,,,,,,,,,,,,,,,,
E498x420.csv,567,71,Guava,Impedance,2,86.88,79.13,72.54,66.89,62.11,58.07,54.7,51.93,49.66,47.82,46.34,45.16,44.21,43.45,42.83,42.34,41.95,41.63,41.37,41.15,40.98,40.83,40.71,40.6,40.52,40.44,40.38,40.33,40.28,40.24,40.2,40.17,40.15,40.12,40.1,40.08,40.06,40.04,40.03,40.01,40,39.99,39.98,39.97,39.97,39.97,39.97,39.98,39.99,40.02,40.06,,,,,,,,,,,,,,,,,,,,,,,,,,,,,,,,,,,,,,,,,,,,,,,,,,,
E498x420.csv,568,71,Guava,Phase,2,-49.44,-46.87,-44.1,-41.13,-38.04,-34.84,-31.63,-28.46,-25.4,-22.5,-19.81,-17.35,-15.12,-13.13,-11.36,-9.81,-8.46,-7.29,-6.27,-5.39,-4.63,-3.98,-3.42,-2.94,-2.53,-2.17,-1.87,-1.61,-1.39,-1.2,-1.04,-0.9,-0.78,-0.68,-0.6,-0.52,-0.46,-0.4,-0.35,-0.31,-0.27,-0.24,-0.21,-0.18,-0.16,-0.13,-0.11,-0.08,-0.05,-0.03,0.01,,,,,,,,,,,,,,,,,,,,,,,,,,,,,,,,,,,,,,,,,,,,,,,,,,,
E498x421.csv,569,71,Guava,Impedance,4,88,80.07,73.29,67.48,62.55,58.4,54.94,52.09,49.78,47.91,46.4,45.2,44.25,43.48,42.87,42.38,41.99,41.68,41.42,41.21,41.04,40.9,40.78,40.68,40.6,40.53,40.46,40.41,40.37,40.33,40.3,40.27,40.24,40.22,40.2,40.18,40.16,40.15,40.13,40.12,40.11,40.1,40.09,40.08,40.08,40.08,40.08,40.09,40.11,40.13,40.18,,,,,,,,,,,,,,,,,,,,,,,,,,,,,,,,,,,,,,,,,,,,,,,,,,,
E498x421.csv,570,71,Guava,Phase,4,-49.93,-47.4,-44.65,-41.68,-38.56,-35.34,-32.08,-28.85,-25.74,-22.79,-20.05,-17.53,-15.27,-13.24,-11.44,-9.87,-8.5,-7.31,-6.28,-5.39,-4.63,-3.97,-3.41,-2.92,-2.51,-2.16,-1.85,-1.59,-1.37,-1.18,-1.02,-0.88,-0.77,-0.66,-0.58,-0.5,-0.44,-0.38,-0.33,-0.29,-0.25,-0.22,-0.19,-0.16,-0.13,-0.1,-0.07,-0.04,-0.01,0.03,0.07,,,,,,,,,,,,,,,,,,,,,,,,,,,,,,,,,,,,,,,,,,,,,,,,,,,
E498x421.csv,571,71,Guava,Impedance,6,88.49,80.48,73.63,67.74,62.76,58.56,55.07,52.2,49.86,47.98,46.47,45.27,44.31,43.55,42.94,42.46,42.07,41.76,41.51,41.3,41.13,40.99,40.87,40.77,40.69,40.62,40.56,40.51,40.47,40.43,40.4,40.37,40.35,40.32,40.3,40.28,40.27,40.25,40.24,40.23,40.22,40.21,40.2,40.19,40.19,40.19,40.19,40.2,40.22,40.25,40.29,,,,,,,,,,,,,,,,,,,,,,,,,,,,,,,,,,,,,,,,,,,,,,,,,,,
E498x421.csv,572,71,Guava,Phase,6,-50.13,-47.61,-44.86,-41.88,-38.75,-35.51,-32.23,-28.98,-25.85,-22.87,-20.11,-17.57,-15.29,-13.25,-11.45,-9.86,-8.49,-7.29,-6.26,-5.37,-4.61,-3.95,-3.39,-2.91,-2.49,-2.14,-1.84,-1.58,-1.36,-1.17,-1.01,-0.87,-0.76,-0.66,-0.57,-0.49,-0.43,-0.38,-0.33,-0.28,-0.25,-0.21,-0.18,-0.15,-0.12,-0.09,-0.07,-0.04,0,0.03,0.07,,,,,,,,,,,,,,,,,,,,,,,,,,,,,,,,,,,,,,,,,,,,,,,,,,,
E498x422.csv,573,71,Guava,Impedance,8,90.29,82.14,75.17,69.17,64.09,59.82,56.26,53.34,50.97,49.06,47.53,46.32,45.35,44.59,43.98,43.5,43.11,42.8,42.55,42.35,42.18,42.04,41.93,41.83,41.75,41.69,41.63,41.58,41.54,41.5,41.47,41.44,41.42,41.4,41.38,41.36,41.34,41.33,41.32,41.3,41.29,41.28,41.28,41.27,41.27,41.27,41.27,41.28,41.3,41.33,41.38,,,,,,,,,,,,,,,,,,,,,,,,,,,,,,,,,,,,,,,,,,,,,,,,,,,
E498x422.csv,574,71,Guava,Phase,8,-50.1,-47.59,-44.84,-41.86,-38.72,-35.47,-32.18,-28.93,-25.78,-22.8,-20.02,-17.48,-15.2,-13.15,-11.35,-9.77,-8.4,-7.2,-6.18,-5.29,-4.53,-3.88,-3.33,-2.85,-2.44,-2.09,-1.8,-1.54,-1.32,-1.14,-0.98,-0.85,-0.73,-0.63,-0.55,-0.48,-0.42,-0.36,-0.31,-0.27,-0.23,-0.2,-0.17,-0.14,-0.11,-0.09,-0.06,-0.03,0,0.04,0.08,,,,,,,,,,,,,,,,,,,,,,,,,,,,,,,,,,,,,,,,,,,,,,,,,,,
E498x423.csv,575,72,Guava,Impedance,0,78.27,70.45,63.65,57.74,52.68,48.37,44.76,41.78,39.34,37.37,35.8,34.55,33.56,32.78,32.17,31.68,31.3,31,30.75,30.56,30.4,30.27,30.17,30.08,30,29.94,29.89,29.85,29.81,29.78,29.75,29.73,29.7,29.68,29.67,29.65,29.64,29.63,29.62,29.61,29.6,29.59,29.59,29.59,29.58,29.59,29.59,29.6,29.61,29.64,29.67,,,,,,,,,,,,,,,,,,,,,,,,,,,,,,,,,,,,,,,,,,,,,,,,,,,
E498x423.csv,576,72,Guava,Phase,0,-54.55,-52.5,-50.12,-47.43,-44.47,-41.29,-37.94,-34.51,-31.08,-27.73,-24.55,-21.57,-18.84,-16.38,-14.17,-12.23,-10.53,-9.04,-7.76,-6.65,-5.7,-4.88,-4.18,-3.58,-3.07,-2.63,-2.25,-1.93,-1.66,-1.42,-1.22,-1.05,-0.9,-0.77,-0.66,-0.56,-0.48,-0.4,-0.33,-0.27,-0.21,-0.15,-0.09,-0.03,0.03,0.1,0.17,0.26,0.35,0.46,0.59,,,,,,,,,,,,,,,,,,,,,,,,,,,,,,,,,,,,,,,,,,,,,,,,,,,
E498x424.csv,577,72,Guava,Impedance,2,86.72,78.79,72.03,66.23,61.34,57.22,53.81,51,48.72,46.89,45.42,44.25,43.32,42.57,41.98,41.51,41.13,40.83,40.58,40.38,40.21,40.07,39.96,39.86,39.78,39.71,39.65,39.6,39.56,39.52,39.49,39.46,39.44,39.41,39.39,39.37,39.36,39.34,39.33,39.32,39.31,39.3,39.29,39.28,39.28,39.28,39.28,39.29,39.3,39.33,39.37,,,,,,,,,,,,,,,,,,,,,,,,,,,,,,,,,,,,,,,,,,,,,,,,,,,
E498x424.csv,578,72,Guava,Phase,2,-50.41,-47.88,-45.08,-42.06,-38.89,-35.6,-32.29,-29.02,-25.86,-22.87,-20.09,-17.55,-15.26,-13.22,-11.42,-9.84,-8.47,-7.27,-6.24,-5.35,-4.59,-3.93,-3.37,-2.89,-2.48,-2.13,-1.82,-1.57,-1.35,-1.16,-1,-0.86,-0.74,-0.64,-0.56,-0.48,-0.42,-0.36,-0.31,-0.27,-0.23,-0.2,-0.16,-0.13,-0.1,-0.07,-0.04,-0.01,0.03,0.07,0.12,,,,,,,,,,,,,,,,,,,,,,,,,,,,,,,,,,,,,,,,,,,,,,,,,,,
E498x425.csv,579,72,Guava,Impedance,4,93.11,84.78,77.63,71.48,66.27,61.89,58.25,55.26,52.84,50.88,49.32,48.08,47.09,46.31,45.69,45.2,44.81,44.49,44.24,44.03,43.86,43.72,43.6,43.51,43.43,43.36,43.3,43.25,43.21,43.17,43.14,43.11,43.09,43.07,43.05,43.03,43.02,43,42.99,42.98,42.97,42.96,42.95,42.95,42.94,42.94,42.95,42.96,42.98,43.01,43.05,,,,,,,,,,,,,,,,,,,,,,,,,,,,,,,,,,,,,,,,,,,,,,,,,,,
E498x425.csv,580,72,Guava,Phase,4,-49.68,-47.21,-44.48,-41.51,-38.4,-35.16,-31.89,-28.66,-25.53,-22.57,-19.82,-17.3,-15.03,-13.01,-11.22,-9.65,-8.29,-7.12,-6.1,-5.23,-4.47,-3.83,-3.28,-2.81,-2.41,-2.06,-1.77,-1.52,-1.3,-1.12,-0.97,-0.84,-0.72,-0.63,-0.54,-0.47,-0.41,-0.36,-0.31,-0.27,-0.24,-0.21,-0.18,-0.16,-0.13,-0.11,-0.09,-0.07,-0.04,-0.02,0.01,,,,,,,,,,,,,,,,,,,,,,,,,,,,,,,,,,,,,,,,,,,,,,,,,,,
E498x426.csv,581,73,Guava,Impedance,6,94.14,85.68,78.42,72.18,66.89,62.44,58.75,55.72,53.26,51.28,49.7,48.44,47.44,46.65,46.03,45.53,45.14,44.82,44.57,44.36,44.19,44.05,43.94,43.84,43.76,43.69,43.63,43.58,43.54,43.51,43.47,43.45,43.42,43.4,43.38,43.36,43.35,43.33,43.32,43.31,43.3,43.29,43.28,43.28,43.27,43.27,43.28,43.29,43.31,43.34,43.39,,,,,,,,,,,,,,,,,,,,,,,,,,,,,,,,,,,,,,,,,,,,,,,,,,,
E498x426.csv,582,73,Guava,Phase,6,-49.85,-47.38,-44.65,-41.69,-38.56,-35.32,-32.03,-28.79,-25.64,-22.67,-19.9,-17.37,-15.08,-13.05,-11.25,-9.68,-8.31,-7.13,-6.11,-5.23,-4.48,-3.83,-3.28,-2.81,-2.4,-2.06,-1.76,-1.51,-1.3,-1.12,-0.96,-0.83,-0.72,-0.62,-0.54,-0.47,-0.41,-0.36,-0.31,-0.27,-0.24,-0.21,-0.18,-0.16,-0.13,-0.11,-0.09,-0.07,-0.04,-0.02,0.01,,,,,,,,,,,,,,,,,,,,,,,,,,,,,,,,,,,,,,,,,,,,,,,,,,,
E498x427.csv,583,73,Guava,Impedance,0,78.77,70.91,64.08,58.15,53.11,48.83,45.25,42.31,39.9,37.96,36.4,35.17,34.18,33.41,32.79,32.3,31.92,31.61,31.36,31.16,31,30.88,30.77,30.68,30.61,30.55,30.5,30.46,30.42,30.39,30.36,30.34,30.32,30.31,30.29,30.28,30.27,30.26,30.25,30.24,30.23,30.23,30.22,30.22,30.22,30.22,30.23,30.24,30.25,30.28,30.32,,,,,,,,,,,,,,,,,,,,,,,,,,,,,,,,,,,,,,,,,,,,,,,,,,,
E498x427.csv,584,73,Guava,Phase,0,-55.02,-52.86,-50.37,-47.56,-44.5,-41.21,-37.79,-34.31,-30.86,-27.51,-24.34,-21.39,-18.69,-16.26,-14.08,-12.15,-10.47,-9,-7.73,-6.63,-5.68,-4.87,-4.17,-3.57,-3.06,-2.62,-2.25,-1.93,-1.66,-1.42,-1.22,-1.05,-0.91,-0.78,-0.67,-0.58,-0.49,-0.42,-0.35,-0.29,-0.23,-0.18,-0.12,-0.07,-0.01,0.04,0.11,0.18,0.26,0.35,0.46,,,,,,,,,,,,,,,,,,,,,,,,,,,,,,,,,,,,,,,,,,,,,,,,,,,
E498x428.csv,585,73,Guava,Impedance,2,87.38,79.69,73.16,67.57,62.86,58.9,55.61,52.9,50.69,48.9,47.45,46.3,45.37,44.62,44.02,43.54,43.15,42.84,42.58,42.37,42.2,42.06,41.94,41.84,41.75,41.68,41.62,41.57,41.53,41.49,41.46,41.43,41.4,41.38,41.36,41.34,41.33,41.31,41.3,41.29,41.28,41.27,41.26,41.26,41.25,41.25,41.26,41.27,41.29,41.32,41.36,,,,,,,,,,,,,,,,,,,,,,,,,,,,,,,,,,,,,,,,,,,,,,,,,,,
E498x428.csv,586,73,Guava,Phase,2,-49.16,-46.5,-43.63,-40.58,-37.42,-34.19,-30.96,-27.8,-24.76,-21.91,-19.26,-16.85,-14.68,-12.74,-11.02,-9.51,-8.19,-7.05,-6.06,-5.2,-4.47,-3.83,-3.29,-2.82,-2.42,-2.08,-1.79,-1.54,-1.32,-1.14,-0.98,-0.85,-0.73,-0.64,-0.55,-0.48,-0.42,-0.36,-0.32,-0.27,-0.24,-0.2,-0.17,-0.15,-0.12,-0.09,-0.07,-0.04,-0.01,0.02,0.06,,,,,,,,,,,,,,,,,,,,,,,,,,,,,,,,,,,,,,,,,,,,,,,,,,,
E498x429.csv,587,73,Guava,Impedance,4,88.34,80.52,73.85,68.14,63.32,59.27,55.91,53.15,50.89,49.07,47.61,46.44,45.51,44.76,44.16,43.68,43.29,42.98,42.73,42.52,42.35,42.21,42.1,42,41.92,41.85,41.79,41.74,41.7,41.66,41.63,41.6,41.58,41.56,41.54,41.52,41.5,41.49,41.48,41.47,41.46,41.45,41.44,41.44,41.43,41.43,41.44,41.45,41.47,41.5,41.55,,,,,,,,,,,,,,,,,,,,,,,,,,,,,,,,,,,,,,,,,,,,,,,,,,,
E498x429.csv,588,73,Guava,Phase,4,-49.48,-46.85,-44,-40.95,-37.78,-34.52,-31.26,-28.06,-24.99,-22.1,-19.42,-16.97,-14.77,-12.8,-11.06,-9.54,-8.21,-7.06,-6.06,-5.2,-4.46,-3.82,-3.28,-2.81,-2.41,-2.07,-1.77,-1.52,-1.31,-1.13,-0.97,-0.84,-0.72,-0.63,-0.54,-0.47,-0.41,-0.35,-0.31,-0.27,-0.23,-0.2,-0.17,-0.14,-0.11,-0.09,-0.06,-0.03,0,0.03,0.07,,,,,,,,,,,,,,,,,,,,,,,,,,,,,,,,,,,,,,,,,,,,,,,,,,,
E498x430.csv,589,74,Guava,Impedance,6,88.98,81.06,74.31,68.53,63.66,59.55,56.15,53.36,51.09,49.26,47.79,46.61,45.67,44.92,44.33,43.85,43.46,43.15,42.9,42.7,42.53,42.39,42.27,42.18,42.1,42.03,41.97,41.92,41.88,41.84,41.81,41.79,41.76,41.74,41.72,41.7,41.69,41.67,41.66,41.65,41.64,41.63,41.63,41.62,41.62,41.62,41.63,41.64,41.66,41.69,41.74,,,,,,,,,,,,,,,,,,,,,,,,,,,,,,,,,,,,,,,,,,,,,,,,,,,
E498x430.csv,590,74,Guava,Phase,6,-49.62,-47.01,-44.16,-41.1,-37.92,-34.65,-31.38,-28.16,-25.07,-22.16,-19.46,-17,-14.79,-12.82,-11.07,-9.54,-8.21,-7.05,-6.05,-5.19,-4.45,-3.81,-3.27,-2.8,-2.4,-2.06,-1.76,-1.51,-1.3,-1.12,-0.96,-0.83,-0.72,-0.62,-0.54,-0.46,-0.4,-0.35,-0.3,-0.26,-0.23,-0.19,-0.16,-0.14,-0.11,-0.08,-0.06,-0.03,0,0.03,0.07,,,,,,,,,,,,,,,,,,,,,,,,,,,,,,,,,,,,,,,,,,,,,,,,,,,
E498x431.csv,591,74,Guava,Impedance,0,92.75,84.1,76.58,70.05,64.48,59.75,55.8,52.53,49.86,47.69,45.95,44.56,43.45,42.56,41.85,41.28,40.83,40.47,40.17,39.93,39.75,39.6,39.46,39.35,39.25,39.17,39.1,39.05,39,38.95,38.92,38.89,38.86,38.83,38.8,38.73,38.65,38.7,38.69,38.68,38.67,38.66,38.65,38.64,38.63,38.63,38.63,38.64,38.65,38.68,38.72,,,,,,,,,,,,,,,,,,,,,,,,,,,,,,,,,,,,,,,,,,,,,,,,,,,
E498x431.csv,592,74,Guava,Phase,0,-51.97,-49.77,-47.27,-44.48,-41.47,-38.28,-35,-31.7,-28.45,-25.32,-22.38,-19.65,-17.17,-14.94,-12.94,-11.19,-9.65,-8.31,-7.15,-6.14,-5.27,-4.53,-3.89,-3.34,-2.87,-2.46,-2.12,-1.82,-1.57,-1.35,-1.17,-1.01,-0.87,-0.76,-0.66,-0.57,-0.5,-0.44,-0.38,-0.33,-0.29,-0.26,-0.22,-0.19,-0.17,-0.14,-0.11,-0.09,-0.06,-0.03,0,,,,,,,,,,,,,,,,,,,,,,,,,,,,,,,,,,,,,,,,,,,,,,,,,,,
E498x432.csv,593,74,Guava,Impedance,2,93.25,85.43,78.4,72.75,68.01,64.04,60.77,58.09,55.91,54.15,52.74,51.61,50.7,49.97,49.38,48.91,48.53,48.22,47.97,47.76,47.59,47.44,47.32,47.22,47.13,47.06,46.99,46.92,46.86,46.8,46.75,46.69,46.63,46.57,46.51,46.45,46.38,46.32,46.25,46.18,46.11,46.03,45.95,45.87,45.79,45.7,45.61,45.51,45.42,45.32,45.23,,,,,,,,,,,,,,,,,,,,,,,,,,,,,,,,,,,,,,,,,,,,,,,,,,,
E498x432.csv,594,74,Guava,Phase,2,-46.9,-44.2,-41.42,-38.34,-35.17,-31.97,-28.81,-25.75,-22.85,-20.14,-17.65,-15.4,-13.39,-11.6,-10.02,-8.65,-7.45,-6.42,-5.53,-4.76,-4.1,-3.54,-3.07,-2.67,-2.33,-2.05,-1.81,-1.62,-1.47,-1.34,-1.25,-1.18,-1.13,-1.09,-1.08,-1.07,-1.09,-1.11,-1.15,-1.2,-1.27,-1.36,-1.47,-1.59,-1.74,-1.92,-2.13,-2.37,-2.66,-2.99,-3.38,,,,,,,,,,,,,,,,,,,,,,,,,,,,,,,,,,,,,,,,,,,,,,,,,,,
E498x433.csv,595,74,Guava,Impedance,4,94.26,86.33,79.26,73.51,68.68,64.64,61.3,58.58,56.36,54.58,53.15,52.01,51.1,50.36,49.77,49.3,48.92,48.61,48.36,48.16,47.99,47.85,47.73,47.63,47.55,47.47,47.41,47.35,47.29,47.23,47.18,47.12,47.07,47.01,46.94,46.88,46.81,46.73,46.66,46.58,46.49,46.4,46.31,46.21,46.11,46,45.89,45.77,45.65,45.52,45.4,,,,,,,,,,,,,,,,,,,,,,,,,,,,,,,,,,,,,,,,,,,,,,,,,,,
E498x433.csv,596,74,Guava,Phase,4,-46.96,-44.29,-41.51,-38.44,-35.28,-32.08,-28.91,-25.83,-22.91,-20.19,-17.69,-15.42,-13.4,-11.6,-10.01,-8.63,-7.43,-6.4,-5.5,-4.74,-4.08,-3.52,-3.05,-2.64,-2.31,-2.03,-1.8,-1.61,-1.46,-1.34,-1.26,-1.19,-1.16,-1.14,-1.13,-1.15,-1.18,-1.22,-1.28,-1.36,-1.46,-1.57,-1.71,-1.87,-2.06,-2.28,-2.54,-2.84,-3.19,-3.61,-4.08,,,,,,,,,,,,,,,,,,,,,,,,,,,,,,,,,,,,,,,,,,,,,,,,,,,
E498x434.csv,597,75,Guava,Impedance,6,94.75,86.77,79.72,73.9,69.03,64.95,61.59,58.84,56.62,54.83,53.39,52.25,51.34,50.61,50.02,49.56,49.18,48.88,48.63,48.43,48.26,48.13,48.01,47.92,47.83,47.76,47.7,47.65,47.6,47.55,47.51,47.46,47.42,47.37,47.32,47.26,47.2,47.14,47.07,46.99,46.91,46.82,46.72,46.62,46.51,46.39,46.26,46.12,45.98,45.83,45.66,,,,,,,,,,,,,,,,,,,,,,,,,,,,,,,,,,,,,,,,,,,,,,,,,,,
E498x434.csv,598,75,Guava,Phase,6,-47.06,-44.4,-41.59,-38.51,-35.34,-32.12,-28.94,-25.85,-22.92,-20.18,-17.67,-15.39,-13.36,-11.56,-9.97,-8.59,-7.39,-6.35,-5.46,-4.69,-4.03,-3.48,-3,-2.6,-2.26,-1.98,-1.75,-1.56,-1.41,-1.29,-1.2,-1.14,-1.11,-1.1,-1.1,-1.13,-1.18,-1.25,-1.33,-1.44,-1.57,-1.72,-1.89,-2.1,-2.34,-2.62,-2.94,-3.31,-3.74,-4.25,-4.82,,,,,,,,,,,,,,,,,,,,,,,,,,,,,,,,,,,,,,,,,,,,,,,,,,,
E498x435.csv,599,75,Guava,Impedance,0,84.27,76.01,68.86,62.67,57.38,52.91,49.17,46.08,43.56,41.51,39.87,38.55,37.5,36.67,36,35.48,35.06,34.72,34.45,34.23,34.05,33.9,33.78,33.62,33.53,33.45,33.39,33.34,33.3,33.26,33.22,33.19,33.16,33.14,33.12,33.1,33.08,33.07,33.06,33.04,33.03,33.02,33.02,33.01,33.01,33,33.01,33.01,33.03,33.05,33.09,,,,,,,,,,,,,,,,,,,,,,,,,,,,,,,,,,,,,,,,,,,,,,,,,,,
E498x435.csv,600,75,Guava,Phase,0,-53.92,-51.72,-49.19,-46.38,-43.32,-40.07,-36.7,-33.3,-29.93,-26.68,-23.61,-20.76,-18.15,-15.79,-13.68,-11.82,-10.19,-8.77,-7.53,-6.47,-5.55,-4.76,-4.08,-3.51,-3.01,-2.58,-2.21,-1.9,-1.63,-1.4,-1.21,-1.04,-0.89,-0.77,-0.66,-0.56,-0.48,-0.4,-0.34,-0.28,-0.22,-0.17,-0.11,-0.06,-0.01,0.05,0.11,0.18,0.26,0.35,0.46,,,,,,,,,,,,,,,,,,,,,,,,,,,,,,,,,,,,,,,,,,,,,,,,,,,
E498x436.csv,601,75,Guava,Impedance,2,99.43,91.46,84.73,79,74.2,70.17,66.85,64.12,61.91,60.12,58.68,57.52,56.6,55.85,55.26,54.78,54.39,54.07,53.82,53.6,53.43,53.29,53.16,53.06,52.98,52.9,52.84,52.79,52.74,52.7,52.67,52.64,52.61,52.59,52.57,52.55,52.53,52.52,52.5,52.49,52.48,52.47,52.46,52.46,52.45,52.45,52.46,52.47,52.5,52.54,52.59,,,,,,,,,,,,,,,,,,,,,,,,,,,,,,,,,,,,,,,,,,,,,,,,,,,
E498x436.csv,602,75,Guava,Phase,2,-45.51,-42.72,-39.79,-36.73,-33.62,-30.49,-27.42,-24.46,-21.67,-19.07,-16.69,-14.54,-12.61,-10.91,-9.41,-8.1,-6.97,-5.98,-5.14,-4.41,-3.78,-3.24,-2.78,-2.38,-2.05,-1.76,-1.51,-1.3,-1.12,-0.97,-0.84,-0.72,-0.63,-0.55,-0.48,-0.42,-0.37,-0.33,-0.29,-0.26,-0.23,-0.21,-0.19,-0.18,-0.17,-0.16,-0.15,-0.14,-0.14,-0.14,-0.14,,,,,,,,,,,,,,,,,,,,,,,,,,,,,,,,,,,,,,,,,,,,,,,,,,,
E498x437.csv,603,75,Guava,Impedance,4,100.78,92.6,85.68,79.79,74.84,70.69,67.27,64.46,62.19,60.35,58.88,57.7,56.76,56.01,55.41,54.92,54.54,54.22,53.96,53.75,53.58,53.44,53.32,53.22,53.13,53.06,53,52.95,52.9,52.86,52.83,52.8,52.78,52.75,52.73,52.72,52.7,52.68,52.67,52.66,52.65,52.64,52.63,52.63,52.63,52.63,52.63,52.65,52.67,52.71,52.77,,,,,,,,,,,,,,,,,,,,,,,,,,,,,,,,,,,,,,,,,,,,,,,,,,,
E498x437.csv,604,75,Guava,Phase,4,-45.84,-43.1,-40.19,-37.13,-34.01,-30.87,-27.77,-24.77,-21.94,-19.3,-16.88,-14.7,-12.75,-11.02,-9.5,-8.17,-7.02,-6.03,-5.17,-4.43,-3.79,-3.25,-2.78,-2.39,-2.04,-1.75,-1.51,-1.29,-1.11,-0.96,-0.83,-0.72,-0.62,-0.54,-0.47,-0.41,-0.36,-0.32,-0.28,-0.25,-0.23,-0.2,-0.19,-0.17,-0.16,-0.15,-0.14,-0.13,-0.13,-0.13,-0.13,,,,,,,,,,,,,,,,,,,,,,,,,,,,,,,,,,,,,,,,,,,,,,,,,,,
E498x438.csv,605,76,Guava,Impedance,6,101.45,93.19,86.18,80.22,75.21,71.02,67.56,64.74,62.44,60.6,59.12,57.93,56.99,56.24,55.63,55.15,54.76,54.45,54.19,53.99,53.81,53.67,53.55,53.46,53.37,53.3,53.24,53.19,53.15,53.11,53.08,53.05,53.02,53,52.98,52.96,52.95,52.93,52.92,52.91,52.9,52.89,52.88,52.88,52.88,52.88,52.89,52.9,52.93,52.97,53.02,,,,,,,,,,,,,,,,,,,,,,,,,,,,,,,,,,,,,,,,,,,,,,,,,,,
E498x438.csv,606,76,Guava,Phase,6,-45.97,-43.24,-40.32,-37.26,-34.13,-30.96,-27.85,-24.84,-21.99,-19.34,-16.91,-14.72,-12.76,-11.02,-9.5,-8.17,-7.01,-6.01,-5.15,-4.41,-3.78,-3.24,-2.77,-2.37,-2.03,-1.74,-1.49,-1.28,-1.1,-0.95,-0.82,-0.71,-0.61,-0.53,-0.46,-0.4,-0.35,-0.31,-0.28,-0.25,-0.22,-0.2,-0.18,-0.17,-0.15,-0.14,-0.14,-0.13,-0.13,-0.13,-0.12,,,,,,,,,,,,,,,,,,,,,,,,,,,,,,,,,,,,,,,,,,,,,,,,,,,
E498x439.csv,607,76,Guava,Impedance,0,70.79,63.47,57.11,51.62,46.96,43.04,39.79,37.13,34.98,33.26,31.9,30.84,30,29.35,28.83,28.43,28.12,27.87,27.67,27.51,27.38,27.28,27.19,27.12,27.06,27.01,26.96,26.93,26.89,26.87,26.84,26.82,26.8,26.78,26.76,26.75,26.74,26.73,26.71,26.7,26.7,26.69,26.68,26.68,26.67,26.67,26.67,26.68,26.69,26.71,26.74,,,,,,,,,,,,,,,,,,,,,,,,,,,,,,,,,,,,,,,,,,,,,,,,,,,
E498x439.csv,608,76,Guava,Phase,0,-55.92,-53.72,-51.17,-48.27,-45.1,-41.69,-38.12,-34.49,-30.91,-27.44,-24.16,-21.13,-18.37,-15.89,-13.7,-11.77,-10.1,-8.65,-7.4,-6.32,-5.4,-4.61,-3.94,-3.37,-2.88,-2.46,-2.1,-1.8,-1.54,-1.32,-1.13,-0.97,-0.83,-0.71,-0.61,-0.51,-0.43,-0.36,-0.29,-0.23,-0.17,-0.11,-0.05,0.01,0.07,0.14,0.22,0.31,0.42,0.54,0.68,,,,,,,,,,,,,,,,,,,,,,,,,,,,,,,,,,,,,,,,,,,,,,,,,,,
E498x440.csv,609,76,Guava,Impedance,2,76.72,69.35,63.02,57.6,53.02,49.19,46.03,43.46,41.38,39.72,38.4,37.36,36.55,35.9,35.4,35,34.68,34.43,34.23,34.07,33.93,33.83,33.74,33.66,33.6,33.55,33.5,33.46,33.43,33.4,33.38,33.36,33.34,33.32,33.3,33.29,33.28,33.27,33.26,33.25,33.24,33.24,33.23,33.23,33.23,33.23,33.23,33.24,33.26,33.28,33.32,,,,,,,,,,,,,,,,,,,,,,,,,,,,,,,,,,,,,,,,,,,,,,,,,,,
E498x440.csv,610,76,Guava,Phase,2,-52.39,-49.91,-47.11,-44.04,-40.78,-37.37,-33.9,-30.45,-27.1,-23.93,-20.98,-18.29,-15.86,-13.7,-11.8,-10.13,-8.69,-7.44,-6.37,-5.44,-4.65,-3.98,-3.4,-2.9,-2.48,-2.12,-1.82,-1.56,-1.33,-1.14,-0.98,-0.84,-0.72,-0.62,-0.53,-0.45,-0.39,-0.33,-0.27,-0.23,-0.18,-0.14,-0.1,-0.06,-0.01,0.03,0.08,0.13,0.2,0.27,0.35,,,,,,,,,,,,,,,,,,,,,,,,,,,,,,,,,,,,,,,,,,,,,,,,,,,
E498x440.csv,611,76,Guava,Impedance,4,77.24,69.77,63.35,57.85,53.21,49.32,46.12,43.51,41.41,39.74,38.41,37.37,36.55,35.91,35.41,35.01,34.7,34.45,34.25,34.09,33.96,33.85,33.77,33.69,33.63,33.58,33.54,33.5,33.47,33.44,33.42,33.4,33.38,33.37,33.35,33.34,33.33,33.32,33.31,33.3,33.3,33.29,33.29,33.28,33.28,33.28,33.29,33.3,33.31,33.34,33.38,,,,,,,,,,,,,,,,,,,,,,,,,,,,,,,,,,,,,,,,,,,,,,,,,,,
E498x440.csv,612,76,Guava,Phase,4,-52.63,-50.17,-47.38,-44.32,-41.04,-37.61,-34.12,-30.64,-27.27,-24.07,-21.09,-18.37,-15.93,-13.75,-11.83,-10.15,-8.7,-7.44,-6.36,-5.44,-4.64,-3.96,-3.39,-2.89,-2.47,-2.11,-1.8,-1.54,-1.32,-1.13,-0.97,-0.83,-0.71,-0.61,-0.52,-0.44,-0.38,-0.32,-0.27,-0.22,-0.17,-0.13,-0.09,-0.05,-0.01,0.04,0.09,0.14,0.2,0.27,0.36,,,,,,,,,,,,,,,,,,,,,,,,,,,,,,,,,,,,,,,,,,,,,,,,,,,
E498x441.csv,613,76,Guava,Impedance,6,77.65,70.14,63.67,58.11,53.44,49.52,46.29,43.66,41.55,39.87,38.53,37.49,36.67,36.02,35.52,35.12,34.81,34.56,34.36,34.21,34.08,33.97,33.88,33.81,33.75,33.7,33.66,33.62,33.59,33.57,33.54,33.52,33.5,33.49,33.48,33.46,33.45,33.44,33.43,33.43,33.42,33.41,33.41,33.41,33.41,33.41,33.41,33.42,33.44,33.46,33.5,,,,,,,,,,,,,,,,,,,,,,,,,,,,,,,,,,,,,,,,,,,,,,,,,,,
E498x441.csv,614,76,Guava,Phase,6,-52.71,-50.26,-47.48,-44.41,-41.13,-37.7,-34.19,-30.71,-27.32,-24.11,-21.12,-18.39,-15.94,-13.75,-11.83,-10.15,-8.69,-7.44,-6.35,-5.43,-4.63,-3.95,-3.37,-2.88,-2.46,-2.1,-1.79,-1.53,-1.31,-1.12,-0.96,-0.82,-0.7,-0.6,-0.51,-0.44,-0.37,-0.31,-0.26,-0.21,-0.17,-0.13,-0.09,-0.05,0,0.04,0.09,0.14,0.2,0.28,0.36,,,,,,,,,,,,,,,,,,,,,,,,,,,,,,,,,,,,,,,,,,,,,,,,,,,
E498x442.csv,615,76,Guava,Impedance,8,77.89,70.34,63.84,58.26,53.56,49.62,46.38,43.74,41.62,39.93,38.6,37.55,36.73,36.09,35.58,35.19,34.87,34.63,34.43,34.27,34.14,34.04,33.95,33.88,33.82,33.77,33.73,33.69,33.66,33.64,33.61,33.59,33.58,33.56,33.55,33.54,33.53,33.52,33.51,33.5,33.49,33.49,33.48,33.48,33.48,33.48,33.49,33.5,33.51,33.54,33.58,,,,,,,,,,,,,,,,,,,,,,,,,,,,,,,,,,,,,,,,,,,,,,,,,,,
E498x442.csv,616,76,Guava,Phase,8,-52.77,-50.33,-47.55,-44.48,-41.19,-37.75,-34.24,-30.75,-27.35,-24.13,-21.14,-18.4,-15.94,-13.75,-11.83,-10.14,-8.69,-7.43,-6.35,-5.42,-4.62,-3.94,-3.37,-2.87,-2.45,-2.09,-1.79,-1.53,-1.31,-1.12,-0.95,-0.82,-0.7,-0.6,-0.51,-0.43,-0.37,-0.31,-0.26,-0.21,-0.17,-0.12,-0.08,-0.04,0,0.04,0.09,0.15,0.21,0.28,0.36,,,,,,,,,,,,,,,,,,,,,,,,,,,,,,,,,,,,,,,,,,,,,,,,,,,
E498x443.csv,617,77,Guava,Impedance,0,80.31,72.41,65.58,59.7,54.71,50.51,47.04,44.2,41.91,40.07,38.62,37.48,36.58,35.88,35.33,34.89,34.55,34.28,34.07,33.89,33.75,33.63,33.54,33.46,33.39,33.33,33.28,33.24,33.2,33.17,33.14,33.11,33.08,33.06,33.04,33.02,33.01,32.99,32.98,32.96,32.95,32.94,32.93,32.93,32.92,32.92,32.92,32.93,32.94,32.96,33,,,,,,,,,,,,,,,,,,,,,,,,,,,,,,,,,,,,,,,,,,,,,,,,,,,
E498x443.csv,618,77,Guava,Phase,0,-53.83,-51.5,-48.82,-45.84,-42.63,-39.23,-35.72,-32.2,-28.74,-25.43,-22.34,-19.49,-16.92,-14.62,-12.59,-10.81,-9.27,-7.94,-6.79,-5.81,-4.97,-4.25,-3.63,-3.11,-2.66,-2.28,-1.96,-1.69,-1.45,-1.25,-1.08,-0.94,-0.81,-0.7,-0.61,-0.53,-0.46,-0.4,-0.34,-0.29,-0.24,-0.2,-0.15,-0.11,-0.07,-0.02,0.03,0.08,0.14,0.21,0.29,,,,,,,,,,,,,,,,,,,,,,,,,,,,,,,,,,,,,,,,,,,,,,,,,,,
E498x444.csv,619,77,Guava,Impedance,2,92.48,84.64,77.99,72.3,67.52,63.51,60.21,57.5,55.31,53.55,52.15,51.03,50.14,49.44,48.87,48.42,48.06,47.77,47.53,47.34,47.18,47.05,46.94,46.84,46.76,46.7,46.64,46.59,46.54,46.51,46.47,46.44,46.41,46.39,46.37,46.35,46.33,46.31,46.29,46.28,46.27,46.26,46.25,46.24,46.23,46.23,46.24,46.25,46.26,46.3,46.35,,,,,,,,,,,,,,,,,,,,,,,,,,,,,,,,,,,,,,,,,,,,,,,,,,,
E498x444.csv,620,77,Guava,Phase,2,-47.49,-44.79,-41.89,-38.82,-35.66,-32.43,-29.23,-26.12,-23.15,-20.37,-17.82,-15.52,-13.45,-11.62,-10.01,-8.61,-7.39,-6.34,-5.44,-4.66,-4,-3.43,-2.94,-2.52,-2.16,-1.86,-1.6,-1.38,-1.19,-1.03,-0.89,-0.78,-0.68,-0.59,-0.52,-0.46,-0.41,-0.36,-0.32,-0.29,-0.26,-0.24,-0.22,-0.2,-0.19,-0.18,-0.17,-0.16,-0.15,-0.15,-0.14,,,,,,,,,,,,,,,,,,,,,,,,,,,,,,,,,,,,,,,,,,,,,,,,,,,
E498x445.csv,621,77,Guava,Impedance,4,93.78,85.68,78.78,72.88,67.92,63.77,60.35,57.56,55.31,53.5,52.07,50.94,50.04,49.32,48.76,48.31,47.96,47.67,47.44,47.25,47.1,46.97,46.86,46.77,46.7,46.63,46.57,46.53,46.49,46.45,46.42,46.39,46.37,46.34,46.32,46.3,46.29,46.27,46.26,46.24,46.23,46.22,46.21,46.21,46.2,46.2,46.21,46.22,46.24,46.27,46.32,,,,,,,,,,,,,,,,,,,,,,,,,,,,,,,,,,,,,,,,,,,,,,,,,,,
E498x445.csv,622,77,Guava,Phase,4,-48.28,-45.61,-42.71,-39.62,-36.41,-33.13,-29.87,-26.68,-23.64,-20.79,-18.17,-15.8,-13.68,-11.8,-10.15,-8.72,-7.48,-6.4,-5.48,-4.69,-4.01,-3.43,-2.94,-2.52,-2.16,-1.85,-1.59,-1.37,-1.18,-1.02,-0.88,-0.76,-0.66,-0.58,-0.51,-0.44,-0.39,-0.35,-0.31,-0.28,-0.25,-0.22,-0.2,-0.19,-0.17,-0.16,-0.15,-0.14,-0.13,-0.13,-0.12,,,,,,,,,,,,,,,,,,,,,,,,,,,,,,,,,,,,,,,,,,,,,,,,,,,
E498x446.csv,623,77,Guava,Impedance,6,94.15,85.96,78.98,73.01,67.99,63.8,60.34,57.52,55.25,53.44,52,50.86,49.96,49.25,48.69,48.24,47.89,47.61,47.38,47.19,47.04,46.91,46.81,46.72,46.65,46.58,46.53,46.48,46.44,46.41,46.38,46.35,46.33,46.3,46.29,46.27,46.25,46.24,46.22,46.21,46.2,46.19,46.18,46.18,46.17,46.17,46.18,46.19,46.21,46.24,46.3,,,,,,,,,,,,,,,,,,,,,,,,,,,,,,,,,,,,,,,,,,,,,,,,,,,
E498x446.csv,624,77,Guava,Phase,6,-48.59,-45.92,-43.02,-39.91,-36.69,-33.38,-30.09,-26.87,-23.8,-20.92,-18.28,-15.89,-13.75,-11.85,-10.19,-8.74,-7.49,-6.41,-5.48,-4.69,-4.01,-3.43,-2.93,-2.51,-2.15,-1.84,-1.58,-1.36,-1.17,-1.01,-0.87,-0.75,-0.65,-0.57,-0.5,-0.43,-0.38,-0.34,-0.3,-0.27,-0.24,-0.22,-0.2,-0.18,-0.17,-0.15,-0.14,-0.14,-0.13,-0.12,-0.12,,,,,,,,,,,,,,,,,,,,,,,,,,,,,,,,,,,,,,,,,,,,,,,,,,,
E498x447.csv,625,78,Guava,Impedance,0,73.62,66.2,59.79,54.25,49.54,45.57,42.27,39.56,37.36,35.6,34.21,33.1,32.23,31.56,31.02,30.61,30.28,30.02,29.81,29.64,29.51,29.4,29.31,29.23,29.17,29.12,29.06,29.03,28.99,28.96,28.94,28.91,28.89,28.87,28.85,28.84,28.82,28.82,28.81,28.79,28.78,28.78,28.77,28.76,28.76,28.75,28.74,28.76,28.77,28.79,28.82,,,,,,,,,,,,,,,,,,,,,,,,,,,,,,,,,,,,,,,,,,,,,,,,,,,
E498x447.csv,626,78,Guava,Phase,0,-54.86,-52.59,-50,-47.1,-43.95,-40.59,-37.09,-33.55,-30.06,-26.69,-23.5,-20.56,-17.88,-15.48,-13.34,-11.47,-9.84,-8.43,-7.22,-6.17,-5.28,-4.51,-3.86,-3.3,-2.82,-2.42,-2.07,-1.78,-1.52,-1.31,-1.13,-0.97,-0.83,-0.72,-0.61,-0.52,-0.44,-0.37,-0.31,-0.24,-0.19,-0.13,-0.07,-0.01,0.05,0.12,0.2,0.28,0.36,0.47,0.6,,,,,,,,,,,,,,,,,,,,,,,,,,,,,,,,,,,,,,,,,,,,,,,,,,,
E498x448.csv,627,78,Guava,Impedance,2,87.1,79.15,72.4,66.62,61.76,57.69,54.32,51.58,49.36,47.59,46.18,45.06,44.18,43.49,42.94,42.51,42.16,41.89,41.66,41.49,41.34,41.22,41.12,41.03,40.97,40.91,40.86,40.81,40.77,40.74,40.71,40.69,40.66,40.64,40.62,40.61,40.59,40.58,40.57,40.55,40.54,40.54,40.53,40.52,40.52,40.52,40.52,40.53,40.55,40.58,40.63,,,,,,,,,,,,,,,,,,,,,,,,,,,,,,,,,,,,,,,,,,,,,,,,,,,
E498x448.csv,628,78,Guava,Phase,2,-51,-48.3,-45.37,-42.22,-38.92,-35.52,-32.1,-28.74,-25.52,-22.48,-19.67,-17.12,-14.83,-12.8,-11.01,-9.45,-8.1,-6.93,-5.93,-5.07,-4.33,-3.7,-3.17,-2.71,-2.32,-1.99,-1.7,-1.46,-1.25,-1.08,-0.93,-0.8,-0.69,-0.6,-0.52,-0.45,-0.39,-0.34,-0.29,-0.25,-0.21,-0.18,-0.15,-0.12,-0.09,-0.06,-0.02,0.01,0.05,0.09,0.14,,,,,,,,,,,,,,,,,,,,,,,,,,,,,,,,,,,,,,,,,,,,,,,,,,,
E498x449.csv,629,78,Guava,Impedance,4,88.18,80.09,73.2,67.3,62.34,58.16,54.73,51.93,49.67,47.87,46.44,45.31,44.43,43.73,43.18,42.74,42.4,42.13,41.91,41.73,41.58,41.47,41.37,41.29,41.22,41.16,41.11,41.07,41.03,41,40.97,40.95,40.93,40.91,40.89,40.87,40.86,40.85,40.83,40.82,40.81,40.81,40.8,40.8,40.79,40.79,40.8,40.81,40.83,40.86,40.9,,,,,,,,,,,,,,,,,,,,,,,,,,,,,,,,,,,,,,,,,,,,,,,,,,,
E498x449.csv,630,78,Guava,Phase,4,-51.19,-48.52,-45.61,-42.46,-39.16,-35.75,-32.32,-28.94,-25.68,-22.62,-19.78,-17.21,-14.9,-12.85,-11.04,-9.47,-8.11,-6.94,-5.93,-5.06,-4.33,-3.69,-3.15,-2.7,-2.3,-1.97,-1.69,-1.45,-1.24,-1.07,-0.92,-0.79,-0.68,-0.59,-0.51,-0.44,-0.38,-0.33,-0.28,-0.24,-0.2,-0.17,-0.14,-0.11,-0.08,-0.05,-0.02,0.02,0.06,0.1,0.15,,,,,,,,,,,,,,,,,,,,,,,,,,,,,,,,,,,,,,,,,,,,,,,,,,,
E498x450.csv,631,78,Guava,Impedance,6,88.57,80.43,73.49,67.55,62.54,58.35,54.9,52.08,49.81,48,46.56,45.43,44.54,43.85,43.3,42.86,42.52,42.25,42.03,41.86,41.71,41.6,41.5,41.42,41.35,41.3,41.25,41.21,41.17,41.14,41.11,41.09,41.07,41.05,41.03,41.01,41,40.99,40.98,40.97,40.96,40.95,40.94,40.94,40.94,40.94,40.94,40.95,40.97,41,41.05,,,,,,,,,,,,,,,,,,,,,,,,,,,,,,,,,,,,,,,,,,,,,,,,,,,
E498x450.csv,632,78,Guava,Phase,6,-51.29,-48.64,-45.73,-42.58,-39.27,-35.85,-32.4,-29.01,-25.74,-22.66,-19.82,-17.23,-14.91,-12.86,-11.05,-9.47,-8.11,-6.93,-5.92,-5.05,-4.31,-3.68,-3.14,-2.68,-2.29,-1.96,-1.68,-1.44,-1.23,-1.06,-0.91,-0.78,-0.67,-0.58,-0.5,-0.43,-0.37,-0.32,-0.28,-0.24,-0.2,-0.17,-0.14,-0.11,-0.08,-0.05,-0.01,0.02,0.06,0.1,0.15,,,,,,,,,,,,,,,,,,,,,,,,,,,,,,,,,,,,,,,,,,,,,,,,,,,
E498x451.csv,633,79,Guava,Impedance,0,78.58,70.73,63.94,58.07,53.09,48.88,45.38,42.51,40.18,38.31,36.83,35.66,34.74,34.02,33.45,33.01,32.66,32.38,32.16,31.98,31.84,31.72,31.62,31.54,31.47,31.42,31.37,31.33,31.29,31.26,31.23,31.21,31.19,31.17,31.15,31.14,31.12,31.11,31.1,31.09,31.08,31.07,31.07,31.06,31.06,31.06,31.07,31.08,31.09,31.12,31.15,,,,,,,,,,,,,,,,,,,,,,,,,,,,,,,,,,,,,,,,,,,,,,,,,,,
E498x451.csv,634,79,Guava,Phase,0,-54.59,-52.35,-49.77,-46.88,-43.73,-40.38,-36.89,-33.36,-29.88,-26.52,-23.35,-20.43,-17.76,-15.38,-13.26,-11.4,-9.79,-8.39,-7.18,-6.14,-5.25,-4.49,-3.84,-3.28,-2.81,-2.41,-2.06,-1.77,-1.52,-1.3,-1.12,-0.97,-0.83,-0.71,-0.61,-0.52,-0.45,-0.38,-0.31,-0.26,-0.2,-0.15,-0.1,-0.05,0,0.06,0.12,0.19,0.27,0.36,0.46,,,,,,,,,,,,,,,,,,,,,,,,,,,,,,,,,,,,,,,,,,,,,,,,,,,
E498x452.csv,635,79,Guava,Impedance,2,88.25,80.69,74.23,68.71,64.06,60.15,56.92,54.27,52.12,50.39,49,47.9,47.03,46.33,45.78,45.34,44.98,44.7,44.46,44.27,44.12,43.99,43.88,43.79,43.71,43.65,43.59,43.54,43.5,43.47,43.43,43.41,43.38,43.36,43.34,43.32,43.31,43.29,43.28,43.27,43.26,43.25,43.24,43.23,43.23,43.23,43.23,43.24,43.26,43.29,43.34,,,,,,,,,,,,,,,,,,,,,,,,,,,,,,,,,,,,,,,,,,,,,,,,,,,
E498x452.csv,636,79,Guava,Phase,2,-48.09,-45.43,-42.56,-39.52,-36.36,-33.14,-29.92,-26.78,-23.77,-20.95,-18.35,-15.99,-13.87,-11.99,-10.33,-8.88,-7.63,-6.55,-5.61,-4.81,-4.12,-3.53,-3.02,-2.59,-2.22,-1.9,-1.63,-1.4,-1.21,-1.04,-0.9,-0.77,-0.67,-0.58,-0.5,-0.44,-0.38,-0.33,-0.29,-0.25,-0.22,-0.19,-0.16,-0.14,-0.12,-0.1,-0.07,-0.05,-0.03,0,0.03,,,,,,,,,,,,,,,,,,,,,,,,,,,,,,,,,,,,,,,,,,,,,,,,,,,
E498x453.csv,637,79,Guava,Impedance,4,89.1,81.33,74.72,69.06,64.29,60.29,56.98,54.27,52.07,50.31,48.9,47.79,46.9,46.2,45.65,45.2,44.85,44.57,44.34,44.16,44,43.88,43.77,43.69,43.61,43.55,43.5,43.45,43.41,43.38,43.35,43.32,43.3,43.28,43.26,43.25,43.23,43.22,43.21,43.2,43.19,43.18,43.18,43.17,43.17,43.17,43.18,43.19,43.21,43.24,43.29,,,,,,,,,,,,,,,,,,,,,,,,,,,,,,,,,,,,,,,,,,,,,,,,,,,
E498x453.csv,638,79,Guava,Phase,4,-48.63,-45.99,-43.13,-40.07,-36.9,-33.65,-30.39,-27.21,-24.15,-21.28,-18.63,-16.22,-14.07,-12.15,-10.46,-8.99,-7.71,-6.61,-5.66,-4.84,-4.14,-3.54,-3.03,-2.59,-2.22,-1.9,-1.63,-1.4,-1.2,-1.03,-0.89,-0.77,-0.66,-0.57,-0.49,-0.43,-0.37,-0.32,-0.28,-0.24,-0.21,-0.18,-0.15,-0.13,-0.11,-0.08,-0.06,-0.04,-0.01,0.01,0.04,,,,,,,,,,,,,,,,,,,,,,,,,,,,,,,,,,,,,,,,,,,,,,,,,,,
E498x454.csv,639,79,Guava,Impedance,6,89.64,81.8,75.11,69.37,64.54,60.48,57.13,54.39,52.17,50.38,48.96,47.84,46.95,46.24,45.69,45.24,44.89,44.61,44.38,44.2,44.05,43.92,43.82,43.73,43.66,43.6,43.55,43.5,43.47,43.43,43.4,43.38,43.36,43.34,43.32,43.31,43.29,43.28,43.27,43.26,43.25,43.24,43.24,43.23,43.23,43.23,43.24,43.25,43.27,43.3,43.35,,,,,,,,,,,,,,,,,,,,,,,,,,,,,,,,,,,,,,,,,,,,,,,,,,,
E498x454.csv,640,79,Guava,Phase,6,-48.85,-46.23,-43.38,-40.32,-37.14,-33.87,-30.6,-27.39,-24.31,-21.42,-18.75,-16.32,-14.14,-12.21,-10.51,-9.03,-7.74,-6.63,-5.67,-4.85,-4.15,-3.55,-3.03,-2.59,-2.22,-1.9,-1.63,-1.39,-1.2,-1.03,-0.88,-0.76,-0.65,-0.57,-0.49,-0.42,-0.37,-0.32,-0.27,-0.24,-0.2,-0.18,-0.15,-0.12,-0.1,-0.08,-0.06,-0.03,-0.01,0.02,0.05,,,,,,,,,,,,,,,,,,,,,,,,,,,,,,,,,,,,,,,,,,,,,,,,,,,
E498x455.csv,641,80,Guava,Impedance,0,77.95,70.27,63.64,57.92,53.08,49.01,45.63,42.87,40.64,38.86,37.45,36.34,35.47,34.79,34.25,33.82,33.49,33.23,33.02,32.85,32.62,32.58,32.5,32.42,32.36,32.3,32.25,32.21,32.17,32.14,32.11,32.08,32.06,32.04,32.02,32,31.99,31.98,31.96,31.95,31.94,31.94,31.93,31.92,31.92,31.92,31.93,31.93,31.95,31.97,32.01,,,,,,,,,,,,,,,,,,,,,,,,,,,,,,,,,,,,,,,,,,,,,,,,,,,
E498x455.csv,642,80,Guava,Phase,0,-54.08,-51.71,-49.03,-46.04,-42.82,-39.41,-35.89,-32.35,-28.88,-25.56,-22.45,-19.6,-17.01,-14.71,-12.67,-10.88,-9.33,-8,-6.84,-5.86,-4.95,-4.28,-3.67,-3.15,-2.7,-2.32,-2,-1.72,-1.48,-1.27,-1.1,-0.95,-0.82,-0.71,-0.61,-0.53,-0.45,-0.39,-0.33,-0.27,-0.22,-0.17,-0.13,-0.08,-0.03,0.02,0.08,0.14,0.21,0.29,0.38,,,,,,,,,,,,,,,,,,,,,,,,,,,,,,,,,,,,,,,,,,,,,,,,,,,
E498x456.csv,643,80,Guava,Impedance,2,84.98,77.65,71.4,66.06,61.58,57.83,54.75,52.24,50.21,48.59,47.31,46.29,45.48,44.85,44.34,43.94,43.62,43.37,43.16,42.99,42.85,42.73,42.63,42.55,42.48,42.42,42.31,42.23,42.18,42.14,42.11,42.09,42.06,42.04,42.02,42,41.98,41.96,41.95,41.93,41.92,41.9,41.88,41.87,41.86,41.84,41.83,41.83,41.84,41.86,41.9,,,,,,,,,,,,,,,,,,,,,,,,,,,,,,,,,,,,,,,,,,,,,,,,,,,
E498x456.csv,644,80,Guava,Phase,2,-48.58,-45.83,-42.87,-39.73,-36.48,-33.16,-29.86,-26.66,-23.6,-20.74,-18.11,-15.74,-13.62,-11.75,-10.1,-8.67,-7.44,-6.37,-5.45,-4.67,-3.99,-3.42,-2.93,-2.51,-2.15,-1.85,-1.59,-1.37,-1.18,-1.02,-0.88,-0.76,-0.66,-0.57,-0.5,-0.44,-0.38,-0.33,-0.29,-0.26,-0.23,-0.2,-0.17,-0.15,-0.13,-0.11,-0.09,-0.07,-0.05,-0.02,0,,,,,,,,,,,,,,,,,,,,,,,,,,,,,,,,,,,,,,,,,,,,,,,,,,,
E498x457.csv,645,80,Guava,Impedance,4,86.13,78.5,72.04,66.52,61.89,58.02,54.83,52.23,50.14,48.47,47.14,46.09,45.27,44.61,44.1,43.69,43.36,43.1,42.89,42.71,42.57,42.46,42.36,42.28,42.21,42.15,42.1,42.05,42.01,41.98,41.95,41.92,41.9,41.88,41.86,41.84,41.83,41.81,41.8,41.79,41.78,41.77,41.76,41.76,41.76,41.76,41.76,41.77,41.79,41.82,41.86,,,,,,,,,,,,,,,,,,,,,,,,,,,,,,,,,,,,,,,,,,,,,,,,,,,
E498x457.csv,646,80,Guava,Phase,4,-49.2,-46.48,-43.54,-40.4,-37.14,-33.8,-30.47,-27.21,-24.1,-21.19,-18.51,-16.09,-13.92,-12,-10.32,-8.85,-7.59,-6.5,-5.56,-4.75,-4.07,-3.48,-2.98,-2.55,-2.18,-1.87,-1.6,-1.38,-1.18,-1.02,-0.88,-0.76,-0.66,-0.57,-0.49,-0.43,-0.37,-0.33,-0.28,-0.25,-0.22,-0.19,-0.16,-0.14,-0.12,-0.1,-0.08,-0.06,-0.03,-0.01,0.02,,,,,,,,,,,,,,,,,,,,,,,,,,,,,,,,,,,,,,,,,,,,,,,,,,,
E498x458.csv,647,80,Guava,Impedance,6,86.92,79.17,72.57,66.94,62.21,58.26,55,52.35,50.21,48.5,47.15,46.08,45.24,44.57,44.04,43.63,43.3,43.03,42.81,42.64,42.5,42.38,42.28,42.2,42.13,42.07,42.02,41.98,41.94,41.91,41.88,41.85,41.83,41.81,41.8,41.78,41.77,41.75,41.74,41.73,41.73,41.72,41.71,41.71,41.71,41.71,41.72,41.73,41.75,41.78,41.83,,,,,,,,,,,,,,,,,,,,,,,,,,,,,,,,,,,,,,,,,,,,,,,,,,,
E498x458.csv,648,80,Guava,Phase,6,-49.54,-46.86,-43.93,-40.8,-37.53,-34.18,-30.83,-27.55,-24.41,-21.47,-18.77,-16.31,-14.12,-12.18,-10.47,-8.99,-7.7,-6.6,-5.64,-4.83,-4.13,-3.53,-3.02,-2.58,-2.21,-1.89,-1.62,-1.39,-1.2,-1.03,-0.88,-0.76,-0.66,-0.57,-0.49,-0.43,-0.37,-0.32,-0.28,-0.24,-0.21,-0.18,-0.16,-0.13,-0.11,-0.09,-0.07,-0.05,-0.03,0,0.03,,,,,,,,,,,,,,,,,,,,,,,,,,,,,,,,,,,,,,,,,,,,,,,,,,,
,,,,,,,,,,,,,,,,,,,,,,,,,,,,,,,,,,,,,,,,,,,,,,,,,,,,,,,,,,,,,,,,,,,,,,,,,,,,,,,,,,,,,,,,,,,,,,,,,,,,,,,,,,,
E498x532.csv,649,81,MangoMz,Impedance,0,78.22,70.15,63.05,56.82,51.46,46.87,43,39.77,37.12,34.96,33.22,31.85,30.76,29.9,29.22,28.69,28.28,27.96,27.7,27.5,27.34,27.21,27.11,27.02,26.95,26.9,26.85,26.81,26.78,26.75,26.72,26.7,26.68,26.66,26.65,26.63,26.62,26.61,26.6,26.59,26.58,26.58,26.57,26.57,26.57,26.57,26.57,26.58,26.59,26.61,26.64,,,,,,,,,,,,,,,,,,,,,,,,,,,,,,,,,,,,,,,,,,,,,,,,,,,
E498x532.csv,650,81,MangoMz,Phase,0,-57.08,-55.25,-53.08,-50.56,-47.74,-44.65,-41.33,-37.88,-34.36,-30.86,-27.46,-24.25,-21.26,-18.52,-16.05,-13.85,-11.92,-10.22,-8.76,-7.49,-6.4,-5.46,-4.66,-3.98,-3.39,-2.9,-2.47,-2.11,-1.8,-1.54,-1.32,-1.13,-0.96,-0.82,-0.7,-0.59,-0.49,-0.41,-0.33,-0.26,-0.19,-0.12,-0.05,0.02,0.1,0.18,0.28,0.38,0.5,0.65,0.81,,,,,,,,,,,,,,,,,,,,,,,,,,,,,,,,,,,,,,,,,,,,,,,,,,,
E498x533.csv,651,81,MangoMz,Impedance,2,88.58,80.14,72.84,66.51,61.12,56.55,52.74,49.59,47.02,44.94,43.28,41.95,40.9,40.07,39.41,38.89,38.48,38.14,37.88,37.67,37.49,37.35,37.24,37.14,37.06,36.99,36.94,36.89,36.85,36.81,36.78,36.76,36.73,36.71,36.69,36.68,36.66,36.65,36.63,36.62,36.61,36.6,36.59,36.59,36.58,36.58,36.59,36.6,36.61,36.64,36.68,,,,,,,,,,,,,,,,,,,,,,,,,,,,,,,,,,,,,,,,,,,,,,,,,,,
E498x533.csv,652,81,MangoMz,Phase,2,-52.73,-50.44,-47.87,-45.02,-41.96,-38.71,-35.37,-32,-28.69,-25.5,-22.5,-19.72,-17.19,-14.92,-12.89,-11.11,-9.56,-8.21,-7.04,-6.03,-5.16,-4.41,-3.78,-3.23,-2.76,-2.37,-2.03,-1.74,-1.49,-1.28,-1.1,-0.95,-0.82,-0.7,-0.61,-0.52,-0.45,-0.39,-0.33,-0.28,-0.23,-0.19,-0.15,-0.1,-0.06,-0.02,0.03,0.09,0.14,0.21,0.29,,,,,,,,,,,,,,,,,,,,,,,,,,,,,,,,,,,,,,,,,,,,,,,,,,,
E498x534.csv,653,81,MangoMz,Impedance,4,89.35,80.78,73.36,66.94,61.47,56.85,52.99,49.81,47.22,45.13,43.47,42.14,41.1,40.27,39.62,39.1,38.69,38.37,38.11,37.9,37.73,37.6,37.49,37.39,37.32,37.25,37.2,37.15,37.11,37.08,37.05,37.03,37,36.98,36.97,36.95,36.94,36.92,36.91,36.9,36.89,36.88,36.88,36.87,36.87,36.87,36.87,36.88,36.9,36.93,36.97,,,,,,,,,,,,,,,,,,,,,,,,,,,,,,,,,,,,,,,,,,,,,,,,,,,
E498x534.csv,654,81,MangoMz,Phase,4,-53.03,-50.74,-48.15,-45.27,-42.18,-38.9,-35.52,-32.11,-28.77,-25.55,-22.51,-19.71,-17.17,-14.88,-12.85,-11.06,-9.5,-8.15,-6.98,-5.97,-5.11,-4.36,-3.73,-3.19,-2.72,-2.33,-1.99,-1.71,-1.46,-1.25,-1.07,-0.92,-0.79,-0.68,-0.59,-0.5,-0.43,-0.37,-0.31,-0.26,-0.22,-0.18,-0.13,-0.09,-0.05,-0.01,0.04,0.09,0.15,0.22,0.3,,,,,,,,,,,,,,,,,,,,,,,,,,,,,,,,,,,,,,,,,,,,,,,,,,,
E498x535.csv,655,81,MangoMz,Impedance,6,89.75,81.14,73.69,67.23,61.74,57.08,53.21,50.02,47.43,45.34,43.67,42.34,41.3,40.47,39.82,39.31,38.91,38.58,38.33,38.12,37.95,37.82,37.71,37.62,37.54,37.48,37.43,37.38,37.34,37.31,37.28,37.26,37.23,37.21,37.2,37.18,37.17,37.15,37.14,37.13,37.12,37.12,37.11,37.1,37.1,37.1,37.11,37.12,37.13,37.16,37.21,,,,,,,,,,,,,,,,,,,,,,,,,,,,,,,,,,,,,,,,,,,,,,,,,,,
E498x535.csv,656,81,MangoMz,Phase,6,-53.08,-50.79,-48.19,-45.31,-42.21,-38.91,-35.52,-32.11,-28.75,-25.52,-22.48,-19.68,-17.12,-14.84,-12.8,-11.01,-9.46,-8.11,-6.94,-5.93,-5.07,-4.33,-3.7,-3.16,-2.7,-2.31,-1.97,-1.69,-1.44,-1.24,-1.06,-0.91,-0.78,-0.67,-0.58,-0.5,-0.43,-0.36,-0.31,-0.26,-0.21,-0.17,-0.13,-0.09,-0.05,0,0.04,0.09,0.15,0.22,0.29,,,,,,,,,,,,,,,,,,,,,,,,,,,,,,,,,,,,,,,,,,,,,,,,,,,
E498x536.csv,657,82,MangoMz,Impedance,0,78.51,70.36,63.24,57.02,51.7,47.15,43.33,40.17,37.59,35.5,33.84,32.52,31.49,30.69,30.06,29.57,29.19,28.89,28.66,28.47,28.32,28.21,28.11,28.03,27.97,27.92,27.87,27.84,27.8,27.78,27.75,27.73,27.71,27.7,27.68,27.67,27.66,27.65,27.64,27.63,27.62,27.61,27.61,27.6,27.6,27.6,27.61,27.61,27.63,27.65,27.69,,,,,,,,,,,,,,,,,,,,,,,,,,,,,,,,,,,,,,,,,,,,,,,,,,,
E498x536.csv,658,82,MangoMz,Phase,0,-56.85,-54.92,-52.65,-50.04,-47.13,-43.94,-40.54,-37.01,-33.43,-29.89,-26.49,-23.29,-20.33,-17.64,-15.23,-13.11,-11.25,-9.63,-8.23,-7.03,-6,-5.11,-4.36,-3.72,-3.17,-2.7,-2.31,-1.97,-1.68,-1.44,-1.23,-1.05,-0.9,-0.76,-0.65,-0.55,-0.46,-0.37,-0.3,-0.23,-0.16,-0.09,-0.02,0.06,0.14,0.23,0.33,0.45,0.58,0.74,0.93,,,,,,,,,,,,,,,,,,,,,,,,,,,,,,,,,,,,,,,,,,,,,,,,,,,
E498x537.csv,659,82,MangoMz,Impedance,2,82.03,74.25,67.54,61.75,56.84,52.68,49.23,46.39,44.08,42.22,40.74,39.56,38.63,37.9,37.33,36.88,36.52,36.23,36.01,35.83,35.68,35.56,35.46,35.38,35.31,35.25,35.2,35.16,35.13,35.09,35.07,35.04,35.02,35,34.98,34.97,34.95,34.94,34.93,34.91,34.9,34.89,34.89,34.88,34.88,34.87,34.88,34.88,34.9,34.92,34.96,,,,,,,,,,,,,,,,,,,,,,,,,,,,,,,,,,,,,,,,,,,,,,,,,,,
E498x537.csv,660,82,MangoMz,Phase,2,-52.24,-49.85,-47.18,-44.24,-41.11,-37.82,-34.45,-31.09,-27.79,-24.63,-21.67,-18.94,-16.47,-14.25,-12.28,-10.56,-9.06,-7.76,-6.64,-5.68,-4.85,-4.15,-3.54,-3.03,-2.59,-2.22,-1.9,-1.63,-1.39,-1.2,-1.03,-0.89,-0.76,-0.66,-0.57,-0.49,-0.41,-0.35,-0.3,-0.24,-0.19,-0.15,-0.1,-0.05,0,0.06,0.12,0.2,0.28,0.37,0.48,,,,,,,,,,,,,,,,,,,,,,,,,,,,,,,,,,,,,,,,,,,,,,,,,,,
E498x538.csv,661,82,MangoMz,Impedance,4,83.52,75.54,68.65,62.71,57.66,53.39,49.85,46.93,44.56,42.66,41.14,39.94,39,38.26,37.68,37.23,36.87,36.58,36.36,36.18,36.03,35.92,35.82,35.74,35.67,35.62,35.57,35.53,35.5,35.47,35.44,35.42,35.39,35.38,35.36,35.34,35.33,35.32,35.31,35.3,35.29,35.28,35.27,35.27,35.26,35.26,35.26,35.27,35.29,35.31,35.36,,,,,,,,,,,,,,,,,,,,,,,,,,,,,,,,,,,,,,,,,,,,,,,,,,,
E498x538.csv,662,82,MangoMz,Phase,4,-52.51,-50.16,-47.51,-44.59,-41.47,-38.17,-34.78,-31.38,-28.05,-24.85,-21.85,-19.09,-16.58,-14.34,-12.35,-10.6,-9.09,-7.78,-6.65,-5.68,-4.85,-4.14,-3.53,-3.02,-2.57,-2.2,-1.88,-1.61,-1.38,-1.18,-1.01,-0.87,-0.75,-0.65,-0.55,-0.48,-0.41,-0.35,-0.29,-0.24,-0.19,-0.15,-0.11,-0.06,-0.01,0.04,0.09,0.16,0.23,0.31,0.41,,,,,,,,,,,,,,,,,,,,,,,,,,,,,,,,,,,,,,,,,,,,,,,,,,,
E498x539.csv,663,82,MangoMz,Impedance,6,84.04,76,69.05,63.04,57.94,53.62,50.04,47.1,44.71,42.79,41.27,40.06,39.12,38.37,37.79,37.34,36.98,36.7,36.47,36.29,36.15,36.03,35.94,35.86,35.79,35.74,35.69,35.65,35.62,35.59,35.56,35.54,35.52,35.5,35.48,35.47,35.46,35.44,35.43,35.42,35.41,35.4,35.4,35.39,35.39,35.39,35.39,35.4,35.42,35.44,35.48,,,,,,,,,,,,,,,,,,,,,,,,,,,,,,,,,,,,,,,,,,,,,,,,,,,
E498x539.csv,664,82,MangoMz,Phase,6,-52.66,-50.32,-47.68,-44.76,-41.63,-38.32,-34.92,-31.5,-28.15,-24.94,-21.92,-19.15,-16.63,-14.37,-12.37,-10.62,-9.1,-7.78,-6.65,-5.68,-4.84,-4.13,-3.53,-3.01,-2.57,-2.19,-1.87,-1.6,-1.37,-1.18,-1.01,-0.87,-0.74,-0.64,-0.55,-0.47,-0.4,-0.34,-0.29,-0.24,-0.19,-0.14,-0.1,-0.06,-0.01,0.04,0.1,0.16,0.23,0.32,0.41,,,,,,,,,,,,,,,,,,,,,,,,,,,,,,,,,,,,,,,,,,,,,,,,,,,
E498x540.csv,665,83,MangoMz,Impedance,0,80.25,72,64.85,58.65,53.38,48.91,45.2,42.14,39.67,37.69,36.11,34.88,33.91,33.16,32.57,32.12,31.76,31.49,31.27,31.09,30.95,30.84,30.75,30.67,30.61,30.55,30.51,30.47,30.44,30.41,30.39,30.37,30.35,30.33,30.32,30.3,30.29,30.28,30.27,30.26,30.25,30.25,30.24,30.24,30.24,30.24,30.24,30.25,30.26,30.29,30.33,,,,,,,,,,,,,,,,,,,,,,,,,,,,,,,,,,,,,,,,,,,,,,,,,,,
E498x540.csv,666,83,MangoMz,Phase,0,-55.77,-53.63,-51.15,-48.33,-45.24,-41.9,-38.4,-34.82,-31.25,-27.78,-24.49,-21.43,-18.63,-16.12,-13.88,-11.92,-10.21,-8.73,-7.46,-6.37,-5.43,-4.63,-3.95,-3.37,-2.88,-2.46,-2.1,-1.79,-1.53,-1.31,-1.12,-0.96,-0.82,-0.7,-0.6,-0.5,-0.42,-0.35,-0.28,-0.22,-0.15,-0.09,-0.03,0.04,0.11,0.19,0.28,0.38,0.5,0.63,0.79,,,,,,,,,,,,,,,,,,,,,,,,,,,,,,,,,,,,,,,,,,,,,,,,,,,
E498x541.csv,667,83,MangoMz,Impedance,2,88.35,80.24,73.31,67.36,62.34,58.13,54.65,51.79,49.49,47.63,46.16,44.99,44.07,43.34,42.76,42.31,41.95,41.66,41.43,41.24,41.09,40.96,40.86,40.77,40.7,40.63,40.58,40.54,40.5,40.46,40.43,40.41,40.38,40.36,40.34,40.33,40.31,40.3,40.28,40.27,40.26,40.25,40.24,40.23,40.23,40.23,40.23,40.24,40.26,40.29,40.33,,,,,,,,,,,,,,,,,,,,,,,,,,,,,,,,,,,,,,,,,,,,,,,,,,,
E498x541.csv,668,83,MangoMz,Phase,2,-50.78,-48.2,-45.36,-42.28,-39.05,-35.71,-32.34,-29.02,-25.81,-22.78,-19.97,-17.41,-15.1,-13.05,-11.23,-9.65,-8.28,-7.09,-6.07,-5.19,-4.44,-3.8,-3.24,-2.78,-2.37,-2.03,-1.74,-1.49,-1.28,-1.1,-0.95,-0.82,-0.7,-0.61,-0.52,-0.45,-0.39,-0.33,-0.28,-0.24,-0.2,-0.16,-0.12,-0.08,-0.04,0,0.04,0.09,0.15,0.22,0.3,,,,,,,,,,,,,,,,,,,,,,,,,,,,,,,,,,,,,,,,,,,,,,,,,,,
E498x542.csv,669,83,MangoMz,Impedance,4,89.31,80.97,73.82,67.68,62.51,58.16,54.58,51.65,49.29,47.4,45.91,44.72,43.8,43.06,42.49,42.04,41.68,41.4,41.17,40.99,40.84,40.72,40.62,40.54,40.47,40.41,40.36,40.32,40.28,40.25,40.22,40.2,40.18,40.16,40.14,40.13,40.11,40.1,40.09,40.08,40.07,40.06,40.05,40.05,40.05,40.05,40.05,40.06,40.08,40.11,40.16,,,,,,,,,,,,,,,,,,,,,,,,,,,,,,,,,,,,,,,,,,,,,,,,,,,
E498x542.csv,670,83,MangoMz,Phase,4,-51.59,-49.04,-46.21,-43.13,-39.87,-36.47,-33.04,-29.64,-26.36,-23.25,-20.36,-17.73,-15.36,-13.25,-11.4,-9.78,-8.38,-7.16,-6.12,-5.23,-4.47,-3.81,-3.25,-2.78,-2.37,-2.03,-1.73,-1.48,-1.27,-1.09,-0.93,-0.8,-0.69,-0.59,-0.51,-0.44,-0.37,-0.32,-0.27,-0.22,-0.18,-0.14,-0.1,-0.06,-0.02,0.02,0.06,0.12,0.18,0.24,0.32,,,,,,,,,,,,,,,,,,,,,,,,,,,,,,,,,,,,,,,,,,,,,,,,,,,
E498x543.csv,671,83,MangoMz,Impedance,6,89.48,81.1,73.89,67.69,62.47,58.09,54.48,51.53,49.15,47.25,45.75,44.57,43.64,42.91,42.34,41.89,41.54,41.25,41.03,40.85,40.7,40.58,40.48,40.4,40.34,40.28,40.23,40.19,40.15,40.12,40.1,40.07,40.05,40.03,40.02,40,39.99,39.98,39.97,39.96,39.95,39.94,39.93,39.93,39.93,39.93,39.93,39.94,39.96,39.99,40.04,,,,,,,,,,,,,,,,,,,,,,,,,,,,,,,,,,,,,,,,,,,,,,,,,,,
E498x543.csv,672,83,MangoMz,Phase,6,-51.83,-49.3,-46.48,-43.39,-40.12,-36.71,-33.26,-29.84,-26.53,-23.39,-20.48,-17.83,-15.44,-13.31,-11.44,-9.81,-8.4,-7.18,-6.14,-5.24,-4.47,-3.82,-3.26,-2.78,-2.37,-2.02,-1.73,-1.48,-1.27,-1.08,-0.93,-0.8,-0.68,-0.59,-0.5,-0.43,-0.37,-0.31,-0.26,-0.22,-0.17,-0.13,-0.1,-0.06,-0.02,0.03,0.07,0.13,0.19,0.26,0.34,,,,,,,,,,,,,,,,,,,,,,,,,,,,,,,,,,,,,,,,,,,,,,,,,,,
E498x544.csv,673,84,MangoMz,Impedance,0,78.45,70.41,63.41,57.33,52.14,47.74,44.06,41.04,38.58,36.6,35.03,33.79,32.81,32.04,31.44,30.97,30.6,30.3,30.07,29.88,29.73,29.61,29.51,29.43,29.36,29.3,29.25,29.21,29.18,29.15,29.12,29.1,29.08,29.07,29.05,29.04,29.02,29.01,29,29,28.99,28.98,28.98,28.97,28.97,28.97,28.98,28.98,29,29.02,29.06,,,,,,,,,,,,,,,,,,,,,,,,,,,,,,,,,,,,,,,,,,,,,,,,,,,
E498x544.csv,674,84,MangoMz,Phase,0,-55.81,-53.76,-51.36,-48.63,-45.61,-42.33,-38.87,-35.33,-31.78,-28.32,-25.03,-21.96,-19.15,-16.62,-14.35,-12.36,-10.63,-9.11,-7.81,-6.68,-5.71,-4.88,-4.17,-3.57,-3.05,-2.6,-2.23,-1.91,-1.63,-1.39,-1.19,-1.02,-0.87,-0.74,-0.63,-0.54,-0.45,-0.37,-0.3,-0.23,-0.16,-0.1,-0.03,0.04,0.11,0.19,0.29,0.39,0.51,0.65,0.82,,,,,,,,,,,,,,,,,,,,,,,,,,,,,,,,,,,,,,,,,,,,,,,,,,,
E498x545.csv,675,84,MangoMz,Impedance,2,86.44,78.53,71.75,65.96,61.07,56.98,53.6,50.84,48.61,46.82,45.4,44.28,43.39,42.69,42.14,41.7,41.35,41.07,40.85,40.67,40.52,40.4,40.3,40.22,40.15,40.09,40.04,39.99,39.96,39.93,39.9,39.87,39.85,39.83,39.81,39.8,39.78,39.77,39.76,39.75,39.74,39.73,39.72,39.71,39.71,39.71,39.72,39.73,39.74,39.77,39.82,,,,,,,,,,,,,,,,,,,,,,,,,,,,,,,,,,,,,,,,,,,,,,,,,,,
E498x545.csv,676,84,MangoMz,Phase,2,-50.4,-47.85,-45.03,-41.97,-38.76,-35.42,-32.06,-28.74,-25.55,-22.54,-19.75,-17.2,-14.92,-12.89,-11.1,-9.53,-8.18,-7,-5.99,-5.13,-4.38,-3.75,-3.2,-2.74,-2.34,-2.01,-1.72,-1.47,-1.26,-1.09,-0.93,-0.8,-0.69,-0.6,-0.52,-0.44,-0.38,-0.33,-0.28,-0.23,-0.19,-0.15,-0.12,-0.08,-0.04,0,0.05,0.1,0.16,0.22,0.3,,,,,,,,,,,,,,,,,,,,,,,,,,,,,,,,,,,,,,,,,,,,,,,,,,,
E498x546.csv,677,84,MangoMz,Impedance,4,87.5,79.44,72.53,66.6,61.61,57.42,53.96,51.14,48.86,47.04,45.59,44.44,43.54,42.83,42.27,41.83,41.48,41.2,40.98,40.8,40.65,40.53,40.43,40.35,40.28,40.23,40.18,40.13,40.1,40.07,40.04,40.02,39.99,39.97,39.96,39.94,39.93,39.91,39.9,39.89,39.88,39.87,39.87,39.86,39.86,39.86,39.86,39.88,39.89,39.92,39.97,,,,,,,,,,,,,,,,,,,,,,,,,,,,,,,,,,,,,,,,,,,,,,,,,,,
E498x546.csv,678,84,MangoMz,Phase,4,-50.77,-48.24,-45.44,-42.38,-39.16,-35.81,-32.43,-29.09,-25.86,-22.81,-19.98,-17.4,-15.08,-13.02,-11.2,-9.62,-8.24,-7.05,-6.03,-5.16,-4.4,-3.76,-3.21,-2.75,-2.35,-2.01,-1.72,-1.47,-1.26,-1.08,-0.93,-0.8,-0.69,-0.59,-0.51,-0.44,-0.38,-0.32,-0.27,-0.23,-0.19,-0.15,-0.11,-0.07,-0.03,0.01,0.05,0.1,0.16,0.23,0.31,,,,,,,,,,,,,,,,,,,,,,,,,,,,,,,,,,,,,,,,,,,,,,,,,,,
E498x546.csv,679,84,MangoMz,Impedance,6,88.16,80.01,73.02,67.02,61.96,57.72,54.22,51.36,49.06,47.21,45.75,44.6,43.69,42.97,42.41,41.97,41.62,41.34,41.12,40.94,40.79,40.67,40.57,40.49,40.42,40.36,40.32,40.27,40.24,40.21,40.18,40.16,40.14,40.12,40.1,40.08,40.07,40.06,40.05,40.04,40.03,40.02,40.01,40.01,40,40,40.01,40.02,40.04,40.07,40.11,,,,,,,,,,,,,,,,,,,,,,,,,,,,,,,,,,,,,,,,,,,,,,,,,,,
E498x546.csv,680,84,MangoMz,Phase,6,-50.95,-48.43,-45.63,-42.58,-39.36,-36,-32.6,-29.24,-26,-22.93,-20.08,-17.48,-15.15,-13.07,-11.24,-9.65,-8.27,-7.07,-6.05,-5.17,-4.41,-3.77,-3.22,-2.75,-2.35,-2.01,-1.72,-1.47,-1.26,-1.08,-0.93,-0.8,-0.69,-0.59,-0.51,-0.44,-0.37,-0.32,-0.27,-0.23,-0.19,-0.15,-0.11,-0.07,-0.03,0.01,0.06,0.11,0.16,0.23,0.3,,,,,,,,,,,,,,,,,,,,,,,,,,,,,,,,,,,,,,,,,,,,,,,,,,,
E498x547.csv,681,85,MangoMz,Impedance,0,71.69,64.28,57.85,52.29,47.56,43.57,40.26,37.53,35.32,33.55,32.14,31.03,30.16,29.47,28.94,28.52,28.19,27.93,27.73,27.56,27.43,27.33,27.24,27.17,27.11,27.06,27.02,26.98,26.95,26.93,26.91,26.89,26.87,26.85,26.84,26.83,26.82,26.81,26.8,26.79,26.78,26.77,26.77,26.77,26.76,26.76,26.77,26.78,26.79,26.81,26.84,,,,,,,,,,,,,,,,,,,,,,,,,,,,,,,,,,,,,,,,,,,,,,,,,,,
E498x547.csv,682,85,MangoMz,Phase,0,-55.88,-53.72,-51.22,-48.39,-45.28,-41.93,-38.43,-34.86,-31.3,-27.85,-24.58,-21.53,-18.75,-16.25,-14.02,-12.06,-10.35,-8.86,-7.58,-6.48,-5.53,-4.72,-4.03,-3.44,-2.93,-2.51,-2.14,-1.83,-1.56,-1.34,-1.14,-0.98,-0.83,-0.71,-0.6,-0.51,-0.42,-0.35,-0.28,-0.21,-0.15,-0.08,-0.01,0.06,0.13,0.21,0.31,0.41,0.54,0.68,0.85,,,,,,,,,,,,,,,,,,,,,,,,,,,,,,,,,,,,,,,,,,,,,,,,,,,
E498x548.csv,683,85,MangoMz,Impedance,2,76.63,69.23,62.88,57.43,52.83,48.95,45.74,43.12,40.99,39.29,37.93,36.85,36.01,35.34,34.82,34.4,34.08,33.82,33.61,33.44,33.3,33.19,33.1,33.03,32.97,32.91,32.87,32.83,32.8,32.77,32.75,32.73,32.71,32.69,32.68,32.66,32.65,32.64,32.63,32.62,32.61,32.61,32.6,32.6,32.6,32.6,32.6,32.61,32.63,32.65,32.69,,,,,,,,,,,,,,,,,,,,,,,,,,,,,,,,,,,,,,,,,,,,,,,,,,,
E498x548.csv,684,85,MangoMz,Phase,2,-52.65,-50.2,-47.46,-44.46,-41.25,-37.88,-34.45,-31.02,-27.68,-24.49,-21.52,-18.79,-16.32,-14.11,-12.16,-10.45,-8.97,-7.68,-6.57,-5.62,-4.8,-4.1,-3.5,-2.99,-2.56,-2.18,-1.87,-1.6,-1.37,-1.17,-1,-0.86,-0.73,-0.63,-0.54,-0.46,-0.39,-0.32,-0.27,-0.22,-0.17,-0.12,-0.07,-0.03,0.03,0.08,0.14,0.21,0.29,0.38,0.48,,,,,,,,,,,,,,,,,,,,,,,,,,,,,,,,,,,,,,,,,,,,,,,,,,,
E498x549.csv,685,85,MangoMz,Impedance,4,77.28,69.8,63.36,57.82,53.14,49.21,45.95,43.28,41.13,39.4,38.03,36.94,36.09,35.42,34.89,34.48,34.15,33.9,33.69,33.52,33.39,33.28,33.19,33.12,33.06,33,32.96,32.92,32.89,32.87,32.84,32.82,32.81,32.79,32.78,32.76,32.75,32.74,32.73,32.72,32.72,32.71,32.71,32.7,32.7,32.7,32.71,32.72,32.73,32.76,32.8,,,,,,,,,,,,,,,,,,,,,,,,,,,,,,,,,,,,,,,,,,,,,,,,,,,
E498x549.csv,686,85,MangoMz,Phase,4,-52.94,-50.51,-47.78,-44.77,-41.56,-38.18,-34.72,-31.26,-27.89,-24.68,-21.67,-18.91,-16.42,-14.19,-12.22,-10.5,-9,-7.7,-6.58,-5.62,-4.8,-4.1,-3.5,-2.99,-2.55,-2.18,-1.86,-1.59,-1.36,-1.16,-0.99,-0.85,-0.73,-0.62,-0.53,-0.45,-0.38,-0.32,-0.26,-0.21,-0.16,-0.11,-0.07,-0.02,0.03,0.09,0.15,0.22,0.3,0.39,0.49,,,,,,,,,,,,,,,,,,,,,,,,,,,,,,,,,,,,,,,,,,,,,,,,,,,
E498x550.csv,687,85,MangoMz,Impedance,6,77.74,70.2,63.69,58.1,53.38,49.41,46.12,43.44,41.27,39.53,38.15,37.07,36.21,35.54,35.02,34.6,34.28,34.02,33.81,33.65,33.52,33.41,33.32,33.25,33.19,33.14,33.09,33.06,33.03,33,32.98,32.96,32.94,32.92,32.91,32.9,32.89,32.88,32.87,32.86,32.85,32.85,32.84,32.84,32.84,32.84,32.84,32.85,32.87,32.9,32.94,,,,,,,,,,,,,,,,,,,,,,,,,,,,,,,,,,,,,,,,,,,,,,,,,,,
E498x550.csv,688,85,MangoMz,Phase,6,-53.1,-50.68,-47.94,-44.93,-41.7,-38.31,-34.83,-31.35,-27.97,-24.73,-21.71,-18.94,-16.44,-14.2,-12.22,-10.49,-8.99,-7.69,-6.57,-5.61,-4.79,-4.09,-3.49,-2.97,-2.54,-2.17,-1.85,-1.58,-1.35,-1.15,-0.99,-0.84,-0.72,-0.62,-0.52,-0.44,-0.38,-0.31,-0.26,-0.21,-0.16,-0.11,-0.06,-0.01,0.04,0.09,0.15,0.22,0.3,0.39,0.5,,,,,,,,,,,,,,,,,,,,,,,,,,,,,,,,,,,,,,,,,,,,,,,,,,,
E498x551.csv,689,86,MangoMz,Impedance,0,86.55,78.05,70.64,64.19,58.69,54.01,50.1,46.88,44.27,42.16,40.49,39.17,38.13,37.31,36.68,36.17,35.78,35.47,35.22,35.02,34.86,34.73,34.62,34.53,34.46,34.4,34.34,34.3,34.26,34.22,34.19,34.17,34.15,34.12,34.11,34.09,34.07,34.06,34.05,34.04,34.03,34.02,34.01,34,34,34,34,34.01,34.03,34.06,34.1,,,,,,,,,,,,,,,,,,,,,,,,,,,,,,,,,,,,,,,,,,,,,,,,,,,
E498x551.csv,690,86,MangoMz,Phase,0,-53.93,-51.85,-49.42,-46.68,-43.67,-40.44,-37.05,-33.58,-30.15,-26.81,-23.65,-20.71,-18.04,-15.63,-13.48,-11.6,-9.96,-8.53,-7.3,-6.25,-5.34,-4.57,-3.9,-3.34,-2.86,-2.44,-2.09,-1.79,-1.54,-1.32,-1.14,-0.98,-0.84,-0.72,-0.62,-0.53,-0.45,-0.38,-0.32,-0.26,-0.2,-0.15,-0.09,-0.04,0.02,0.09,0.16,0.24,0.33,0.43,0.55,,,,,,,,,,,,,,,,,,,,,,,,,,,,,,,,,,,,,,,,,,,,,,,,,,,
E498x552.csv,691,86,MangoMz,Impedance,2,90.76,82.58,75.62,69.65,64.62,60.39,56.9,54.04,51.72,49.86,48.38,47.21,46.29,45.55,44.98,44.52,44.16,43.87,43.63,43.45,43.29,43.16,43.06,42.97,42.9,42.84,42.78,42.74,42.7,42.66,42.63,42.61,42.58,42.56,42.54,42.53,42.51,42.49,42.48,42.47,42.46,42.45,42.44,42.43,42.43,42.43,42.43,42.44,42.46,42.49,42.54,,,,,,,,,,,,,,,,,,,,,,,,,,,,,,,,,,,,,,,,,,,,,,,,,,,
E498x552.csv,692,86,MangoMz,Phase,2,-49.94,-47.35,-44.51,-41.46,-38.26,-34.96,-31.63,-28.36,-25.21,-22.23,-19.47,-16.96,-14.71,-12.7,-10.93,-9.39,-8.05,-6.89,-5.9,-5.04,-4.31,-3.69,-3.15,-2.69,-2.31,-1.97,-1.69,-1.45,-1.25,-1.07,-0.92,-0.8,-0.69,-0.6,-0.52,-0.45,-0.39,-0.33,-0.29,-0.25,-0.21,-0.17,-0.14,-0.11,-0.08,-0.04,-0.01,0.03,0.07,0.12,0.18,,,,,,,,,,,,,,,,,,,,,,,,,,,,,,,,,,,,,,,,,,,,,,,,,,,
E498x553.csv,693,86,MangoMz,Impedance,4,91.73,83.4,76.28,70.16,65,60.67,57.09,54.17,51.8,49.91,48.41,47.22,46.29,45.55,44.97,44.52,44.16,43.87,43.64,43.45,43.3,43.18,43.08,42.99,42.92,42.86,42.81,42.77,42.73,42.7,42.67,42.64,42.62,42.6,42.58,42.56,42.55,42.54,42.52,42.51,42.5,42.49,42.49,42.48,42.48,42.48,42.48,42.49,42.51,42.54,42.59,,,,,,,,,,,,,,,,,,,,,,,,,,,,,,,,,,,,,,,,,,,,,,,,,,,
E498x553.csv,694,86,MangoMz,Phase,4,-50.43,-47.87,-45.05,-42,-38.78,-35.44,-32.08,-28.76,-25.55,-22.52,-19.72,-17.17,-14.87,-12.83,-11.03,-9.46,-8.11,-6.93,-5.93,-5.06,-4.32,-3.69,-3.15,-2.69,-2.3,-1.97,-1.69,-1.44,-1.24,-1.06,-0.91,-0.79,-0.68,-0.59,-0.51,-0.44,-0.38,-0.33,-0.28,-0.24,-0.2,-0.17,-0.13,-0.1,-0.07,-0.04,0,0.04,0.08,0.13,0.19,,,,,,,,,,,,,,,,,,,,,,,,,,,,,,,,,,,,,,,,,,,,,,,,,,,
E498x554.csv,695,86,MangoMz,Impedance,6,92.57,84.13,76.89,70.67,65.43,61.03,57.4,54.44,52.04,50.13,48.61,47.42,46.48,45.74,45.16,44.7,44.35,44.06,43.83,43.64,43.49,43.37,43.27,43.19,43.12,43.06,43.01,42.97,42.93,42.9,42.87,42.84,42.82,42.8,42.78,42.77,42.75,42.74,42.73,42.72,42.71,42.7,42.69,42.69,42.68,42.69,42.69,42.7,42.72,42.75,42.8,,,,,,,,,,,,,,,,,,,,,,,,,,,,,,,,,,,,,,,,,,,,,,,,,,,
E498x554.csv,696,86,MangoMz,Phase,6,-50.68,-48.14,-45.32,-42.25,-39.02,-35.67,-32.28,-28.93,-25.7,-22.64,-19.82,-17.24,-14.93,-12.87,-11.06,-9.48,-8.12,-6.94,-5.93,-5.06,-4.32,-3.69,-3.15,-2.69,-2.3,-1.96,-1.68,-1.44,-1.23,-1.06,-0.91,-0.78,-0.67,-0.58,-0.5,-0.43,-0.37,-0.32,-0.28,-0.24,-0.2,-0.16,-0.13,-0.1,-0.07,-0.03,0,0.04,0.08,0.13,0.19,,,,,,,,,,,,,,,,,,,,,,,,,,,,,,,,,,,,,,,,,,,,,,,,,,,
E498x555.csv,697,87,MangoMz,Impedance,0,83.08,74.91,67.84,61.73,56.55,52.19,48.58,45.62,43.24,41.35,39.85,38.67,37.75,37.04,36.48,36.04,35.7,35.43,35.22,35.04,34.91,34.79,34.7,34.62,34.56,34.5,34.46,34.42,34.39,34.36,34.33,34.31,34.29,34.27,34.26,34.24,34.23,34.22,34.21,34.2,34.19,34.18,34.17,34.17,34.17,34.17,34.17,34.18,34.2,34.23,34.27,,,,,,,,,,,,,,,,,,,,,,,,,,,,,,,,,,,,,,,,,,,,,,,,,,,
E498x555.csv,698,87,MangoMz,Phase,0,-53.96,-51.65,-49.01,-46.06,-42.86,-39.46,-35.94,-32.39,-28.9,-25.56,-22.43,-19.56,-16.96,-14.64,-12.58,-10.79,-9.24,-7.9,-6.75,-5.76,-4.92,-4.2,-3.58,-3.06,-2.61,-2.23,-1.91,-1.63,-1.4,-1.2,-1.03,-0.88,-0.75,-0.64,-0.55,-0.47,-0.39,-0.33,-0.26,-0.21,-0.15,-0.1,-0.04,0.01,0.08,0.14,0.22,0.3,0.4,0.52,0.65,,,,,,,,,,,,,,,,,,,,,,,,,,,,,,,,,,,,,,,,,,,,,,,,,,,
E498x556.csv,699,87,MangoMz,Impedance,2,92.96,84.89,78.02,72.15,67.21,63.08,59.68,56.9,54.65,52.86,51.43,50.3,49.41,48.7,48.15,47.7,47.35,47.07,46.85,46.66,46.51,46.39,46.29,46.2,46.13,46.07,46.02,45.97,45.93,45.9,45.87,45.84,45.82,45.8,45.78,45.77,45.75,45.74,45.72,45.71,45.7,45.69,45.68,45.68,45.68,45.68,45.68,45.69,45.71,45.75,45.8,,,,,,,,,,,,,,,,,,,,,,,,,,,,,,,,,,,,,,,,,,,,,,,,,,,
E498x556.csv,700,87,MangoMz,Phase,2,-48.36,-45.7,-42.8,-39.71,-36.5,-33.22,-29.95,-26.76,-23.71,-20.85,-18.22,-15.84,-13.71,-11.82,-10.16,-8.72,-7.47,-6.39,-5.47,-4.67,-3.99,-3.41,-2.91,-2.49,-2.13,-1.82,-1.56,-1.34,-1.15,-0.99,-0.85,-0.73,-0.63,-0.55,-0.47,-0.41,-0.36,-0.31,-0.27,-0.23,-0.19,-0.16,-0.13,-0.1,-0.07,-0.04,-0.01,0.02,0.06,0.11,0.16,,,,,,,,,,,,,,,,,,,,,,,,,,,,,,,,,,,,,,,,,,,,,,,,,,,
E498x557.csv,701,87,MangoMz,Impedance,4,93.58,85.38,78.37,72.38,67.34,63.13,59.66,56.84,54.56,52.74,51.29,50.16,49.26,48.55,48,47.56,47.21,46.94,46.71,46.53,46.39,46.27,46.17,46.09,46.02,45.96,45.91,45.87,45.83,45.8,45.77,45.74,45.72,45.7,45.69,45.67,45.66,45.64,45.63,45.62,45.61,45.6,45.6,45.59,45.59,45.59,45.6,45.61,45.63,45.66,45.72,,,,,,,,,,,,,,,,,,,,,,,,,,,,,,,,,,,,,,,,,,,,,,,,,,,
E498x557.csv,702,87,MangoMz,Phase,4,-48.85,-46.21,-43.32,-40.21,-36.98,-33.66,-30.35,-27.11,-24.01,-21.11,-18.44,-16.02,-13.85,-11.93,-10.25,-8.78,-7.52,-6.43,-5.49,-4.69,-4,-3.42,-2.92,-2.49,-2.13,-1.82,-1.56,-1.33,-1.14,-0.98,-0.84,-0.72,-0.62,-0.54,-0.46,-0.4,-0.35,-0.3,-0.26,-0.22,-0.18,-0.15,-0.12,-0.09,-0.06,-0.03,0,0.04,0.08,0.12,0.18,,,,,,,,,,,,,,,,,,,,,,,,,,,,,,,,,,,,,,,,,,,,,,,,,,,
E498x558.csv,703,87,MangoMz,Impedance,6,93.95,85.67,78.59,72.53,67.44,63.19,59.69,56.84,54.55,52.72,51.27,50.13,49.23,48.52,47.97,47.53,47.19,46.91,46.69,46.52,46.37,46.25,46.15,46.07,46,45.95,45.9,45.86,45.82,45.79,45.76,45.74,45.72,45.7,45.68,45.67,45.65,45.64,45.63,45.62,45.61,45.6,45.59,45.59,45.59,45.59,45.59,45.61,45.63,45.66,45.72,,,,,,,,,,,,,,,,,,,,,,,,,,,,,,,,,,,,,,,,,,,,,,,,,,,
E498x558.csv,704,87,MangoMz,Phase,6,-49.08,-46.45,-43.56,-40.44,-37.2,-33.86,-30.52,-27.26,-24.14,-21.21,-18.52,-16.08,-13.9,-11.97,-10.28,-8.8,-7.53,-6.44,-5.5,-4.69,-4,-3.41,-2.91,-2.49,-2.12,-1.81,-1.55,-1.33,-1.14,-0.97,-0.84,-0.72,-0.62,-0.53,-0.46,-0.4,-0.34,-0.29,-0.25,-0.21,-0.18,-0.15,-0.11,-0.09,-0.06,-0.02,0.01,0.05,0.09,0.13,0.18,,,,,,,,,,,,,,,,,,,,,,,,,,,,,,,,,,,,,,,,,,,,,,,,,,,
E498x559.csv,705,88,MangoMz,Impedance,0,79.8,71.76,64.77,58.72,53.58,49.23,45.62,42.65,40.25,38.33,36.81,35.61,34.68,33.95,33.38,32.93,32.59,32.31,32.1,31.93,31.79,31.68,31.59,31.51,31.45,31.4,31.35,31.32,31.29,31.26,31.23,31.21,31.19,31.17,31.16,31.15,31.13,31.12,31.11,31.11,31.1,31.09,31.09,31.08,31.08,31.08,31.09,31.1,31.11,31.14,31.17,,,,,,,,,,,,,,,,,,,,,,,,,,,,,,,,,,,,,,,,,,,,,,,,,,,
E498x559.csv,706,88,MangoMz,Phase,0,-55.35,-53.11,-50.55,-47.66,-44.51,-41.13,-37.61,-34.03,-30.48,-27.05,-23.81,-20.81,-18.08,-15.63,-13.46,-11.55,-9.89,-8.46,-7.23,-6.17,-5.26,-4.49,-3.83,-3.26,-2.79,-2.38,-2.03,-1.74,-1.49,-1.27,-1.09,-0.93,-0.8,-0.68,-0.58,-0.49,-0.41,-0.34,-0.28,-0.22,-0.16,-0.1,-0.04,0.02,0.09,0.16,0.24,0.33,0.44,0.56,0.71,,,,,,,,,,,,,,,,,,,,,,,,,,,,,,,,,,,,,,,,,,,,,,,,,,,
E498x560.csv,707,88,MangoMz,Impedance,2,84.28,76.52,69.88,64.18,59.38,55.35,52.02,49.3,47.09,45.33,43.92,42.81,41.93,41.24,40.69,40.26,39.91,39.64,39.42,39.24,39.09,38.97,38.87,38.79,38.72,38.66,38.61,38.57,38.53,38.5,38.47,38.45,38.42,38.4,38.39,38.37,38.36,38.34,38.33,38.32,38.31,38.31,38.3,38.29,38.29,38.29,38.3,38.31,38.32,38.35,38.4,,,,,,,,,,,,,,,,,,,,,,,,,,,,,,,,,,,,,,,,,,,,,,,,,,,
E498x560.csv,708,88,MangoMz,Phase,2,-50.93,-48.37,-45.54,-42.47,-39.24,-35.89,-32.51,-29.17,-25.94,-22.89,-20.07,-17.49,-15.17,-13.11,-11.29,-9.7,-8.32,-7.13,-6.1,-5.22,-4.46,-3.82,-3.26,-2.79,-2.39,-2.04,-1.75,-1.5,-1.29,-1.11,-0.95,-0.82,-0.7,-0.61,-0.52,-0.45,-0.38,-0.33,-0.27,-0.23,-0.18,-0.14,-0.1,-0.06,-0.02,0.03,0.08,0.13,0.19,0.26,0.35,,,,,,,,,,,,,,,,,,,,,,,,,,,,,,,,,,,,,,,,,,,,,,,,,,,
E498x561.csv,709,88,MangoMz,Impedance,4,85.09,77.19,70.41,64.6,59.71,55.6,52.21,49.44,47.2,45.42,44,42.88,42,41.3,40.75,40.32,39.98,39.71,39.49,39.31,39.17,39.05,38.95,38.87,38.81,38.75,38.7,38.66,38.62,38.59,38.57,38.54,38.52,38.5,38.49,38.47,38.46,38.44,38.43,38.42,38.42,38.41,38.4,38.4,38.4,38.4,38.4,38.41,38.43,38.46,38.5,,,,,,,,,,,,,,,,,,,,,,,,,,,,,,,,,,,,,,,,,,,,,,,,,,,
E498x561.csv,710,88,MangoMz,Phase,4,-51.32,-48.77,-45.95,-42.87,-39.63,-36.25,-32.83,-29.45,-26.18,-23.09,-20.23,-17.62,-15.27,-13.18,-11.34,-9.74,-8.35,-7.14,-6.11,-5.22,-4.46,-3.81,-3.26,-2.78,-2.38,-2.03,-1.74,-1.49,-1.28,-1.1,-0.94,-0.81,-0.69,-0.6,-0.51,-0.44,-0.37,-0.32,-0.27,-0.22,-0.18,-0.14,-0.1,-0.05,-0.01,0.03,0.08,0.14,0.2,0.27,0.35,,,,,,,,,,,,,,,,,,,,,,,,,,,,,,,,,,,,,,,,,,,,,,,,,,,
E498x562.csv,711,88,MangoMz,Impedance,6,85.66,77.64,70.77,64.88,59.92,55.77,52.33,49.53,47.28,45.48,44.05,42.92,42.04,41.35,40.8,40.37,40.03,39.76,39.54,39.36,39.22,39.1,39.01,38.93,38.86,38.8,38.76,38.71,38.68,38.65,38.62,38.6,38.58,38.56,38.54,38.53,38.52,38.5,38.49,38.48,38.47,38.47,38.46,38.46,38.46,38.46,38.46,38.47,38.49,38.52,38.56,,,,,,,,,,,,,,,,,,,,,,,,,,,,,,,,,,,,,,,,,,,,,,,,,,,
E498x562.csv,712,88,MangoMz,Phase,6,-51.58,-49.05,-46.22,-43.13,-39.87,-36.48,-33.03,-29.62,-26.33,-23.22,-20.33,-17.69,-15.33,-13.23,-11.38,-9.76,-8.36,-7.16,-6.12,-5.23,-4.46,-3.81,-3.25,-2.78,-2.37,-2.03,-1.74,-1.49,-1.27,-1.09,-0.94,-0.8,-0.69,-0.59,-0.51,-0.43,-0.37,-0.31,-0.26,-0.22,-0.17,-0.13,-0.09,-0.05,0,0.04,0.09,0.15,0.21,0.29,0.37,,,,,,,,,,,,,,,,,,,,,,,,,,,,,,,,,,,,,,,,,,,,,,,,,,,
E498x563.csv,713,89,MangoMz,Impedance,0,70.35,63.25,57.1,51.79,47.28,43.47,40.3,37.7,35.59,33.9,32.55,31.48,30.63,29.97,29.44,29.03,28.7,28.44,28.23,28.06,27.92,27.81,27.71,27.64,27.57,27.52,27.47,27.43,27.4,27.37,27.35,27.33,27.31,27.29,27.28,27.27,27.26,27.25,27.24,27.23,27.22,27.22,27.21,27.21,27.21,27.21,27.22,27.22,27.24,27.26,27.3,,,,,,,,,,,,,,,,,,,,,,,,,,,,,,,,,,,,,,,,,,,,,,,,,,,
E498x563.csv,714,89,MangoMz,Phase,0,-54.29,-52.1,-49.58,-46.75,-43.67,-40.37,-36.94,-33.46,-30.02,-26.7,-23.56,-20.66,-18.01,-15.63,-13.51,-11.65,-10.03,-8.61,-7.39,-6.33,-5.42,-4.64,-3.98,-3.4,-2.91,-2.49,-2.14,-1.83,-1.56,-1.34,-1.14,-0.98,-0.83,-0.71,-0.6,-0.5,-0.41,-0.33,-0.26,-0.19,-0.12,-0.05,0.03,0.11,0.19,0.28,0.39,0.51,0.66,0.82,1.02,,,,,,,,,,,,,,,,,,,,,,,,,,,,,,,,,,,,,,,,,,,,,,,,,,,
E498x564.csv,715,89,MangoMz,Impedance,2,84.88,77.2,70.67,65.08,60.35,56.38,53.08,50.37,48.16,46.38,44.95,43.81,42.9,42.18,41.6,41.13,40.76,40.46,40.22,40.02,39.86,39.73,39.62,39.52,39.45,39.38,39.33,39.28,39.24,39.21,39.17,39.15,39.13,39.1,39.09,39.07,39.06,39.04,39.03,39.02,39.01,39.01,39,38.99,38.99,38.99,39,39.01,39.03,39.06,39.1,,,,,,,,,,,,,,,,,,,,,,,,,,,,,,,,,,,,,,,,,,,,,,,,,,,
E498x564.csv,716,89,MangoMz,Phase,2,-49.84,-47.25,-44.45,-41.44,-38.29,-35.04,-31.77,-28.54,-25.44,-22.51,-19.78,-17.29,-15.05,-13.05,-11.27,-9.71,-8.36,-7.18,-6.17,-5.29,-4.53,-3.88,-3.33,-2.85,-2.44,-2.09,-1.79,-1.54,-1.32,-1.13,-0.97,-0.84,-0.72,-0.62,-0.53,-0.45,-0.38,-0.32,-0.27,-0.22,-0.18,-0.13,-0.09,-0.05,0,0.04,0.09,0.15,0.22,0.3,0.39,,,,,,,,,,,,,,,,,,,,,,,,,,,,,,,,,,,,,,,,,,,,,,,,,,,
E498x565.csv,717,89,MangoMz,Impedance,4,85.98,78.13,71.42,65.67,60.81,56.71,53.33,50.54,48.28,46.46,45,43.84,42.92,42.18,41.6,41.13,40.76,40.46,40.22,40.03,39.87,39.74,39.63,39.54,39.46,39.4,39.35,39.3,39.26,39.23,39.2,39.17,39.15,39.13,39.11,39.1,39.08,39.07,39.06,39.05,39.04,39.04,39.03,39.03,39.02,39.03,39.03,39.04,39.06,39.09,39.14,,,,,,,,,,,,,,,,,,,,,,,,,,,,,,,,,,,,,,,,,,,,,,,,,,,
E498x565.csv,718,89,MangoMz,Phase,4,-50.37,-47.82,-45.03,-42.02,-38.86,-35.58,-32.27,-29.01,-25.85,-22.86,-20.09,-17.55,-15.26,-13.22,-11.41,-9.82,-8.45,-7.25,-6.22,-5.32,-4.56,-3.9,-3.34,-2.86,-2.45,-2.09,-1.79,-1.54,-1.32,-1.13,-0.97,-0.83,-0.71,-0.61,-0.52,-0.45,-0.38,-0.32,-0.27,-0.22,-0.17,-0.13,-0.08,-0.04,0,0.05,0.1,0.16,0.23,0.31,0.4,,,,,,,,,,,,,,,,,,,,,,,,,,,,,,,,,,,,,,,,,,,,,,,,,,,
E498x566.csv,719,89,MangoMz,Impedance,6,86.69,78.73,71.91,66.05,61.11,56.95,53.5,50.67,48.38,46.53,45.06,43.88,42.95,42.21,41.63,41.16,40.79,40.49,40.25,40.06,39.9,39.77,39.66,39.57,39.49,39.43,39.38,39.33,39.3,39.26,39.23,39.21,39.19,39.17,39.15,39.13,39.12,39.11,39.1,39.09,39.08,39.07,39.07,39.06,39.06,39.06,39.07,39.08,39.1,39.13,39.18,,,,,,,,,,,,,,,,,,,,,,,,,,,,,,,,,,,,,,,,,,,,,,,,,,,
E498x566.csv,720,89,MangoMz,Phase,6,-50.66,-48.16,-45.38,-42.37,-39.19,-35.89,-32.56,-29.26,-26.08,-23.06,-20.25,-17.69,-15.38,-13.31,-11.48,-9.88,-8.49,-7.29,-6.24,-5.35,-4.58,-3.91,-3.35,-2.86,-2.45,-2.1,-1.79,-1.54,-1.32,-1.13,-0.97,-0.83,-0.71,-0.61,-0.52,-0.44,-0.38,-0.32,-0.26,-0.21,-0.17,-0.12,-0.08,-0.04,0.01,0.05,0.11,0.17,0.23,0.31,0.4,,,,,,,,,,,,,,,,,,,,,,,,,,,,,,,,,,,,,,,,,,,,,,,,,,,
E498x567.csv,721,90,MangoMz,Impedance,0,79.99,71.87,64.82,58.69,53.46,49.02,45.32,42.27,39.78,37.79,36.19,34.93,33.94,33.15,32.54,32.05,31.67,31.37,31.13,30.94,30.78,30.66,30.56,30.47,30.41,30.35,30.3,30.26,30.23,30.2,30.17,30.15,30.13,30.11,30.1,30.08,30.07,30.06,30.05,30.04,30.03,30.03,30.02,30.02,30.02,30.02,30.03,30.04,30.05,30.08,30.12,,,,,,,,,,,,,,,,,,,,,,,,,,,,,,,,,,,,,,,,,,,,,,,,,,,
E498x567.csv,722,90,MangoMz,Phase,0,-55.6,-53.51,-51.08,-48.32,-45.28,-41.99,-38.53,-35,-31.48,-28.05,-24.79,-21.75,-18.98,-16.47,-14.23,-12.26,-10.54,-9.04,-7.74,-6.62,-5.66,-4.84,-4.14,-3.53,-3.02,-2.58,-2.21,-1.89,-1.61,-1.38,-1.18,-1.01,-0.86,-0.73,-0.62,-0.52,-0.43,-0.36,-0.28,-0.21,-0.15,-0.08,-0.02,0.05,0.13,0.21,0.3,0.41,0.53,0.67,0.84,,,,,,,,,,,,,,,,,,,,,,,,,,,,,,,,,,,,,,,,,,,,,,,,,,,
E498x568.csv,723,90,MangoMz,Impedance,2,87.15,79.06,72.12,66.18,61.16,56.95,53.48,50.63,48.33,46.48,45.01,43.85,42.93,42.21,41.64,41.19,40.83,40.54,40.31,40.13,39.98,39.86,39.75,39.67,39.6,39.54,39.49,39.45,39.41,39.38,39.35,39.32,39.3,39.28,39.26,39.25,39.24,39.22,39.21,39.2,39.19,39.19,39.18,39.17,39.17,39.17,39.18,39.19,39.21,39.24,39.28,,,,,,,,,,,,,,,,,,,,,,,,,,,,,,,,,,,,,,,,,,,,,,,,,,,
E498x568.csv,724,90,MangoMz,Phase,2,-50.64,-48.12,-45.33,-42.31,-39.12,-35.81,-32.46,-29.14,-25.94,-22.9,-20.09,-17.52,-15.2,-13.13,-11.31,-9.72,-8.34,-7.14,-6.11,-5.23,-4.47,-3.82,-3.27,-2.79,-2.39,-2.04,-1.75,-1.5,-1.29,-1.1,-0.95,-0.81,-0.7,-0.6,-0.52,-0.44,-0.38,-0.32,-0.27,-0.22,-0.18,-0.14,-0.1,-0.06,-0.01,0.03,0.08,0.13,0.2,0.27,0.35,,,,,,,,,,,,,,,,,,,,,,,,,,,,,,,,,,,,,,,,,,,,,,,,,,,
E498x569.csv,725,90,MangoMz,Impedance,4,88,79.78,72.74,66.69,61.59,57.3,53.77,50.88,48.54,46.67,45.18,44.01,43.09,42.36,41.78,41.33,40.97,40.69,40.46,40.28,40.13,40.01,39.91,39.82,39.75,39.69,39.65,39.6,39.57,39.53,39.51,39.48,39.46,39.44,39.43,39.41,39.4,39.38,39.37,39.36,39.36,39.35,39.34,39.34,39.34,39.34,39.34,39.35,39.37,39.4,39.45,,,,,,,,,,,,,,,,,,,,,,,,,,,,,,,,,,,,,,,,,,,,,,,,,,,
E498x569.csv,726,90,MangoMz,Phase,4,-50.91,-48.4,-45.62,-42.6,-39.41,-36.08,-32.7,-29.37,-26.13,-23.07,-20.23,-17.63,-15.29,-13.2,-11.36,-9.76,-8.37,-7.16,-6.12,-5.23,-4.47,-3.82,-3.26,-2.79,-2.38,-2.04,-1.74,-1.49,-1.28,-1.1,-0.94,-0.81,-0.69,-0.6,-0.51,-0.44,-0.37,-0.32,-0.26,-0.22,-0.17,-0.13,-0.09,-0.05,-0.01,0.03,0.08,0.14,0.2,0.27,0.35,,,,,,,,,,,,,,,,,,,,,,,,,,,,,,,,,,,,,,,,,,,,,,,,,,,
E498x570.csv,727,90,MangoMz,Impedance,6,88.54,80.26,73.13,67.02,61.87,57.54,53.97,51.05,48.7,46.82,45.32,44.14,43.21,42.48,41.9,41.45,41.09,40.81,40.58,40.4,40.25,40.13,40.03,39.94,39.88,39.82,39.77,39.72,39.69,39.66,39.63,39.61,39.59,39.57,39.55,39.54,39.52,39.51,39.5,39.49,39.48,39.47,39.47,39.46,39.46,39.46,39.47,39.48,39.5,39.53,39.58,,,,,,,,,,,,,,,,,,,,,,,,,,,,,,,,,,,,,,,,,,,,,,,,,,,
E498x570.csv,728,90,MangoMz,Phase,6,-51.07,-48.57,-45.79,-42.77,-39.56,-36.22,-32.83,-29.48,-26.23,-23.15,-20.29,-17.68,-15.33,-13.24,-11.39,-9.78,-8.38,-7.17,-6.13,-5.24,-4.47,-3.82,-3.26,-2.79,-2.38,-2.03,-1.74,-1.49,-1.28,-1.09,-0.94,-0.81,-0.69,-0.59,-0.51,-0.43,-0.37,-0.31,-0.26,-0.22,-0.17,-0.13,-0.09,-0.05,-0.01,0.04,0.08,0.14,0.2,0.27,0.35,,,,,,,,,,,,,,,,,,,,,,,,,,,,,,,,,,,,,,,,,,,,,,,,,,,
